market,fold,seed,initial_value,final_value,total_return,annualized_return,annualized_volatility,sharpe_ratio,sortino_ratio,maximum_drawdown,calmar_ratio,trade_count,total_transaction_cost
btc_usd,2016,0,10000.0,13541.069304597091,0.3541069304597091,0.3541069304597091,0.3516076983764009,1.03923656861357,1.5616151004269898,-0.2202030159285957,1.608093008928333,119,1220.212887869352
btc_usd,2016,1,10000.0,14125.96801780538,0.41259680178053815,0.41259680178053815,0.3202021454390121,1.2360877314465224,2.1229711837430982,-0.254285087308344,1.6225756930850872,116,1315.3930952339208
btc_usd,2016,2,10000.0,12452.445425781376,0.24524454257813755,0.24524454257813755,0.3222146942361928,0.8406051586069473,1.2902828060400586,-0.14803946023049497,1.656616027890779,126,1471.399964647807
btc_usd,2016,3,10000.0,12493.504037057492,0.24935040370574924,0.24935040370574924,0.34893823119010603,0.8146983630942497,1.1514903935515612,-0.348329715005803,0.7158459154183707,115,1028.169520735285
btc_usd,2016,4,10000.0,10757.297983830269,0.07572979838302696,0.07572979838302696,0.35758882092753014,0.38076724701360853,0.5905154136258735,-0.34438694779654,0.2198974115237587,125,1243.9744286752245
btc_usd,2016,5,10000.0,14578.418993745016,0.4578418993745015,0.4578418993745015,0.3572412099961757,1.2348499177751397,1.8987888335111107,-0.23821465516070883,1.9219720090924868,132,1555.130849127066
btc_usd,2016,6,10000.0,18039.30644835907,0.8039306448359071,0.8039306448359071,0.2891663374425201,2.1827765187247654,4.211665645963708,-0.14457949303860362,5.560474918951699,116,1461.8585074634657
btc_usd,2016,7,10000.0,11126.642311387726,0.11266423113877266,0.11266423113877266,0.32300389244213773,0.49169788726223174,0.7225699664153723,-0.27820287147641387,0.40497148911823644,126,1356.2236930377928
btc_usd,2016,8,10000.0,12845.384916043084,0.28453849160430833,0.28453849160430833,0.36147877305418585,0.8758182972182175,1.2509510891002307,-0.22826837679727396,1.2465085860623089,113,1103.346987390227
btc_usd,2016,9,10000.0,10616.336320129914,0.061633632012991546,0.061633632012991546,0.3050879793008657,0.34974326428681435,0.48538394313035754,-0.3889633151732518,0.15845615668289625,123,1212.7978209743487
btc_usd,2016,10,10000.0,12965.932869895145,0.2965932869895145,0.2965932869895145,0.30909641906052804,0.9937838730476755,1.5324165658337512,-0.2735640992300187,1.0841820539475553,119,1361.2719077345405
btc_usd,2016,11,10000.0,13266.283162444357,0.32662831624443567,0.32662831624443567,0.34141754499489113,1.000821237960404,1.448176286054445,-0.23714829504720614,1.3773167383700475,132,1389.4107502193037
btc_usd,2016,12,10000.0,12277.296466204516,0.2277296466204517,0.2277296466204517,0.28492174100499956,0.8614325328097494,1.3384620787028219,-0.17228520387477364,1.321817785269466,122,1327.957883907087
btc_usd,2016,13,10000.0,12401.942365124243,0.24019423651242433,0.24019423651242433,0.375743026206312,0.7644716060649045,1.031720181070842,-0.3262963856808152,0.7361228841418537,130,1293.5496651969574
btc_usd,2016,14,10000.0,15114.444511663196,0.5114444511663196,0.5114444511663196,0.3037166533340927,1.5112167474769942,2.483317378414511,-0.21325047291139687,2.3983273949353396,127,1325.2242596796536
btc_usd,2016,15,10000.0,26612.31453855396,1.6612314538553963,1.6612314538553963,0.36389684892060387,2.8714013941988203,5.484510304466102,-0.19688788048694006,8.437449017922608,112,1860.5875465050199
btc_usd,2016,16,10000.0,10977.79029107345,0.09777902910734504,0.09777902910734504,0.29018002420774575,0.4669034577992319,0.6708276454219622,-0.2192951947491848,0.44587857576714424,131,1279.6041977973453
btc_usd,2016,17,10000.0,15711.855514181241,0.5711855514181241,0.5711855514181241,0.3949449120525235,1.3443473620772834,1.9521347476778659,-0.2220934131622062,2.5718257164203155,123,1313.3468732965391
btc_usd,2016,18,10000.0,8397.025073032806,-0.16029749269671933,-0.16029749269671933,0.32904875558808144,-0.3606063638005369,-0.4424545816287723,-0.3682243139676331,-0.43532566051792404,119,1005.7774822741678
btc_usd,2016,19,10000.0,16134.724505805687,0.6134724505805687,0.6134724505805687,0.35742352578326236,1.5142635888774232,2.6805193305776807,-0.24430834948707258,2.5110580619473675,126,1506.1703259461779
btc_usd,2016,20,10000.0,9971.047337732918,-0.002895266226708215,-0.002895266226708215,0.37729078596081855,0.18474707169013538,0.24427841162578845,-0.26282477998911113,-0.011015956055696751,111,996.7339226520703
btc_usd,2016,21,10000.0,9161.627893115414,-0.08383721068845862,-0.08383721068845862,0.37536180486036996,-0.04155807887939843,-0.05377724190860974,-0.3698982612379933,-0.22664937760958434,121,988.4406958129707
btc_usd,2016,22,10000.0,12528.26938435217,0.2528269384352171,0.2528269384352171,0.27323225124103734,0.9617307107566611,1.424635703422602,-0.14518973878453023,1.7413554191348641,133,1365.4390000755309
btc_usd,2016,23,10000.0,10672.706341113146,0.06727063411131451,0.06727063411131451,0.3266291663682696,0.3657535970588656,0.49487334983016523,-0.23447555252852958,0.2868982859231323,126,1105.0689554913404
btc_usd,2016,24,10000.0,15834.068016099896,0.5834068016099896,0.5834068016099896,0.3206131327046985,1.590773245528784,2.9335788930481854,-0.17073241222422875,3.4170828726052402,128,1649.0052318949577
btc_usd,2016,25,10000.0,18188.92995137255,0.818892995137255,0.818892995137255,0.28619654959771845,2.230962136553542,4.595121250118005,-0.08934290535697631,9.165730528521614,117,1609.9811368860576
btc_usd,2016,26,10000.0,9899.396505117937,-0.010060349488206333,-0.010060349488206333,0.3253444607491479,0.13409313667151881,0.18398084354683406,-0.2247045475579995,-0.04477145477267037,123,1115.1251235188013
btc_usd,2016,27,10000.0,13555.608535415706,0.35556085354157063,0.35556085354157063,0.29277202208488773,1.1819902527539965,2.134706747753688,-0.18851289157081164,1.8861354816575517,108,1215.046748059763
btc_usd,2016,28,10000.0,13198.644606948972,0.31986446069489727,0.31986446069489727,0.3210668895172003,1.0257834935318622,1.4970561867331635,-0.22209341316220632,1.4402248861891447,120,1232.535276736976
btc_usd,2016,29,10000.0,13162.023920686906,0.3162023920686907,0.3162023920686907,0.4077766392200751,0.8792508237754814,1.276181454786281,-0.23093286826491832,1.3692394436722368,129,1311.8194296777367
btc_usd,2017,0,10000.0,27763.33604331788,1.7763336043317879,1.7841330030552913,0.6058307119617063,1.9886136706525643,3.2205182938214847,-0.33691979926476057,5.295423441865677,118,1954.8324603667354
btc_usd,2017,1,10000.0,18330.623226476528,0.8330623226476528,0.8361165503100587,0.6280468857808965,1.2840837454726177,1.8710903904719585,-0.46362010696990064,1.8034518730749127,115,1400.5895476169565
btc_usd,2017,2,10000.0,70730.55298128298,6.073055298128298,6.11117127310331,0.6745080676524654,3.2542311626042686,5.135898867491035,-0.32442993520809715,18.836644248575453,126,2827.062656639569
btc_usd,2017,3,10000.0,42064.56603118658,3.2064566031186583,3.2230912826319855,0.6849082095503722,2.4454719068584647,3.970169407297778,-0.3529677837861108,9.131403574738407,115,2522.9257938654496
btc_usd,2017,4,10000.0,25524.939806212853,1.5524939806212852,1.5590735116247911,0.70471790067446,1.6835285992131674,2.6233147279250955,-0.3251190655700389,4.7953924476598475,125,1804.1807174742532
btc_usd,2017,5,10000.0,41896.74297508394,3.189674297508394,3.206196415560565,0.5992781120669239,2.6912018234651183,4.961272907801198,-0.2274998353642358,14.093181256273544,132,2181.393900757477
btc_usd,2017,6,10000.0,57355.89718127264,4.7355897181272635,4.763178662899941,0.606491192765738,3.186590060681147,6.072247893224932,-0.23587574317471793,20.19359260427113,115,2601.8999835154113
btc_usd,2017,7,10000.0,25268.900743305792,1.5268900743305793,1.533333440615456,0.6252072487653133,1.7995526311464687,2.7588387036709885,-0.32354307911344815,4.739194065955598,126,1563.9478246029137
btc_usd,2017,8,10000.0,51224.209362792266,4.122420936279227,4.1454619586470365,0.6174300490458351,2.960101252012384,5.272389016968901,-0.31450229026601173,13.181023117957995,112,2902.966927042361
btc_usd,2017,9,10000.0,10131.084628757004,0.013108462875700333,0.013144710792843739,0.5891800688632283,0.3205773725035571,0.4376806830908281,-0.3759892977196634,0.03496033230883183,122,1458.7046361638043
btc_usd,2017,10,10000.0,84394.9807996103,7.43949807996103,7.48909599424073,0.7440997534243973,3.2388431188623423,6.191866691588671,-0.22677132177267134,33.02488134609998,119,3636.926009082731
btc_usd,2017,11,10000.0,29277.992826620786,1.9277992826620785,1.9364526813087903,0.8055313737861011,1.7301073615885028,2.906155111764443,-0.357261703594575,5.420263806126561,132,1896.9074186755715
btc_usd,2017,12,10000.0,46549.307333354984,3.6549307333354983,3.6746397681065037,0.6419624772856389,2.7181382271134167,4.876951781597635,-0.28571066676126566,12.861402095207604,121,2003.2445148831014
btc_usd,2017,13,10000.0,37134.86935223067,2.713486935223067,2.7268956686619017,0.7585275088244162,2.10233539387444,3.7617465546470266,-0.3745576132375391,7.280310350900659,130,2001.3993763776634
btc_usd,2017,14,10000.0,19795.752742730474,0.9795752742730475,0.983292542886191,0.6846917306304217,1.3390920558660604,2.0494742134541872,-0.386228338878134,2.5458839859921505,126,1716.9755586717247
btc_usd,2017,15,10000.0,20904.73352372984,1.090473352372984,1.0947125218131077,0.7544245233926331,1.3507712461539736,2.144919611556952,-0.31350460691718207,3.491854657505227,112,1239.8297966007226
btc_usd,2017,16,10000.0,62901.59791272279,5.290159791272279,5.322019100422395,0.6326318620586266,3.235077103177864,5.407726936760002,-0.25169603537239726,21.144628251884036,131,2799.772865177482
btc_usd,2017,17,10000.0,32133.423306975645,2.2133423306975644,2.2236637394115437,0.6896216110433582,2.0376566545239414,3.317341104825986,-0.3667626839760778,6.062949794414153,123,2115.8624743108817
btc_usd,2017,18,10000.0,42570.02290255474,3.257002290255474,3.273977103131955,0.5712743547311903,2.8251142287998725,5.24280127918894,-0.2905823582851439,11.266950693266976,119,2528.3807586322573
btc_usd,2017,19,10000.0,80572.24254728912,7.0572242547289115,7.103543577045011,0.6628359634356594,3.4860599166467483,6.4150970633582585,-0.3245641995842279,21.886405173906326,125,2222.0092358303477
btc_usd,2017,20,10000.0,31081.127947569938,2.1081127947569938,2.117810994978064,0.6833802873860653,1.9999754122632436,3.2891084481114494,-0.3815403261388127,5.550687174827119,110,1370.8386421149303
btc_usd,2017,21,10000.0,35392.80277666457,2.5392802776664567,2.5515911420538626,0.6484076061216432,2.2850116617756493,3.426755939936504,-0.3335489017989681,7.649826242245347,121,2008.011145603897
btc_usd,2017,22,10000.0,15202.624516829128,0.5202624516829129,0.5220129424236621,0.6585692715738135,0.9693744259636821,1.3880719338889747,-0.412036442969432,1.2669096419279327,132,1480.2734912644087
btc_usd,2017,23,10000.0,27454.294160025973,1.7454294160025974,1.7530573341223343,0.6968740409581968,1.7967258966169941,2.9077527742770717,-0.3264598371930667,5.369902004471028,125,1709.968452615091
btc_usd,2017,24,10000.0,73811.00112683765,6.381100112683765,6.421745262682421,0.7782389022367038,2.959703811107293,5.256148075099887,-0.35911866429159234,17.88195908823101,128,3516.289923756141
btc_usd,2017,25,10000.0,98580.84694053899,8.858084694053899,8.920252909265482,0.713032268550554,3.5723592849834636,6.746592641185907,-0.29244118601546054,30.50272443086691,117,3351.282528299835
btc_usd,2017,26,10000.0,14294.770425871247,0.4294770425871248,0.43088093081436574,0.6279212670362532,0.8867882595980443,1.2733565933617177,-0.3438868504868936,1.25297297702515,122,1364.4603543388992
btc_usd,2017,27,10000.0,29414.96818282854,1.9414968182828538,1.9502285315477468,0.6481513475082402,1.979085852940728,3.7252118530701455,-0.29996690583828656,6.501478975147756,108,1703.6301025801874
btc_usd,2017,28,10000.0,33005.70741549927,2.3005707415499272,2.3114159831552916,0.6347559794440225,2.1983700963674164,3.7249451388774077,-0.23896850452300034,9.672471222804266,120,2661.8012165599284
btc_usd,2017,29,10000.0,31936.653000576323,2.1936653000576323,2.2038694406389956,0.693397070825306,2.0259953018792967,3.128101759940052,-0.3354996182499749,6.568917878758751,129,2512.3918213466945
btc_usd,2018,0,10000.0,8764.538896680166,-0.12354611033198348,-0.12386357757902011,0.5399489715385901,0.024065527174969847,0.03483877355760935,-0.5712867201394416,-0.21681508288655313,118,1383.2137524822003
btc_usd,2018,1,10000.0,12697.23030600064,0.269723030600064,0.27055629379862856,0.5284079191007345,0.717345514714569,1.0736581575762065,-0.32496536803369414,0.8325696225284408,115,1367.6241873657114
btc_usd,2018,2,10000.0,3673.175811916903,-0.6326824188083098,-0.633691686322194,0.5444763655850653,-1.5686531341802048,-2.047349376006432,-0.6404924191180129,-0.9893820245285903,126,813.509237670529
btc_usd,2018,3,10000.0,2564.226201586116,-0.7435773798413884,-0.7445343063516199,0.50046512572222,-2.4650755408279794,-2.9199026273122652,-0.7435773798413884,-1.001286922566735,115,476.2486589265292
btc_usd,2018,4,10000.0,6545.0491795295475,-0.34549508204704527,-0.3462568061527228,0.5860067477011432,-0.4282402975053224,-0.5765636882311058,-0.6174097793904776,-0.5608217066055484,125,750.8085199899102
btc_usd,2018,5,10000.0,2096.6647724170243,-0.7903335227582976,-0.7912314537501751,0.5139811634591361,-2.776476956843264,-3.2476008042728726,-0.7909007935109547,-1.0004180805505993,132,625.3693167166599
btc_usd,2018,6,10000.0,3357.481734024092,-0.6642518265975907,-0.6652570043625778,0.5623293700874468,-1.6606582206246687,-2.1619636911499542,-0.7642946930590039,-0.8704194997088901,115,734.9529005847938
btc_usd,2018,7,10000.0,3495.023642579112,-0.6504976357420889,-0.6515055548531278,0.5665243706936628,-1.568065703272808,-1.9420619176631837,-0.692195492991034,-0.9412161180621365,126,826.7347343528634
btc_usd,2018,8,10000.0,3569.8108344992525,-0.6430189165500748,-0.6440276983849129,0.5772777198208272,-1.4918177758965865,-1.875822860310819,-0.6642066449872851,-0.9696194749711388,112,552.18971556994
btc_usd,2018,9,10000.0,2880.432116536635,-0.7119567883463365,-0.7129400280058199,0.48201829895920334,-2.339575727074444,-2.824849463995249,-0.7553659451155408,-0.9438339557348837,122,631.2198448338966
btc_usd,2018,10,10000.0,3534.5601453640074,-0.6465439854635993,-0.647552414835744,0.5587590346599316,-1.5802345471507233,-2.0291142478323367,-0.6697449125161237,-0.9668642534409018,119,725.1768892821135
btc_usd,2018,11,10000.0,2556.3127805644913,-0.7443687219435509,-0.7453248578458471,0.563889901958141,-2.1313224623660565,-2.57883250871187,-0.7832420820294935,-0.9515893935558245,132,624.7272687847384
btc_usd,2018,12,10000.0,2999.6998634456872,-0.7000300136554313,-0.7010206427604259,0.5099844991130819,-2.1010327764941334,-2.518059342358899,-0.7757273314702379,-0.9036946544500112,121,644.0054587950506
btc_usd,2018,13,10000.0,3265.8016416684673,-0.6734198358331533,-0.6744223304840049,0.5417461377953676,-1.7955448025393936,-2.3349357545841776,-0.7052310896841546,-0.9563139520494655,130,746.0465743229776
btc_usd,2018,14,10000.0,7892.2005088231435,-0.2107799491176856,-0.21129301402326195,0.5085453150882031,-0.2122256969858466,-0.29602630849288086,-0.4402030261564831,-0.47998991708010574,126,1372.774501886764
btc_usd,2018,15,10000.0,3589.8676071307896,-0.641013239286921,-0.6420221789228115,0.6149289001599753,-1.3549017322827654,-1.7304207029808747,-0.6813400506438938,-0.9422933208110615,112,621.6275706049634
btc_usd,2018,16,10000.0,4025.0574229433278,-0.5974942577056672,-0.5984993159245623,0.6011640751662198,-1.2117818594029752,-1.5788244460420449,-0.6815948798550965,-0.8780865784258828,131,966.6580980529923
btc_usd,2018,17,10000.0,2997.0130276866485,-0.7002986972313352,-0.7012891744018677,0.6131857128211455,-1.6550445504678928,-2.079402770600424,-0.7333454232265437,-0.9562876540721612,123,756.0997697370339
btc_usd,2018,18,10000.0,5552.39466576208,-0.44476053342379196,-0.4456572765014457,0.5081315803959077,-0.9053088148080799,-1.2156667069863516,-0.6078260528117875,-0.7331987078208424,119,875.7212416790388
btc_usd,2018,19,10000.0,3390.72345959613,-0.660927654040387,-0.6619336338099897,0.5815420505876703,-1.5697164507141925,-2.05294591221949,-0.7306643813367094,-0.9059339016896093,125,1064.2034792932457
btc_usd,2018,20,10000.0,1560.5106026787198,-0.843948939732128,-0.844743274041228,0.6032744368821688,-2.7724195636599855,-3.35331074751437,-0.8683420092100452,-0.9728232252746982,110,398.86772788823436
btc_usd,2018,21,10000.0,8350.312351783106,-0.16496876482168932,-0.16538224638432586,0.5471658146910018,-0.057110892774449695,-0.08096756452052514,-0.40232449206760723,-0.4110668121008521,121,1140.0755405114505
btc_usd,2018,22,10000.0,7052.374387941202,-0.29476256120587974,-0.2954388398769816,0.578532437029926,-0.3143606312759045,-0.4365935072126389,-0.4519817913288299,-0.6536520840992049,132,1052.8947443676648
btc_usd,2018,23,10000.0,2669.513553644866,-0.7330486446355133,-0.7340154601713154,0.6045301486247175,-1.877155988665447,-2.3102412074870404,-0.8136405601830112,-0.9021372533422057,125,462.31064794532546
btc_usd,2018,24,10000.0,5252.906484235138,-0.4747093515764862,-0.4756376073205447,0.6175744128694827,-0.733752777394836,-1.0052054641265316,-0.5829278264056974,-0.8159459641055419,128,992.9533042015886
btc_usd,2018,25,10000.0,4112.019875297894,-0.5887980124702106,-0.5898006978030607,0.5955516311228585,-1.1930149158987897,-1.5556848728544754,-0.6616481728233303,-0.8914113603402122,117,740.7383259303035
btc_usd,2018,26,10000.0,5664.820223844417,-0.4335179776155582,-0.4344017308361311,0.4508777017794819,-1.0373787560595071,-1.4048725590186544,-0.647462517883912,-0.6709295423862945,122,873.5927932221595
btc_usd,2018,27,10000.0,6793.101546246851,-0.32068984537531486,-0.3214110939051086,0.45858830994871086,-0.6141430283987331,-0.8291888762134206,-0.34296165062580886,-0.9371633630717121,108,904.710703809714
btc_usd,2018,28,10000.0,6157.629993287019,-0.38423700067129807,-0.38505672722234907,0.5225415342607438,-0.6698218002282941,-0.954545772384657,-0.6096948182526769,-0.6315565028515124,120,1076.7726487846337
btc_usd,2018,29,10000.0,5809.932268610986,-0.41900677313890133,-0.4198728542271548,0.589437434067742,-0.6267750037634394,-0.8601197293661786,-0.5457663320879154,-0.7693271452287371,129,854.1460455350092
btc_usd,2019,0,10000.0,16659.18012600804,0.665918012600804,0.6682554891914685,0.42344230250921605,1.4160453091712906,2.4105291864242915,-0.30630837535150435,2.1816428898642144,118,1884.4020087548977
btc_usd,2019,1,10000.0,11421.082950036327,0.14210829500363276,0.14252529063922426,0.4666757628930936,0.5172822288629946,0.7828704246156233,-0.3324819528441938,0.4286707576757221,115,1319.5767825901885
btc_usd,2019,2,10000.0,16745.83866216581,0.6745838662165811,0.6769574047725495,0.5293276216098679,1.237398112167085,2.0061349405163145,-0.26695157738996367,2.535880894172984,126,1895.2444650455302
btc_usd,2019,3,10000.0,11428.11756695973,0.142811756695973,0.1432309430623333,0.48148893258116027,0.5155062213912273,0.7945160544276949,-0.29797306217584385,0.48068420016373137,115,1181.1199074417646
btc_usd,2019,4,10000.0,8124.255054612033,-0.1875744945387967,-0.18803800514224434,0.5081778672450337,-0.15439672008184305,-0.214341517053548,-0.4760483901592827,-0.39499767046650036,125,1285.2160137985484
btc_usd,2019,5,10000.0,17496.5772848799,0.74965772848799,0.7523487899565464,0.5060080860519046,1.355451374299238,2.392147255491524,-0.25077324892918373,3.0001158144623448,132,2193.9222909675727
btc_usd,2019,6,10000.0,9990.678312510396,-0.0009321687489604047,-0.0009347284548697488,0.47834705024145774,0.23303911179227754,0.3602949731767634,-0.39333851578700185,-0.002376396964328601,115,1265.2995318024407
btc_usd,2019,7,10000.0,21987.603561349504,1.1987603561349505,1.2035248225123958,0.5112912254926644,1.7956343307569214,3.2065588582551685,-0.3949150049879224,3.0475540491281228,126,2475.1843899367495
btc_usd,2019,8,10000.0,11813.181937532228,0.1813181937532229,0.18185909817501456,0.4830055721117475,0.5860646362936204,0.8587191570774643,-0.3559078585093338,0.5109724155479562,112,1353.3746874604137
btc_usd,2019,9,10000.0,11092.251196451145,0.10922511964511461,0.10954105512611689,0.39748995177131635,0.45610037095281036,0.7410469947151785,-0.42886568211653864,0.2554204257741251,122,1628.1398666028917
btc_usd,2019,10,10000.0,9581.777836083525,-0.041822216391647404,-0.04193466917177924,0.5229066091197809,0.1774057926275682,0.2641186972475085,-0.5077182757709133,-0.08259436615336752,119,1523.9300527414127
btc_usd,2019,11,10000.0,10384.52492685746,0.03845249268574613,0.03856014247365103,0.459360841955151,0.3072767613440168,0.48160198780764074,-0.34802282486270564,0.11079774003001938,132,1548.0149907593932
btc_usd,2019,12,10000.0,9174.26883249447,-0.08257311675055301,-0.08279030544664889,0.44119217205421607,0.022178790418421582,0.033427112349465285,-0.46815420541962127,-0.1768440921564324,121,1288.7283681904667
btc_usd,2019,13,10000.0,12475.621343622412,0.24756213436224117,0.24832046902810223,0.42862028183289025,0.7312989083689906,1.1084305642599812,-0.24798282504095936,1.0013615619835248,130,1557.1263832822306
btc_usd,2019,14,10000.0,8945.500867274164,-0.10544991327258357,-0.10572372750467629,0.5094576564266813,0.034243427532316593,0.05006314268303592,-0.3817782746341857,-0.2769244206103116,126,1308.3158184851238
btc_usd,2019,15,10000.0,15660.076954922695,0.5660076954922695,0.5679385570367297,0.4979263727414886,1.1488601824002052,1.8462788768494023,-0.311974575675511,1.820464234327384,112,1627.824537268901
btc_usd,2019,16,10000.0,12762.370777695267,0.27623707776952666,0.2770925693110995,0.5029126500699717,0.733827396556138,1.1656872316821834,-0.32623027307122365,0.8493772411201205,131,1775.1971061634897
btc_usd,2019,17,10000.0,8956.19629804231,-0.10438037019576896,-0.10465157264006841,0.4889046317835814,0.01901710556655602,0.02699554785554708,-0.5488194146743405,-0.19068489532602773,123,1337.3780159845194
btc_usd,2019,18,10000.0,11278.52112617079,0.12785211261707907,0.12822496975839837,0.4095540034923399,0.49627926644593806,0.7891320816115533,-0.4119300698551166,0.31127848909767003,119,1455.915429797003
btc_usd,2019,19,10000.0,10866.698869015929,0.08666988690159294,0.08691805173562694,0.45365961045013153,0.40802792869755516,0.6221648315412311,-0.4235062518382888,0.20523440057460035,125,1542.9997521308392
btc_usd,2019,20,10000.0,14690.85342511014,0.46908534251101397,0.4706385502952315,0.5379031552668648,0.9811168543961355,1.6152062600610064,-0.4408513408592907,1.0675674692922126,110,1732.5859870002957
btc_usd,2019,21,10000.0,9402.752812500588,-0.05972471874994112,-0.05988378384093118,0.4278324004365778,0.07073736788245868,0.09831478251689532,-0.44474370448082146,-0.13464785052064415,121,1309.7929735353105
btc_usd,2019,22,10000.0,20379.44642739282,1.0379446427392822,1.0419345266389706,0.49386804877581164,1.6874111960920941,3.050608288517175,-0.2247109985233806,4.636775829780134,132,1981.1465748181106
btc_usd,2019,23,10000.0,16139.724434785428,0.6139724434785427,0.6160963842310401,0.5047555034603967,1.200187083257965,1.9462318090244273,-0.2955628069460736,2.08448549598275,125,1920.5464167587324
btc_usd,2019,24,10000.0,9217.714607965343,-0.07822853920346573,-0.07843479530616837,0.5117126791940757,0.09391613108770815,0.14069970978551358,-0.39271938249741656,-0.1997222413810562,128,1334.8320097763687
btc_usd,2019,25,10000.0,5598.634258931906,-0.4401365741068094,-0.44102804966230424,0.46060980627571485,-1.0303630768513516,-1.4096936234667439,-0.48662906864153777,-0.906292036547401,117,1028.5366316663951
btc_usd,2019,26,10000.0,20533.024332652225,1.0533024332652223,1.0573648182782538,0.3986604143293884,2.0048320777396382,3.9231129873144073,-0.12776086757479543,8.276124280850217,122,1727.2149011186366
btc_usd,2019,27,10000.0,12391.93236543157,0.23919323654315705,0.23992355624223483,0.46364464410770007,0.6945644381669108,1.0453541703461224,-0.2592636782301433,0.9254036580830246,108,1250.4904406223438
btc_usd,2019,28,10000.0,14948.279254524756,0.49482792545247567,0.4964797644266108,0.4679350704987503,1.0942218582091663,1.7034691619555395,-0.3114308780796806,1.5941892707876733,120,1768.4240831675165
btc_usd,2019,29,10000.0,12937.85356185418,0.293785356185418,0.29470118368485565,0.45005929172241477,0.7986987880928916,1.201274824857427,-0.36771667076488557,0.8014354722396709,129,1889.8233278747023
btc_usd,2020,0,10000.0,13485.157611716604,0.3485157611716605,0.3485157611716605,0.5370579825610727,0.8670727255711762,1.0812764062324134,-0.44988582679758826,0.7746760186967704,119,1388.3423763624307
btc_usd,2020,1,10000.0,26132.55514534741,1.6132555145347411,1.6132555145347411,0.44519884349912703,2.376682279925656,4.403381543953852,-0.20148507333259535,8.006823968898722,116,1846.9276845712939
btc_usd,2020,2,10000.0,9084.255197542432,-0.09157448024575676,-0.09157448024575676,0.5894678270680811,0.1695353203226671,0.21291521764710317,-0.48167431387385196,-0.19011700978877535,126,933.2141653646811
btc_usd,2020,3,10000.0,11660.660278150148,0.16606602781501478,0.16606602781501478,0.5470658927783361,0.5960892688094374,0.7334214310756819,-0.5257670408150485,0.3158547701232428,115,915.035742386676
btc_usd,2020,4,10000.0,19001.751235091713,0.9001751235091713,0.9001751235091713,0.44306324761606825,1.6664878877768106,2.845263706794371,-0.2885082812311134,3.1201015085874575,125,1434.4984759666856
btc_usd,2020,5,10000.0,12304.93577247656,0.23049357724765596,0.23049357724765596,0.5710492292831665,0.6874087703013197,0.8802106948819999,-0.5399627833309765,0.426869377599997,132,1142.6504305910805
btc_usd,2020,6,10000.0,23649.505649025472,1.3649505649025473,1.3649505649025473,0.39368816879518936,2.3824052313082706,4.20974200673479,-0.1853191742618977,7.365403878681032,116,1552.459313973485
btc_usd,2020,7,10000.0,22134.941656427563,1.2134941656427563,1.2134941656427563,0.41057326976219694,2.139635455265526,3.588381826170381,-0.12723801931371215,9.537197861048288,126,1976.3799070356079
btc_usd,2020,8,10000.0,19866.51410186773,0.9866514101867732,0.9866514101867732,0.3824549632480111,1.9855346807568817,3.272352453374265,-0.2252492333742412,4.380265341669321,113,1937.0298360486693
btc_usd,2020,9,10000.0,14578.933054852972,0.45789330548529716,0.45789330548529716,0.5868335606509317,0.9736500174178089,1.2575023221091588,-0.47226960264615037,0.9695591308856168,123,1118.9370374468551
btc_usd,2020,10,10000.0,12502.04132037548,0.2502041320375479,0.2502041320375479,0.5994012993625247,0.7056159945221737,0.9428355727533108,-0.5257097962212114,0.47593583729275885,119,1000.8609226851922
btc_usd,2020,11,10000.0,19150.652332043257,0.9150652332043256,0.9150652332043256,0.5581470845279904,1.484197460329994,1.897821236665466,-0.4057224236894841,2.2553972365714308,132,1584.788693748053
btc_usd,2020,12,10000.0,15136.29585558199,0.5136295855581989,0.5136295855581989,0.5796814739949123,1.0418462518212408,1.3578826539011035,-0.4427724749172127,1.1600305227966907,122,1262.0539462740387
btc_usd,2020,13,10000.0,21982.592290977278,1.1982592290977276,1.1982592290977276,0.5666556977371191,1.7132558287993742,2.243895652670939,-0.4499552573049843,2.663063070481106,130,1553.7759355172618
btc_usd,2020,14,10000.0,16968.243683408302,0.6968243683408302,0.6968243683408302,0.3889999744670709,1.5521273517528464,2.53347848659848,-0.21323758234635848,3.2678309361479685,127,1598.2815675716065
btc_usd,2020,15,10000.0,16849.89764323458,0.6849897643234582,0.6849897643234582,0.607119034132033,1.199479160720409,1.574775734477183,-0.4889402832057065,1.4009681506141516,112,1090.9466698754397
btc_usd,2020,16,10000.0,21335.29433574698,1.1335294335746982,1.1335294335746982,0.5882397287603732,1.6209848821618609,2.1282421089454444,-0.46975269094998817,2.413034465608582,131,1460.5209456670923
btc_usd,2020,17,10000.0,23347.98099463506,1.334798099463506,1.334798099463506,0.6158801696180238,1.717391945436094,2.43168336395919,-0.4256940454864583,3.1355808558190583,123,1559.2077402801406
btc_usd,2020,18,10000.0,20894.726575983463,1.0894726575983462,1.0894726575983462,0.572956085107525,1.6110968372794636,2.1528512828727706,-0.43893664714509084,2.4820726742331454,119,1287.9923919667424
btc_usd,2020,19,10000.0,19410.698227058696,0.9410698227058696,0.9410698227058696,0.5917584479643316,1.4547955073980738,1.8959901199168037,-0.5346360947434255,1.7602063009933768,126,1450.0583126419203
btc_usd,2020,20,10000.0,16320.090183550261,0.632009018355026,0.632009018355026,0.44022640783565914,1.3307066487677919,2.137023059826326,-0.32166270331535984,1.9648190848393168,111,1232.4907468657102
btc_usd,2020,21,10000.0,22666.997123600402,1.2666997123600403,1.2666997123600403,0.591625843214604,1.7141078826331226,2.358125404310473,-0.42097217144920096,3.008986812594794,121,1494.918958386149
btc_usd,2020,22,10000.0,8342.424603072328,-0.1657575396927672,-0.1657575396927672,0.5677056347181273,0.001930535552045341,0.00243369191127901,-0.5156645717609193,-0.32144449855596896,133,1102.3323732079912
btc_usd,2020,23,10000.0,18281.710858689028,0.8281710858689029,0.8281710858689029,0.5768313255252103,1.3730006318006542,1.7894457517250275,-0.5120323909245059,1.6174193284405096,126,1294.4442085139858
btc_usd,2020,24,10000.0,14758.9524395397,0.4758952439539701,0.4758952439539701,0.5402238414240903,1.0338410340360555,1.2740616976926704,-0.4989141326555985,0.9538620231519511,128,1330.508866731954
btc_usd,2020,25,10000.0,32298.767842989324,2.2298767842989324,2.2298767842989324,0.4872312851320709,2.646833913366654,4.998653176329277,-0.3142347390823873,7.096213457527032,117,1741.185825380406
btc_usd,2020,26,10000.0,13921.69253913575,0.39216925391357504,0.39216925391357504,0.5579579647810502,0.9101488846069029,1.174445550991779,-0.5061084869036838,0.7748719179020757,123,1156.7896113981574
btc_usd,2020,27,10000.0,19312.082343439593,0.9312082343439594,0.9312082343439594,0.42988910520598994,1.741468445048769,3.0388181198055593,-0.18262871119264512,5.098914777762837,108,1469.3952868907977
btc_usd,2020,28,10000.0,12782.74057205773,0.2782740572057729,0.2782740572057729,0.5323245608072961,0.76829521401851,0.977252131438659,-0.4812839200133828,0.5781910544570762,120,1092.5987517429976
btc_usd,2020,29,10000.0,16602.815784880924,0.6602815784880924,0.6602815784880924,0.6148362242257502,1.1659579595585812,1.5632649469456126,-0.5780912670749371,1.142175320912608,129,1229.1192118972203
btc_usd,2021,0,10000.0,6279.216130423667,-0.3720783869576333,-0.37288061309012366,0.5597084835507661,-0.5554898111736615,-0.7993137694459482,-0.6487211300751106,-0.5747933831705938,118,1257.002448981879
btc_usd,2021,1,10000.0,12914.353179111109,0.2914353179111109,0.29234302706495896,0.5065080781433481,0.7592904934313169,1.125312494441295,-0.41190434438883017,0.7097352359774882,115,1560.2781061080095
btc_usd,2021,2,10000.0,11358.733707161884,0.13587337071618832,0.13627100173459028,0.6134110868932793,0.512749990300414,0.7660847787360334,-0.40292313910647526,0.33820594676390553,126,1348.258420305071
btc_usd,2021,3,10000.0,8737.992632498765,-0.12620073675012355,-0.1265245216501648,0.5779493693342447,0.05321105602197695,0.0783233744938764,-0.35735793317176257,-0.35405544387159676,115,1116.7566475615324
btc_usd,2021,4,10000.0,7036.805119551694,-0.29631948804483066,-0.296998542156909,0.588367544195977,-0.3058391298797332,-0.4379644644198698,-0.6215877223737327,-0.4778063199554916,125,1439.1087287668495
btc_usd,2021,5,10000.0,5007.917398212626,-0.49920826017873743,-0.5001588130017449,0.5471340501872096,-0.9925593713286299,-1.3693363831422032,-0.6553026725833175,-0.7632485474689605,132,1034.8270911051181
btc_usd,2021,6,10000.0,6479.529470998696,-0.3520470529001304,-0.3528190401415564,0.5369058893173532,-0.5396070185840854,-0.7362376086733082,-0.5393187508720392,-0.6541939058693467,115,1007.5214438170347
btc_usd,2021,7,10000.0,16245.384844533392,0.6245384844533393,0.6267054907882827,0.5789617537226953,1.127593509507549,1.7502006901790683,-0.33879646263038143,1.8497993925987444,126,1785.0799255851196
btc_usd,2021,8,10000.0,9179.324499449202,-0.08206755005507982,-0.08228346946314158,0.5339028325454339,0.10300094434776205,0.15465780730383616,-0.40172249733256726,-0.2048266403039483,112,1293.6145346407989
btc_usd,2021,9,10000.0,6773.951749070378,-0.3226048250929622,-0.3233292883313019,0.5220899038523424,-0.4827322677262744,-0.6425415088727859,-0.41881715654829466,-0.7720058342309531,122,1092.8374929643342
btc_usd,2021,10,10000.0,4197.900700584738,-0.5802099299415262,-0.581209775808917,0.5463774681456088,-1.3154078895131232,-1.730064354624078,-0.6207216979863204,-0.9363451893085358,119,756.9483098734968
btc_usd,2021,11,10000.0,8452.213483726706,-0.1547786516273294,-0.15516902755523687,0.5149058385902636,-0.06988138962823479,-0.0989741453769359,-0.5096031137778505,-0.30448995180763194,132,1078.0644693640113
btc_usd,2021,12,10000.0,8269.818665016117,-0.17301813349838835,-0.17344962479634662,0.5162992437746278,-0.1108597198060289,-0.15863423192064965,-0.3250955612641493,-0.5335342756507645,121,1118.3199781221044
btc_usd,2021,13,10000.0,11799.933556570373,0.17999335565703722,0.18053001417581416,0.5193744511626235,0.578138558327991,0.8643299758528284,-0.38465208600233725,0.46933325138581783,130,1484.7079331350376
btc_usd,2021,14,10000.0,11004.564374083535,0.10045643740835342,0.10074587445667249,0.539005498296612,0.447351154780544,0.6553859251684062,-0.32490771418446396,0.31007535388794977,126,1385.0850411096324
btc_usd,2021,15,10000.0,12672.387348593791,0.2672387348593792,0.26806354496089635,0.5761047100178628,0.6963006534195232,1.0853148988072525,-0.36679176718908524,0.7308330473587391,112,1390.7854638434558
btc_usd,2021,16,10000.0,21972.588702112236,1.1972588702112237,1.2020159505535761,0.5737423144030369,1.6583186527167775,2.786301700111024,-0.22685744096211524,5.298552013351462,131,2572.534966263603
btc_usd,2021,17,10000.0,12257.678275096845,0.2257678275096846,0.2264535313902971,0.6345351651581312,0.6342792330038464,0.9843514277044965,-0.40265981015786756,0.5623941741330314,123,1548.3827245598384
btc_usd,2021,18,10000.0,11173.37030222367,0.11733703022236686,0.1176776495350369,0.553098381367868,0.4761012951364719,0.7104712012633918,-0.41386238605307046,0.28434004514714906,119,1356.3800821541472
btc_usd,2021,19,10000.0,15637.621646892598,0.5637621646892599,0.5656840853271443,0.6056281960346392,1.0385419758883168,1.6604455581043207,-0.3540877304784501,1.5975817195438575,125,1668.1275018011463
btc_usd,2021,20,10000.0,8649.603899235415,-0.13503961007645848,-0.13538426984482232,0.6060826527287339,0.0645486015134778,0.09063306039988767,-0.36742278382447724,-0.3684699909886296,110,1017.1072722646902
btc_usd,2021,21,10000.0,7207.288257073971,-0.27927117429260284,-0.2799193254129162,0.5771358892004512,-0.2791717901676509,-0.38757133096168056,-0.4914241019187915,-0.5696084590071109,121,947.6586721176055
btc_usd,2021,22,10000.0,14447.807760430875,0.4447807760430875,0.4462420036627619,0.5490475173486518,0.9441900607120954,1.46339611101785,-0.32161927078214503,1.3874852790305356,132,1599.05318541774
btc_usd,2021,23,10000.0,10105.246706769412,0.010524670676941295,0.010553736649176582,0.5828371319622695,0.3080371442624682,0.4567927063102887,-0.39604245973042496,0.026647992885308853,125,1432.559100551834
btc_usd,2021,24,10000.0,15154.419620695884,0.5154419620695885,0.5171736650545922,0.5750552390171331,1.0102133044348396,1.5715766347956153,-0.5460214833265535,0.9471672467973048,128,1946.4911191808642
btc_usd,2021,25,10000.0,17854.218510093833,0.7854218510093833,0.7882673253987542,0.5742452045134306,1.2948553231679736,2.1130005126555598,-0.3161815326587949,2.4930846490943144,117,1833.9620162390427
btc_usd,2021,26,10000.0,9337.057531208375,-0.06629424687916252,-0.06647018235364066,0.5517985989948928,0.1482472261736908,0.2251896104652465,-0.3534842288568464,-0.18804285149751243,122,1290.9004207637947
btc_usd,2021,27,10000.0,6501.747065568692,-0.34982529344313085,-0.35059382081251045,0.511687932037952,-0.5847307924428907,-0.7859441716012868,-0.5329847042207267,-0.6577934001410252,108,825.6286345095941
btc_usd,2021,28,10000.0,13998.451591085497,0.3998451591085497,0.4011393124533944,0.5324262409083256,0.8958378866883975,1.4116692116017395,-0.3800613796421777,1.0554592861580971,120,2050.6844844118705
btc_usd,2021,29,10000.0,17976.63855409754,0.7976638554097539,0.800562641226976,0.5900957724060397,1.289596144446207,2.0157301873965765,-0.282475804730304,2.8340927889074234,129,2329.4096822388447
btc_usd,2022,0,10000.0,5787.612944285488,-0.42123870557145116,-0.4221075702737639,0.38167661583696194,-1.2400837639018591,-1.5508458783244696,-0.5185744288762821,-0.813976831037435,118,836.3535323337942
btc_usd,2022,1,10000.0,6203.7109283638865,-0.3796289071636113,-0.3804420781163841,0.4059352521718661,-0.9720802286616708,-1.2689412865989773,-0.46118406394769396,-0.8249245970466417,115,806.8380468644073
btc_usd,2022,2,10000.0,5672.6347068477035,-0.43273652931522966,-0.4336193566834802,0.4504502245127069,-1.0321073621878853,-1.3208180681218589,-0.521323446832447,-0.8317664576917545,126,989.3568613416181
btc_usd,2022,3,10000.0,9206.471786316379,-0.07935282136836208,-0.07956191200804219,0.4571446394560541,0.04967343918933176,0.06809521448031128,-0.4992213857288683,-0.15937200264744467,115,1149.5386946192102
btc_usd,2022,4,10000.0,3709.754601977467,-0.6290245398022534,-0.6300337865830843,0.4762964451945877,-1.8427497082469355,-2.298273452083332,-0.6290245398022534,-1.0016044632871528,125,709.6358936441867
btc_usd,2022,5,10000.0,4100.062218155979,-0.589993778184402,-0.5909968200095944,0.44892604591385044,-1.7599416564532862,-2.1913606823318643,-0.6784293163244658,-0.8711251206115983,132,960.5785239192138
btc_usd,2022,6,10000.0,3190.9245437472155,-0.6809075456252784,-0.6819073253764822,0.4015503758389365,-2.642666762918381,-3.0973458227007913,-0.6838390533684439,-0.9971751715810229,115,575.592148945707
btc_usd,2022,7,10000.0,5352.1467968377165,-0.4647853203162283,-0.4657036412614187,0.41251430158827224,-1.3120643975594335,-1.76062586112948,-0.49729253796596096,-0.9364782410897458,126,831.5109293472216
btc_usd,2022,8,10000.0,5760.5210093279065,-0.4239478990672093,-0.4248201107928623,0.44774140127524364,-1.0089130909535864,-1.3424770527661796,-0.4964255310918658,-0.8557579821861486,112,974.7397745654732
btc_usd,2022,9,10000.0,4839.565151374903,-0.5160434848625097,-0.5170074586653819,0.4228335912621781,-1.5021265711288727,-1.8374445247720521,-0.5468748114601856,-0.9453853932035081,122,765.0428287776144
btc_usd,2022,10,10000.0,6784.729964174438,-0.32152700358255626,-0.32224965929394433,0.43774213054631933,-0.6695110746089783,-0.939021181960445,-0.47184134426467983,-0.6829618964318186,119,982.2579836762021
btc_usd,2022,11,10000.0,5188.998267376679,-0.4811001732623321,-0.48203455444199883,0.46111444181270717,-1.1880970117370537,-1.4690616513793209,-0.566479946821632,-0.8509295997970735,132,915.6761221977439
btc_usd,2022,12,10000.0,4541.717107361692,-0.5458282892638309,-0.5468120262311067,0.4570891057827984,-1.4972666306344296,-1.916063375006054,-0.673118591699875,-0.8123561478969149,121,1037.0733799352329
btc_usd,2022,13,10000.0,6740.03453796971,-0.325996546203029,-0.3267266665945183,0.382360063912653,-0.8440835845069568,-1.211870115193503,-0.4026481592859632,-0.8114445802358059,130,1063.9069221136244
btc_usd,2022,14,10000.0,3964.4031755473575,-0.6035596824452643,-0.6045660907093023,0.47511047434664444,-1.7081454451671527,-2.1745728479091726,-0.6316476782488967,-0.9571254855006005,126,798.459768664548
btc_usd,2022,15,10000.0,5646.1930806314485,-0.43538069193685514,-0.43626664011835714,0.4842675207932781,-0.9370215756498954,-1.2327989196734195,-0.6360810083948344,-0.685866476691839,112,973.64869765965
btc_usd,2022,16,10000.0,4903.340131243793,-0.5096659868756207,-0.510625063038149,0.45326137155224,-1.3435990321805373,-1.7242069633371147,-0.5767035029532392,-0.8854204290823459,131,1038.9470073548318
btc_usd,2022,17,10000.0,5240.20499387771,-0.47597950061222905,-0.47690899086849514,0.5222332851049777,-0.9750498337360606,-1.2787738742489434,-0.5940484958780854,-0.8028115451476029,123,996.5867865438543
btc_usd,2022,18,10000.0,5077.43511394922,-0.492256488605078,-0.49320104250207464,0.43461000158090207,-1.343096698928779,-1.751734198938102,-0.4992141178689671,-0.9879549172355924,119,811.8736129666368
btc_usd,2022,19,10000.0,6392.782523467276,-0.36072174765327236,-0.36150704234299613,0.488798438302707,-0.6708211867940611,-0.9044033471746655,-0.5451558958861267,-0.6631259884943232,125,1148.1155279214192
btc_usd,2022,20,10000.0,6262.643434134247,-0.37373565658657526,-0.37454030650798453,0.4395315498019121,-0.8446399960049453,-1.115985824381971,-0.46353241381078814,-0.8080131946519499,110,926.5643871171825
btc_usd,2022,21,10000.0,4975.112637714768,-0.5024887362285231,-0.503442027963062,0.4293177555436545,-1.4111263399827325,-1.7801395769029866,-0.5809799627317591,-0.8665393993897571,121,970.0233987402409
btc_usd,2022,22,10000.0,7754.787413029087,-0.22452125869709139,-0.2250627855527595,0.47805984740943996,-0.28975659963712913,-0.38506023920573645,-0.39262400898834093,-0.5732272617068682,132,1174.5191132101288
btc_usd,2022,23,10000.0,7921.088257852953,-0.2078911742147047,-0.2083981715143559,0.4565594010399559,-0.2821687894844452,-0.3861155246479996,-0.5257239632982776,-0.39640226823010155,125,1295.58423180343
btc_usd,2022,24,10000.0,6411.581713606898,-0.35884182863931013,-0.3596242667708217,0.41064168415015884,-0.8812406261491436,-1.2609846599268832,-0.380760859318683,-0.9444885364906409,128,1045.329861430728
btc_usd,2022,25,10000.0,9268.140588610806,-0.07318594113891941,-0.07337943746537212,0.4789326049739034,0.07956548921985127,0.11672580497170788,-0.40181498120984627,-0.18261996415472126,117,1379.8748121412077
btc_usd,2022,26,10000.0,6204.134858883729,-0.37958651411162714,-0.3803996243166742,0.45631868757175925,-0.8201453755053841,-1.1360768752694002,-0.4213490323114434,-0.9028135705684945,122,958.4016646981707
btc_usd,2022,27,10000.0,6453.878944288194,-0.3546121055711806,-0.35538806120906474,0.36864195677766726,-1.0020872443510873,-1.278638686804831,-0.45988809198011793,-0.7727707401139429,108,805.5272524674353
btc_usd,2022,28,10000.0,11646.727136266876,0.16467271362668767,0.16516057083646163,0.3780977634486401,0.5897801401541819,0.9706885925379939,-0.2441030422013173,0.6766018536559244,120,1201.8570571605426
btc_usd,2022,29,10000.0,3059.0481786495548,-0.6940951821350445,-0.6950889998032637,0.4871123999557705,-2.188289375354072,-2.766319182748522,-0.7146795606316951,-0.9725883292211188,129,666.225549069795
btc_usd,2023,0,10000.0,18082.382953147815,0.8082382953147815,0.8111833158796171,0.3299573418492889,1.9628295225773131,3.7437322441361287,-0.15227148747672525,5.327217388636902,118,1803.6853862222688
btc_usd,2023,1,10000.0,8788.553170981426,-0.12114468290185743,-0.12145641599891477,0.2971967499556817,-0.2888225380783576,-0.44260113751784264,-0.3012092908905465,-0.40322931487212865,115,1168.158506879675
btc_usd,2023,2,10000.0,12884.254448007021,0.2884254448007022,0.28932277339222745,0.3249327962779281,0.9417830244283995,1.6080239265303986,-0.2749355901458147,1.052329286429532,126,1515.568526594898
btc_usd,2023,3,10000.0,15942.450870761948,0.5942450870761948,0.5962891337692182,0.32624280924217564,1.5952289851137096,2.7332158250148035,-0.21699523366139473,2.7479365500704223,115,1546.4793706015328
btc_usd,2023,4,10000.0,11413.736830850332,0.14137368308503317,0.14178839225590512,0.3008337985950814,0.5894166711193788,0.9427252790622327,-0.21555068873318495,0.6577960529340503,125,1424.9935490763953
btc_usd,2023,5,10000.0,13253.072562892896,0.3253072562892896,0.32633310714181873,0.3193272672740937,1.0405724343769465,1.9141633459076688,-0.21467082685405547,1.5201558214692914,132,1489.005489483476
btc_usd,2023,6,10000.0,13026.618897952478,0.3026618897952478,0.30360848779384253,0.2874276664080525,1.063528526626619,1.8972800929447855,-0.19722783704329816,1.5393794930032632,115,1344.728137428571
btc_usd,2023,7,10000.0,10049.773909936543,0.0049773909936543514,0.00499109921270402,0.2696632241091391,0.1522200920229877,0.22884608617120192,-0.25703448751899016,0.01941801374936221,126,1159.4453440341354
btc_usd,2023,8,10000.0,10563.563407915732,0.056356340791573256,0.056515460854059896,0.27802698668085774,0.33478994823928726,0.540563457343934,-0.29873000860193855,0.18918575043248317,112,1168.1361179652934
btc_usd,2023,9,10000.0,13699.576322840037,0.3699576322840037,0.37114285625134324,0.31303235418385983,1.162270250722067,1.9954573795679809,-0.175390932643274,2.116089188066565,122,1375.0044209949929
btc_usd,2023,10,10000.0,28246.225886637978,1.824622588663798,1.8326918311254072,0.3579620589323795,3.0870553684752897,6.596418220209421,-0.1147153628188311,15.975992980292974,119,2354.2679744123307
btc_usd,2023,11,10000.0,17177.122766454282,0.7177122766454282,0.720267116743116,0.2911336967730205,2.0069080478153345,3.966480225014496,-0.21707894301556374,3.317996240158013,132,1732.031616999748
btc_usd,2023,12,10000.0,13980.222955280966,0.39802229552809654,0.3993097544173789,0.27589050490325756,1.3539488438786966,2.346365634849629,-0.10589506367894164,3.770806122068426,121,1518.0594766412732
btc_usd,2023,13,10000.0,12909.740056724015,0.2909740056724015,0.29188012257949847,0.3033629579926168,0.9934379639981951,1.7161131037524986,-0.17850374725000384,1.6351484328825046,130,1464.5543074835675
btc_usd,2023,14,10000.0,15353.791169840253,0.5353791169840254,0.5371887973703791,0.29005220943765997,1.6247557824484522,3.1641255569839397,-0.16549538270594932,3.245944319333979,126,1737.694337159
btc_usd,2023,15,10000.0,16653.156396215574,0.6653156396215574,0.667650614120592,0.32273130017111257,1.7433375076893123,3.322584944515488,-0.15989609679134575,4.175527905423693,112,1538.7645527044215
btc_usd,2023,16,10000.0,14366.929696960382,0.4366929696960382,0.43812383826191903,0.2923095530483182,1.3868670539152768,2.5045236421337553,-0.23553913019744155,1.8600893953147406,131,1566.734911351964
btc_usd,2023,17,10000.0,22568.62421608158,1.2568624216081576,1.261914856554423,0.3331354891985609,2.6160932091171603,5.0712962009509965,-0.2015815817824962,6.2600702177047705,123,1980.7031150042494
btc_usd,2023,18,10000.0,13351.49717637253,0.3351497176372529,0.33621034819392226,0.28879136189907184,1.1467262738844073,1.8720600994090304,-0.24178302414168396,1.3905457150577463,119,1333.9929070739595
btc_usd,2023,19,10000.0,17784.95632575739,0.7784956325757391,0.7813110471842684,0.3290774895373754,1.9165731528710042,3.6596386523183275,-0.16805930243980505,4.649019934282519,125,1698.0534989718
btc_usd,2023,20,10000.0,10431.561080469952,0.0431561080469951,0.0432771980928115,0.28219236627324634,0.2905693031684436,0.4338100471945003,-0.3545811176649911,0.12205161509389756,110,1090.2640873801174
btc_usd,2023,21,10000.0,12743.909911324834,0.27439099113248333,0.2752401738152104,0.31934131563422985,0.9190819447474804,1.4767947187568078,-0.2374482772406692,1.1591584365812713,121,1432.627884088647
btc_usd,2023,22,10000.0,11892.942777674994,0.18929427776749952,0.18986083069268034,0.29017121274153795,0.7418242093144405,1.2324885113276638,-0.17722357988865522,1.0713068250396744,132,1656.732202211678
btc_usd,2023,23,10000.0,15911.09265452267,0.5911092654522669,0.5931406741526506,0.3448156771638031,1.5202072195453733,2.7405280284066817,-0.1811555849358173,3.274205840039643,125,1673.484538545811
btc_usd,2023,24,10000.0,12821.998125222497,0.2821998125222498,0.2830757314830721,0.34029478291560467,0.9000717267080995,1.5130501457055245,-0.3511455479910701,0.8061492822636352,128,1459.9332165632056
btc_usd,2023,25,10000.0,13092.120914953013,0.3092120914953014,0.3101815027521866,0.32943142424640465,0.9829356827240414,1.6099448135859957,-0.21449620569502714,1.4460931919383495,117,1478.5857049354413
btc_usd,2023,26,10000.0,13511.752506216864,0.35117525062168653,0.35229293698011754,0.3062730138384219,1.1371392570010201,1.8693848495618859,-0.2129704102289437,1.654187248836126,122,1442.146048632269
btc_usd,2023,27,10000.0,10820.134175634545,0.08201341756345437,0.08224775110051663,0.26733250700129485,0.4267811998336251,0.7170834424146717,-0.2451994983076773,0.3354319713872817,108,1052.294715721278
btc_usd,2023,28,10000.0,18540.790148492124,0.8540790148492123,0.857226425850439,0.31865306094663937,2.0995254139966746,4.309086746932672,-0.1442666457309647,5.941958527607522,120,1783.6825931855083
btc_usd,2023,29,10000.0,15498.07972588254,0.5498079725882541,0.551674532443579,0.3239629828271579,1.5164447824897518,2.5871610542229044,-0.2187787708359824,2.521609068080775,129,1761.7028793615564
btc_usd,2024,0,10000.0,10502.812662919476,0.050281266291947624,0.05966070933952716,0.3292883333458522,0.33934422552983334,0.510619823386905,-0.30349127817210286,0.196581297818038,101,1248.1435095664142
btc_usd,2024,1,10000.0,7594.012408096257,-0.24059875919037432,-0.2775477572315955,0.36009838970801106,-0.7229917869680275,-1.0033799292545513,-0.37410919960618383,-0.7418896876199882,98,878.0746120590784
btc_usd,2024,2,10000.0,12758.988629908274,0.27589886299082744,0.333500876567677,0.37048037610431855,0.9601189093699216,1.542651527914038,-0.22023240246394227,1.5143133927455554,105,1354.6827273897443
btc_usd,2024,3,10000.0,15308.226819567295,0.5308226819567294,0.6536316810579772,0.406969906703358,1.4362570566536088,2.4545513616050734,-0.19043656756008764,3.432280309566804,98,1093.70101817125
btc_usd,2024,4,10000.0,7393.952807482287,-0.2606047192517713,-0.29997552633383606,0.3755016284906167,-0.7627251756946484,-1.0823934318182182,-0.4527917281564099,-0.6625022227221743,105,904.731946360145
btc_usd,2024,5,10000.0,9345.888831942006,-0.06541111680579947,-0.07679916034335421,0.3011088813689557,-0.11525128545568449,-0.16407902326809232,-0.2658801249154469,-0.2888488200002813,115,1178.9718512101404
btc_usd,2024,6,10000.0,12715.867854186788,0.27158678541867887,0.3281789992219757,0.37262511951793303,0.9448710754429392,1.5472414686207627,-0.14750597388854614,2.224852259000331,95,1178.465817119556
btc_usd,2024,7,10000.0,11260.270644888873,0.12602706448888723,0.1505116262289452,0.3979735332842264,0.5477406225856654,0.8820659763900405,-0.2586227390563922,0.5819736763213479,110,1206.1197979722651
btc_usd,2024,8,10000.0,14389.01227864494,0.4389012278644939,0.536989506587292,0.3766439903539933,1.326481605810204,2.2578708188015604,-0.2886692631629497,1.8602240526182001,102,1304.475227663449
btc_usd,2024,9,10000.0,9340.847870557798,-0.0659152129442202,-0.07738732930900594,0.32689405776463865,-0.08432654005236706,-0.12197502994937726,-0.34413570429556894,-0.2248744560446423,101,1016.3711398297734
btc_usd,2024,10,10000.0,8899.344450872703,-0.11006555491272974,-0.12867498716242975,0.376133453528441,-0.1784697334342984,-0.2521852506904512,-0.3702821411946381,-0.347505247612771,98,961.7481786927079
btc_usd,2024,11,10000.0,9034.123609147868,-0.09658763908521328,-0.1130660820367243,0.32314493016722756,-0.20975287053955596,-0.29468340583149527,-0.3570833711994198,-0.3166377690928107,109,1056.4133450076683
btc_usd,2024,12,10000.0,10879.144385977072,0.08791443859770709,0.10465534232774121,0.3666480657499402,0.45325556110689313,0.6848552747489588,-0.21453677054836706,0.4878200695397658,106,1071.35630907119
btc_usd,2024,13,10000.0,17620.05753209055,0.7620057532090547,0.9525005881472393,0.3522131314296573,2.074174220029436,3.735547697054783,-0.1224976737367548,7.775662664371449,109,1360.5668970213303
btc_usd,2024,14,10000.0,9804.218544191432,-0.0195781455808568,-0.023085039583305322,0.3476552649406328,0.10550101449305581,0.15523329188213683,-0.2634433770525597,-0.08762808859187839,109,1156.6483274756472
btc_usd,2024,15,10000.0,14933.414857555888,0.4933414857555889,0.605912763781826,0.3894189726465901,1.4067527928879626,2.6350993146204376,-0.22540081486027963,2.688156935712128,97,1373.5994373822437
btc_usd,2024,16,10000.0,11033.567486842392,0.10335674868423927,0.12320068254022676,0.3789494397019069,0.49382528268025505,0.7660248877860677,-0.3061074093387829,0.4024753363740863,113,1258.8527300513367
btc_usd,2024,17,10000.0,16454.13285065938,0.6454132850659382,0.800820677223766,0.38710539655011983,1.712117172938022,2.7909868099180923,-0.2264565090878693,3.5363111462299934,107,1344.4647749934286
btc_usd,2024,18,10000.0,15448.496038359584,0.5448496038359585,0.6715447587038335,0.3469319857680564,1.6517561039839412,2.8830849000276126,-0.3030880537409817,2.215675446178205,101,1435.7133990709397
btc_usd,2024,19,10000.0,11174.34547060062,0.11743454706006196,0.14014837665108915,0.3861613847325189,0.5299838272845282,0.8298471716943875,-0.33299920656065163,0.4208669987493285,113,1136.215167358299
btc_usd,2024,20,10000.0,10472.846194633024,0.047284619463302535,0.05609029371397134,0.4168268239044385,0.33635259223398717,0.5237030017891185,-0.2990575519042986,0.18755685438072733,92,1011.9824334305915
btc_usd,2024,21,10000.0,9363.780841173804,-0.06362191588261956,-0.07471109362051509,0.4313876331474724,0.03293828176578622,0.05035001304730059,-0.5179178595155117,-0.1442527849694233,104,1146.3736462081336
btc_usd,2024,22,10000.0,10116.58971096243,0.01165897109624292,0.013786427445094063,0.4078868821169429,0.2350392671316163,0.3594623471202211,-0.3077614184291918,0.04479582761042536,108,1043.4242002063907
btc_usd,2024,23,10000.0,11138.44007577653,0.113844007577653,0.13582217468211621,0.3613003686491379,0.5296471525889171,0.8719967226914483,-0.3321575166309233,0.4089089298949539,105,1114.380457673693
btc_usd,2024,24,10000.0,16161.420227041306,0.6161420227041305,0.7630402186481768,0.4127510742022558,1.5770716744852296,2.7453305427876153,-0.17787769972446377,4.28969016256755,105,1521.8531624775326
btc_usd,2024,25,10000.0,12758.772585605999,0.27587725856059997,0.33347420468998723,0.3905654444435365,0.9292926868946236,1.5160331514524523,-0.27074253319674424,1.2317023141969972,97,1179.8922989996238
btc_usd,2024,26,10000.0,7077.273230187809,-0.29227267698121917,-0.3352517464346848,0.38498606396597185,-0.8692651588427687,-1.23936542984329,-0.5277641485686824,-0.635230239386099,104,924.8265843124132
btc_usd,2024,27,10000.0,9844.337087833164,-0.015566291216683514,-0.018361319599638937,0.3955384905150123,0.14811345539015625,0.22708784137854168,-0.2870900290816363,-0.06395666076726668,91,986.7688071623969
btc_usd,2024,28,10000.0,13454.660378139208,0.3454660378139207,0.41980374455760483,0.3443134925321903,1.1872154935252974,2.0177469452168335,-0.16491729173941982,2.545541102026599,96,1179.0341840671715
btc_usd,2024,29,10000.0,12315.392534488154,0.23153925344881543,0.2789105687680602,0.38560617871915787,0.8298462652809249,1.252194811644067,-0.2941838408299099,0.9480825594677026,111,1352.272806722265
eur_usd,2016,0,10000.0,9078.45571694609,-0.092154428305391,-0.08944974863049227,0.056541087947019716,-1.6288978957808382,-2.312844705537162,-0.10079847766184102,-0.8874117020951299,84,813.0640252517871
eur_usd,2016,1,10000.0,9380.607239537097,-0.06193927604629024,-0.06009191599894914,0.05725731130178859,-1.0537633397797268,-1.5280811533574634,-0.07907943792446914,-0.7598930591330773,83,804.4032035403783
eur_usd,2016,2,10000.0,9394.598468992008,-0.06054015310079919,-0.058733203584179994,0.05808336305728742,-1.013087135955424,-1.4638287783321045,-0.10548494440980716,-0.5567922883478283,91,895.2200134184949
eur_usd,2016,3,10000.0,8996.884210712045,-0.1003115789287955,-0.09738056381914528,0.051837209984946765,-1.9502542866111126,-2.6086319404689324,-0.14178073498557264,-0.6868391804362882,83,803.5386646683666
eur_usd,2016,4,10000.0,9252.002717241725,-0.07479972827582748,-0.07258385602469719,0.06096991502464951,-1.2053827199222023,-1.7147140159510363,-0.11211312013068431,-0.6474162519078057,87,864.8403089171857
eur_usd,2016,5,10000.0,9241.544276287854,-0.07584557237121459,-0.07359996572444172,0.058901160970005036,-1.2684401491315462,-1.8134731454531894,-0.110458713328911,-0.6663119957344096,93,914.1006974254065
eur_usd,2016,6,10000.0,9169.782342663955,-0.08302176573360442,-0.08057308922868378,0.06543670591234611,-1.250906185139379,-1.6829292298065104,-0.10616286138740127,-0.7589573997507727,83,800.3881520585396
eur_usd,2016,7,10000.0,8969.439738087842,-0.10305602619121579,-0.10004935770913426,0.06626637804890587,-1.5574100074818713,-2.076424270161582,-0.11729747734610163,-0.8529540444755301,91,873.5508451656615
eur_usd,2016,8,10000.0,8843.835777123824,-0.11561642228761759,-0.1122667328750312,0.051147180090063186,-2.302210196767124,-2.8858763231122584,-0.12082053890175615,-0.9292023847561185,76,725.9604515320891
eur_usd,2016,9,10000.0,8295.295676373731,-0.17047043236262693,-0.165686345298231,0.05346627512922736,-3.3600419963270776,-3.6896435700731094,-0.17047043236262693,-0.9719359715459679,82,761.489765303675
eur_usd,2016,10,10000.0,8804.793790459069,-0.1195206209540931,-0.11606539325339038,0.052123438626080286,-2.340390811984088,-3.046576165804833,-0.13617514663817054,-0.8523243493306928,79,758.8285569335656
eur_usd,2016,11,10000.0,9052.379086524208,-0.09476209134757918,-0.09198481780186174,0.06028796831136198,-1.5702325272534252,-2.1164835747954043,-0.10844480647364418,-0.8482178242829657,87,841.9699756792153
eur_usd,2016,12,10000.0,9061.037389806075,-0.09389626101939252,-0.09114306615279744,0.051730594791976635,-1.8213258802675327,-2.508111530400196,-0.1147294182140236,-0.7944175745995097,89,847.2068181613351
eur_usd,2016,13,10000.0,9414.98163678822,-0.058501836321178,-0.05675387041424029,0.0654419181720823,-0.8601252727791214,-1.2345988229466978,-0.10062261429699515,-0.5640269914546944,95,934.9641772587883
eur_usd,2016,14,10000.0,8667.897707250519,-0.1332102292749482,-0.12938905482311025,0.055054182177567405,-2.488700619461253,-3.2443076337326087,-0.14632217072298848,-0.884275118280364,86,817.1900204721984
eur_usd,2016,15,10000.0,8560.71924079997,-0.143928075920003,-0.13982490987147622,0.05649218084827903,-2.6371563680602206,-3.1111809340556094,-0.16189408010275808,-0.8636814254278228,80,762.7278880281717
eur_usd,2016,16,10000.0,9181.78498049463,-0.08182150195053695,-0.0794066735822665,0.05734848917457303,-1.4139664637569642,-2.088044064343805,-0.10085455617656691,-0.7873384861587073,91,876.8409308236864
eur_usd,2016,17,10000.0,8847.834237052739,-0.11521657629472615,-0.11187772468396162,0.05982085997930069,-1.9531126893408208,-2.6465420739857124,-0.1376617844317356,-0.812699945346416,89,868.8130096867401
eur_usd,2016,18,10000.0,8859.984272350683,-0.11400157276493172,-0.11069568693312226,0.05572099702464384,-2.077121079007539,-2.6674936838125376,-0.1273539342027803,-0.8691972307417389,87,825.9012134243642
eur_usd,2016,19,10000.0,9115.835232085314,-0.08841647679146858,-0.08581624730082216,0.06378400736124974,-1.3746150233848886,-1.835922093709657,-0.11853346338817694,-0.7239832942347136,93,906.1869281501663
eur_usd,2016,20,10000.0,9651.45609602645,-0.03485439039735505,-0.0338002830740215,0.06571168806590248,-0.4904564482285348,-0.6827248500096631,-0.0937913170204202,-0.3603775290484781,80,807.5433683501634
eur_usd,2016,21,10000.0,9246.331194919036,-0.07536688050809648,-0.07313487916200567,0.05508207403850899,-1.3511968337792122,-1.9120239631475522,-0.10803875579486266,-0.6769318900790535,85,824.670711730079
eur_usd,2016,22,10000.0,9215.467994513258,-0.07845320054867422,-0.07613361059953783,0.054825876463416884,-1.416839126619989,-1.95861933481147,-0.11512549643569381,-0.6613097268341782,96,955.6717261697411
eur_usd,2016,23,10000.0,8684.234753423712,-0.1315765246576288,-0.12779868367057934,0.06126915685598074,-2.2005215372239233,-2.7620070223030937,-0.158775479704527,-0.8049018898157708,87,825.7748999058584
eur_usd,2016,24,10000.0,8817.888783657958,-0.11821112163420422,-0.11479123466485153,0.061220726633312024,-1.9606441671074304,-2.5268907409702406,-0.1466710063183566,-0.7826443517793252,89,847.2818126544114
eur_usd,2016,25,10000.0,9048.926948590464,-0.09510730514095356,-0.09232043813075785,0.06158424847538621,-1.541856633120197,-2.0691534278971204,-0.1086529475811212,-0.8496818557253648,79,751.587750627947
eur_usd,2016,26,10000.0,8763.238456748104,-0.12367615432518964,-0.12010916374867708,0.05799391365651973,-2.176986156921504,-2.9466657355156083,-0.14501315252563263,-0.8282639309385851,95,902.2223674049264
eur_usd,2016,27,10000.0,9180.949302821607,-0.08190506971783929,-0.07948788316970312,0.05732655380429157,-1.4160521286470216,-2.0131296827834944,-0.10781049602604154,-0.737292620845589,79,781.5646451935525
eur_usd,2016,28,10000.0,9153.756266840297,-0.08462437331597028,-0.08213057559552417,0.04930161360056033,-1.7134467686716994,-2.3170376232810757,-0.09867503790473464,-0.8323338641614382,80,786.4152097750914
eur_usd,2016,29,10000.0,9363.090280888355,-0.06369097191116457,-0.06179310597205789,0.06114325273217338,-1.0125590032444323,-1.3550494674069478,-0.08034331091712466,-0.7691132624071022,88,865.647182168211
eur_usd,2017,0,10000.0,10067.085348528139,0.006708534852813974,0.006577590316702908,0.05100853984851403,0.1538938740317204,0.2480262569451791,-0.05613989958753152,0.11716426935262579,84,867.3117040741788
eur_usd,2017,1,10000.0,8989.979209694353,-0.10100207903056468,-0.09913788416906366,0.04957393315081419,-2.080880313662482,-2.7570491002004784,-0.11748444203495179,-0.8438384049146694,83,789.1664347178771
eur_usd,2017,2,10000.0,9725.143898298245,-0.02748561017017548,-0.026958144773405635,0.0535060033958461,-0.48410027488926594,-0.7230661978356415,-0.07667886048624306,-0.3515720578325781,89,890.1464945749038
eur_usd,2017,3,10000.0,9940.09816821844,-0.005990183178156028,-0.005873985606915877,0.05405339316566245,-0.0820853820642464,-0.12225731846442517,-0.05003027374982971,-0.11740862415200896,83,834.2786086106746
eur_usd,2017,4,10000.0,9660.071732522732,-0.033992826747726745,-0.033342638959899196,0.052458837322057326,-0.6202860215809544,-0.9134906884354862,-0.04767899855369373,-0.6993150018105008,87,851.5087437210481
eur_usd,2017,5,10000.0,9640.76990297187,-0.035923009702813036,-0.03523658042167366,0.04684735469478055,-0.7423394691239598,-1.0476103881506507,-0.060754577061455706,-0.579982317810071,92,892.2666512193421
eur_usd,2017,6,10000.0,9410.537007276094,-0.05894629927239059,-0.057833311145042865,0.04856623061645366,-1.202340863341391,-1.7623397541090366,-0.07296460680207928,-0.7926214322228731,82,803.9943690963823
eur_usd,2017,7,10000.0,9569.241111549696,-0.04307588884503044,-0.04225580015036057,0.05318467290273689,-0.7852518065144851,-1.1680656131569804,-0.0880233929598565,-0.480051935394396,91,905.4170518293498
eur_usd,2017,8,10000.0,9467.60954875281,-0.05323904512471911,-0.05223080426350746,0.05290858547521546,-0.987451995096611,-1.3919679372123732,-0.08035701020981878,-0.6499844148896098,75,739.9269341884658
eur_usd,2017,9,10000.0,9778.579616841713,-0.022142038315828727,-0.02171597132209324,0.04754268783136232,-0.438128977372372,-0.6722050482117455,-0.05184865667327232,-0.418833827440079,81,794.2032253668579
eur_usd,2017,10,10000.0,9614.462508135848,-0.03855374918641519,-0.037818043450905225,0.04617653384265615,-0.8118405985970735,-1.2128584495803827,-0.05507884164791377,-0.6866165358497089,77,755.3534140254874
eur_usd,2017,11,10000.0,9450.156574169321,-0.054984342583067836,-0.05394399973048325,0.049474982739654075,-1.0960872176570329,-1.5656299976987544,-0.07982152466970716,-0.6758076841265271,85,830.7114817822784
eur_usd,2017,12,10000.0,9856.534305708548,-0.01434656942914514,-0.01406942616010931,0.047372254134296535,-0.275537931651478,-0.43530723432338786,-0.04945401554653772,-0.28449512147035977,87,857.753745580856
eur_usd,2017,13,10000.0,9217.741064110465,-0.07822589358895349,-0.07676397302679694,0.04570270711927703,-1.7245564986155322,-2.3209727193450966,-0.08988236831566088,-0.8540492920392017,95,912.775870572599
eur_usd,2017,14,10000.0,9831.081970121102,-0.016891802987889837,-0.016565906058240487,0.05289918173803924,-0.2894496279759948,-0.4336426547106883,-0.04613315492488346,-0.35908894774731986,85,846.3205598977916
eur_usd,2017,15,10000.0,10250.105341794211,0.025010534179421118,0.024518031481991054,0.052198525153069324,0.4900233026101316,0.7883637236089084,-0.03509586254011554,0.6986017640673816,79,799.7255337358638
eur_usd,2017,16,10000.0,9384.95389904928,-0.06150461009507202,-0.06034488272077021,0.05116440645810055,-1.1908842234764134,-1.6646187357419093,-0.07424806876125256,-0.8127468327130694,90,878.3988461180401
eur_usd,2017,17,10000.0,10114.418260901113,0.01144182609011124,0.011217978577258148,0.05813059170337448,0.22079863365480695,0.3604738033604582,-0.038393868141940124,0.2921815154385035,86,863.8300686832952
eur_usd,2017,18,10000.0,10508.96245547721,0.0508962455477211,0.04988175444156573,0.04287607441295819,1.156723942686755,2.104041387830806,-0.02673376505693581,1.8658709065232997,87,904.5000095281514
eur_usd,2017,19,10000.0,9760.502283056914,-0.023949771694308564,-0.023489339032469747,0.05088973209217049,-0.4417502066092741,-0.6810795058392698,-0.04207146963709241,-0.5583199074120367,93,929.0265961365484
eur_usd,2017,20,10000.0,9805.460309665168,-0.019453969033483176,-0.019079121110184172,0.054247657230748036,-0.3281087626900534,-0.5105924698079048,-0.06356608964778243,-0.3001462134276458,78,788.445521476895
eur_usd,2017,21,10000.0,10060.357209919655,0.006035720991965476,0.005917947741820306,0.054237892552923564,0.13576507597428286,0.21596620408351594,-0.07858049113929488,0.07531064843219061,84,865.8349947483024
eur_usd,2017,22,10000.0,10497.821987381254,0.049782198738125505,0.0487904249672666,0.0514056977376447,0.9523219451593309,1.7171354304944033,-0.029403869347187195,1.6593198803590095,96,996.3468819374744
eur_usd,2017,23,10000.0,10137.384607076568,0.013738460707656941,0.013469383503916355,0.052217274830522915,0.28220418763440397,0.45368846042845673,-0.05123580184436716,0.2628900694251001,86,880.5737129612465
eur_usd,2017,24,10000.0,9802.200944674338,-0.019779905532566255,-0.019398839642623122,0.04848360488464281,-0.3799372131624835,-0.6088380493686013,-0.04142426290717538,-0.46829655571886875,88,867.6686879211595
eur_usd,2017,25,10000.0,10559.266249616165,0.05592662496161638,0.054809275829505344,0.05192611670232587,1.0535106082714667,1.9118380731877727,-0.026889499952915563,2.0383151760158524,78,814.884271226467
eur_usd,2017,26,10000.0,9465.386402856706,-0.053461359714329415,-0.052449026310053104,0.04962248144454694,-1.0608567484150915,-1.490309465559816,-0.08994880621501178,-0.5830986370700688,94,909.3510367835819
eur_usd,2017,27,10000.0,10377.76677466442,0.03777667746644209,0.03702828213728182,0.053003125685615986,0.7123830690078287,1.195406462754262,-0.03361962098727922,1.1013890415746312,78,800.4624272454829
eur_usd,2017,28,10000.0,9551.192854558289,-0.044880714544171085,-0.04402706167884851,0.05379622104027515,-0.8101190747748268,-1.174514967883305,-0.060284444900020384,-0.7303220880919752,80,788.6767712924858
eur_usd,2017,29,10000.0,9809.70139647834,-0.019029860352166028,-0.018663106344576352,0.05039219185183831,-0.348772824274146,-0.523817071202588,-0.0576434407554286,-0.3237680835840589,86,865.5128671823965
eur_usd,2018,0,10000.0,8812.459184075375,-0.11875408159246259,-0.11531953416436946,0.04393856831840623,-2.766060670613599,-3.426860903489689,-0.13636717794748732,-0.8456546208558855,84,792.6184657722379
eur_usd,2018,1,10000.0,8912.343704202613,-0.10876562957973879,-0.10560237635832692,0.04876524000814368,-2.263793899793974,-2.8278397077064965,-0.12740386360052958,-0.8288789160228259,83,774.8021359931175
eur_usd,2018,2,10000.0,9233.957457753097,-0.0766042542246903,-0.0743370996337025,0.050435473171701224,-1.5061701563111316,-1.9783445764896541,-0.1251891355099678,-0.5937983302695116,91,892.8641315154349
eur_usd,2018,3,10000.0,8633.084383994854,-0.13669156160051465,-0.13277835389097326,0.05292181602788702,-2.664715141666334,-3.1897643661121213,-0.1667065396934564,-0.796479575037242,83,767.4122475278108
eur_usd,2018,4,10000.0,8822.283520717734,-0.11777164792822659,-0.11436363451556852,0.05086445300964136,-2.36177599130783,-3.0060073720295004,-0.13570085935377973,-0.842762787650564,87,826.9919293214507
eur_usd,2018,5,10000.0,9189.176109498221,-0.08108238905017784,-0.07868842743950788,0.04480289939600358,-1.8066601001088005,-2.364708621002586,-0.0925593927738908,-0.8501398408234193,93,879.3438878795241
eur_usd,2018,6,10000.0,8542.510964273628,-0.14574890357263726,-0.14159822885002127,0.05292828713112456,-2.857397423390133,-3.355558365235052,-0.1650598791835276,-0.8578597630777394,83,763.0141823927139
eur_usd,2018,7,10000.0,8641.919853975161,-0.13580801460248382,-0.13191812477837161,0.051837314378873595,-2.702505175986503,-3.3994007858176567,-0.14174806577318833,-0.9306520273049395,91,848.2445652987269
eur_usd,2018,8,10000.0,8504.942214840234,-0.14950577851597668,-0.14525744799354234,0.05670892532393742,-2.738576166571442,-3.377799544617799,-0.1716346176570901,-0.8463178930706924,76,708.6937235374472
eur_usd,2018,9,10000.0,9105.251518887773,-0.08947484811122264,-0.0868449977730793,0.04608009965342432,-1.948250904409572,-2.559131866166145,-0.10073190542090793,-0.8621399288556865,82,790.6260205606765
eur_usd,2018,10,10000.0,8825.173571813328,-0.11748264281866727,-0.11408244122379207,0.04928258197465541,-2.432686316082803,-2.9246399619896177,-0.12871082543167656,-0.8863469008234304,79,754.9401713404866
eur_usd,2018,11,10000.0,9198.863084617815,-0.08011369153821857,-0.0777471052685963,0.048017267901503125,-1.6613754969417696,-2.2258633917565436,-0.10313231811144086,-0.7538578274230754,87,837.2674812302437
eur_usd,2018,12,10000.0,9173.135718745196,-0.08268642812548044,-0.08024720360977655,0.04455458261003637,-1.8549748327400022,-2.4373627359049315,-0.10684589684197277,-0.7510555480521988,89,871.4749264705641
eur_usd,2018,13,10000.0,8957.490950381045,-0.10425090496189549,-0.1012113769456876,0.04785833709053239,-2.205267857170517,-2.6458906664147634,-0.12278280426115673,-0.824312309486049,95,888.3346497218204
eur_usd,2018,14,10000.0,8943.242273870475,-0.10567577261295247,-0.10259712265253451,0.048668705188447674,-2.1995042003543137,-2.8376430382650963,-0.1281891045512158,-0.8003575889832631,86,819.6162724655541
eur_usd,2018,15,10000.0,8466.058328000718,-0.15339416719992827,-0.1490452861571444,0.05352548490566718,-2.9876369583759823,-3.573346397729094,-0.17495529891912953,-0.8519049555969057,80,751.5417340096376
eur_usd,2018,16,10000.0,9048.509229658357,-0.09514907703416431,-0.09236104945347001,0.048765187069393374,-1.9625627130569507,-2.5071919047287152,-0.11545982811903244,-0.7999409921020416,91,864.4510522137213
eur_usd,2018,17,10000.0,8937.386314509848,-0.10626136854901524,-0.10316665983774342,0.05894899538995787,-1.817294249204381,-2.287561690919053,-0.14071812105173642,-0.7331440973391989,89,842.9701620283051
eur_usd,2018,18,10000.0,9743.536508089686,-0.02564634919103137,-0.024867125970257975,0.04549158864499056,-0.5308631215865798,-0.7534069879076455,-0.06566324863596873,-0.3787069096766615,87,856.3346622818664
eur_usd,2018,19,10000.0,9209.355445046498,-0.07906445549535024,-0.0767275549897034,0.05701625953519027,-1.371470118337077,-1.755750895985002,-0.1029736016977093,-0.7451186879424287,93,883.6188838743604
eur_usd,2018,20,10000.0,9202.76086916168,-0.07972391308383198,-0.07736835054010305,0.04948068918891465,-1.6025003714933979,-2.147065768171458,-0.11404918057448088,-0.6783770839070337,80,760.7215265931803
eur_usd,2018,21,10000.0,9154.268153262186,-0.08457318467378139,-0.08208082686676643,0.05323953724848698,-1.5818614311968644,-2.060764288782279,-0.11046587125828511,-0.743042406960695,85,817.5489270254633
eur_usd,2018,22,10000.0,8790.271661559314,-0.12097283384406854,-0.1174784820533955,0.05205715180343203,-2.3741007976295725,-2.9665889223103883,-0.15455800109176632,-0.7600931768239196,96,897.0483552435915
eur_usd,2018,23,10000.0,9118.372233194927,-0.08816277668050732,-0.08556965300721298,0.05071989308446257,-1.7380558333775147,-2.1904970653894766,-0.12804756930422745,-0.6682645634913112,87,845.6459004484595
eur_usd,2018,24,10000.0,9485.206268240981,-0.0514793731759019,-0.04993562695317455,0.04997512110480121,-1.0000325887701038,-1.403965255438058,-0.08648665475785089,-0.5773795632746636,89,870.6492083898819
eur_usd,2018,25,10000.0,9124.978695848366,-0.08750213041516341,-0.08492752050802888,0.05569777954006221,-1.5653722101074685,-1.9807734815644762,-0.12493147647750613,-0.679792818452122,79,763.4972640437403
eur_usd,2018,26,10000.0,9079.857487653886,-0.09201425123461138,-0.08931348025430474,0.05218907758005968,-1.766259443294384,-2.21646233119136,-0.13207491854307407,-0.6762334683945053,95,876.6888003284752
eur_usd,2018,27,10000.0,8739.593770864973,-0.1260406229135027,-0.12241030326781466,0.04537941322857812,-2.854082274489714,-3.602985475830968,-0.149342494539221,-0.8196615681658291,79,744.8862985643852
eur_usd,2018,28,10000.0,8557.580112097121,-0.14424198879028793,-0.140130623903287,0.04853283068754981,-3.0855837713823955,-3.5055958609899243,-0.1564741721579732,-0.895551144132681,80,752.5332674736819
eur_usd,2018,29,10000.0,9280.542728454344,-0.0719457271545656,-0.06981117670663961,0.05564527985599266,-1.2725809119717182,-1.6899402043513703,-0.12027598705350173,-0.580424891259349,88,862.1423085031649
eur_usd,2019,0,10000.0,9118.72433159337,-0.08812756684066303,-0.08585108263438812,0.03317617049628006,-2.688599264570147,-3.403292989550601,-0.10707841009532548,-0.8017590339449386,84,803.2401221444245
eur_usd,2019,1,10000.0,9315.301769094738,-0.06846982309052618,-0.06668242519497047,0.036971092322641216,-1.847905333806368,-2.4156224948880984,-0.07865273201509226,-0.8478081242260616,83,797.4769881343284
eur_usd,2019,2,10000.0,8970.84925536733,-0.10291507446326709,-0.1002780256326603,0.03701695640518945,-2.8355878047790393,-3.5678043487164395,-0.10786578608144626,-0.9296555402372291,91,851.8626477276906
eur_usd,2019,3,10000.0,8684.50329255357,-0.13154967074464297,-0.12823279930529552,0.03343273247994248,-4.086981848269335,-4.959952168214465,-0.14175085522318354,-0.9046351015194642,83,757.0248580687145
eur_usd,2019,4,10000.0,9341.84353158565,-0.06581564684143504,-0.06409512783842997,0.038163570976146616,-1.7164895695092728,-2.2863192191687887,-0.0786765401063666,-0.814666325587992,87,835.9157366301098
eur_usd,2019,5,10000.0,8991.784835246555,-0.10082151647534443,-0.09823512682776148,0.03211098266929074,-3.203469806872707,-3.9606003877804956,-0.10581081354304012,-0.9284034735051242,93,881.0763473233217
eur_usd,2019,6,10000.0,9056.846780828238,-0.09431532191717618,-0.09188718602376289,0.03786090860117468,-2.5264560275970935,-3.20150179222492,-0.10068813839874391,-0.9125919645060117,83,791.2648462747194
eur_usd,2019,7,10000.0,9032.899315221484,-0.09671006847785157,-0.09422354003977407,0.03791118616036403,-2.5909887318141367,-3.367925050133122,-0.11619700377936237,-0.8108947474987217,91,852.2079836430185
eur_usd,2019,8,10000.0,9262.518191147146,-0.07374818088528534,-0.0718283737006844,0.034434792691113596,-2.1471717167615725,-2.8713869375369407,-0.08125517859974973,-0.8839851802492454,76,733.4230295930438
eur_usd,2019,9,10000.0,8925.26744306432,-0.10747325569356803,-0.10472635570482147,0.03425205346638663,-3.2119676114739897,-3.8312598296502527,-0.11527345252332255,-0.9085036789683457,82,773.0668593192592
eur_usd,2019,10,10000.0,8699.773710402776,-0.13002262895972239,-0.12674138973636584,0.03364014335307833,-4.010767652558919,-4.602903523842135,-0.13541628672252115,-0.9359390425176044,78,726.0378405162135
eur_usd,2019,11,10000.0,9432.217228907406,-0.05677827710925942,-0.055286964613742606,0.03608702652539497,-1.557885701566106,-2.1566780160653596,-0.07742407800892692,-0.7140797286261268,86,829.994140568253
eur_usd,2019,12,10000.0,8655.31931158163,-0.13446806884183693,-0.13108329635268723,0.03288807387682871,-4.254700635948493,-4.675330383141442,-0.14120931347479926,-0.9282907276231525,88,807.3990100118689
eur_usd,2019,13,10000.0,9269.18499638782,-0.07308150036121808,-0.07117837343238032,0.03082398398756974,-2.3797748366953497,-2.992150743160554,-0.08235989026214596,-0.8642358945091398,95,916.0870283766069
eur_usd,2019,14,10000.0,9161.203299995013,-0.08387967000049867,-0.08170793600476378,0.03436713144944702,-2.462725474551475,-3.1180481594895397,-0.09974265355233858,-0.81918751000432,86,821.5710061174365
eur_usd,2019,15,10000.0,9160.679564503074,-0.08393204354969253,-0.08175901489207793,0.03858407853860591,-2.1910516031758704,-2.8975462821351243,-0.0977378850906433,-0.8365130350043244,80,765.7700759375006
eur_usd,2019,16,10000.0,8825.820092456375,-0.11741799075436243,-0.11443356052420062,0.037582732251176254,-3.2140874639925916,-3.861038927401245,-0.11825582591264283,-0.9676779950675262,91,847.1523689734441
eur_usd,2019,17,10000.0,8517.854515597275,-0.1482145484402725,-0.14451345152462058,0.03657889038953414,-4.24751486457394,-4.835355907199126,-0.15294386670127236,-0.944879024190503,88,806.0012952241633
eur_usd,2019,18,10000.0,9164.1796300351,-0.08358203699649003,-0.08141766191748179,0.032227882469069255,-2.6186119817023887,-3.449048844472854,-0.0976607204228398,-0.8336786946171322,87,838.8226785909616
eur_usd,2019,19,10000.0,8933.769559864772,-0.10662304401352285,-0.10389658744940267,0.03917772733513214,-2.7799202423323814,-3.5368907882918044,-0.11469190856531075,-0.9058754776082505,93,881.0750007554574
eur_usd,2019,20,10000.0,9057.147507330857,-0.09428524926691428,-0.09185784771542194,0.03395513235982438,-2.8202342400827036,-3.5105272194475083,-0.09933274931251479,-0.9247488703491357,79,754.9183722059229
eur_usd,2019,21,10000.0,8938.538955219965,-0.10614610447800354,-0.10343112531809606,0.036393254514353435,-2.9812384464632853,-3.783862897653167,-0.11310235129593316,-0.9144913800020633,85,794.5056564596741
eur_usd,2019,22,10000.0,8930.71679653413,-0.10692832034658695,-0.10419452092569337,0.033195056263701374,-3.2974390063938137,-3.963807467129358,-0.11830314820562482,-0.880741742769102,96,901.09063415474
eur_usd,2019,23,10000.0,8966.66846893659,-0.10333315310634095,-0.10068600318093868,0.031516994199594146,-3.3507512555743793,-4.029779382498688,-0.11715997954623558,-0.8593890471037879,87,811.900351666911
eur_usd,2019,24,10000.0,8900.440118617562,-0.10995598813824381,-0.10714951295273978,0.03604525821201817,-3.1255906349054157,-3.729089134424641,-0.11592361401161522,-0.9243113568043496,89,839.0503900068065
eur_usd,2019,25,10000.0,9128.700284911141,-0.0871299715088859,-0.08487804053841941,0.03739702934437025,-2.3527321042463667,-2.943538202975862,-0.08875915843497073,-0.9562736064087988,79,741.4808654770062
eur_usd,2019,26,10000.0,8895.695967408843,-0.11043040325911568,-0.10761256486860127,0.03221800395108008,-3.5170501376604846,-4.421654667643927,-0.12940753388932724,-0.831578824155898,95,909.2072060729015
eur_usd,2019,27,10000.0,9385.1322425597,-0.06148677574402994,-0.0598757599184222,0.02577826223250759,-2.382030315899085,-3.03469028655135,-0.06528323211503972,-0.9171690490585902,78,750.0865979354187
eur_usd,2019,28,10000.0,9323.10408708373,-0.067689591291627,-0.06592183272022645,0.03615976916330003,-1.8676551805436563,-2.3877265148208013,-0.067689591291627,-0.9738843367544574,80,771.1226161242778
eur_usd,2019,29,10000.0,9329.542629322299,-0.06704573706777006,-0.06529419799761005,0.041237075974303525,-1.6166945868750962,-2.211443738251028,-0.08405809874098957,-0.7767746234518434,88,848.1856168134655
eur_usd,2020,0,10000.0,10042.388267872311,0.004238826787231087,0.004092361677744405,0.04672059202763254,0.11064602658118285,0.1758064739885123,-0.04026575750861283,0.10163379335081552,84,841.3991481954915
eur_usd,2020,1,10000.0,9845.27464864396,-0.015472535135604093,-0.014943006117613566,0.05134036632465762,-0.2677093560786171,-0.4125177978549457,-0.05318319151454853,-0.28097234656415515,84,813.0413509963379
eur_usd,2020,2,10000.0,10076.129027004312,0.0076129027004312455,0.007349426547587967,0.05062126004207599,0.16987507000936536,0.24537359782771326,-0.052417601250756785,0.14020913533279739,92,917.1190314938574
eur_usd,2020,3,10000.0,9507.667492885605,-0.04923325071143958,-0.04757660563830213,0.048054384606126065,-0.9903423895748734,-1.3386863403029585,-0.06322486852728859,-0.7524982929425549,83,795.7877313687774
eur_usd,2020,4,10000.0,9405.875245606047,-0.05941247543939532,-0.05742377171992619,0.05689535670153509,-1.0109965362809812,-1.4682675999071872,-0.0817188719077857,-0.7026990262998868,87,844.790734995956
eur_usd,2020,5,10000.0,9415.763693394028,-0.05842363066059719,-0.05646702373222923,0.042671917385164064,-1.3406866988447097,-1.7762581247678633,-0.06714525609194666,-0.8409681788227156,94,900.4041059531286
eur_usd,2020,6,10000.0,10030.767593849194,0.0030767593849194697,0.002970506814110374,0.05484821189683068,0.08136253899916754,0.12567878909613572,-0.045105408544130254,0.06585699830662409,83,828.651892924976
eur_usd,2020,7,10000.0,9759.306992710272,-0.024069300728972842,-0.023249049919047304,0.05386301046431727,-0.40992228504223155,-0.6306244736088895,-0.056761855053950594,-0.4095893253832123,91,902.2476229267381
eur_usd,2020,8,10000.0,9829.701335769962,-0.01702986642300386,-0.016447486107282083,0.05931216998208972,-0.2499479360527186,-0.3348920560990882,-0.05128023748044741,-0.3207373232924931,77,748.4880726035724
eur_usd,2020,9,10000.0,9222.2303313399,-0.07777696686600999,-0.07519851648067122,0.051305929980648673,-1.497820997732075,-1.8772120970816468,-0.07866065682907608,-0.9559863788586479,83,794.7922055279726
eur_usd,2020,10,10000.0,9800.19302310477,-0.01998069768952304,-0.01929840026748353,0.056697581095732086,-0.31534944370654844,-0.42538843774583135,-0.05486915163577055,-0.35171676055042966,80,784.1336717658063
eur_usd,2020,11,10000.0,9254.238618439922,-0.07457613815600783,-0.07209960577827101,0.040996297929475484,-1.8046238668855699,-2.453720364684542,-0.10507776734686336,-0.6861547175842544,87,827.9016272531471
eur_usd,2020,12,10000.0,9047.589039352328,-0.09524109606476727,-0.09211313590025638,0.04138745816158565,-2.3138278217012025,-2.975069698720471,-0.10892364767633733,-0.8456670141452407,89,827.2531248182969
eur_usd,2020,13,10000.0,9660.171114839464,-0.03398288851605358,-0.03283051841841145,0.06039508350517462,-0.5224983447738069,-0.6988913260202864,-0.07024765355184404,-0.4673539507505675,95,915.8754448356128
eur_usd,2020,14,10000.0,9671.135195952154,-0.03288648040478459,-0.03177067540118006,0.043494994975197585,-0.7206216067680333,-1.0913312420888646,-0.053355675198305086,-0.5954507235284561,86,839.0589875963118
eur_usd,2020,15,10000.0,9739.88958234591,-0.026011041765409026,-0.025125474498761124,0.05507270953437036,-0.43448763299016313,-0.5721416978721752,-0.05822486277361982,-0.4315248383916299,80,786.4114878079909
eur_usd,2020,16,10000.0,9508.309343393972,-0.04916906566060275,-0.047514525955822284,0.05305146641380823,-0.8909856365496475,-1.1733999511087752,-0.07474674296254302,-0.635673530010969,92,875.9234279092284
eur_usd,2020,17,10000.0,10197.96829010766,0.01979682901076596,0.019107699687920476,0.054426124814454906,0.3748607553821699,0.580383264520531,-0.035347925803676294,0.5405607048641371,89,894.9903806406345
eur_usd,2020,18,10000.0,9691.780684459887,-0.03082193155401125,-0.02977509145677293,0.056034016421231035,-0.5113854656459053,-0.6694688193771496,-0.049774501566225315,-0.5981996910035747,87,853.3526394835071
eur_usd,2020,19,10000.0,9159.774785689235,-0.08402252143107658,-0.08124627468023904,0.051396678421115845,-1.6228034928080297,-2.1654673275900262,-0.11028693194680583,-0.7366808854509269,94,874.0976481651817
eur_usd,2020,20,10000.0,9177.920503148938,-0.08220794968510614,-0.07948902419671511,0.05709124786934385,-1.4219691840989117,-1.783537017704438,-0.12220166653918862,-0.6504741420300019,80,744.1084235633856
eur_usd,2020,21,10000.0,9996.703846152623,-0.000329615384737747,-0.0003182511458122983,0.05485383458917299,0.021603684381623314,0.03023906100521259,-0.04947002518626109,-0.0064332117199059685,85,849.4679628840397
eur_usd,2020,22,10000.0,9519.156690546812,-0.04808433094531883,-0.046465394056305676,0.055824420407740646,-0.82430890111064,-1.0737287090563694,-0.08924650909634646,-0.5206410259267817,97,941.1630655694936
eur_usd,2020,23,10000.0,9026.097779148695,-0.09739022208513048,-0.0941954132882612,0.042734913401395076,-2.2932535381753754,-2.9071311841972456,-0.11302807678921489,-0.8333806604877957,88,817.1425561737173
eur_usd,2020,24,10000.0,10165.593444280152,0.01655934442801521,0.0159837936352909,0.05064988710778195,0.3382769579425806,0.5463293808274153,-0.03340553919960987,0.4784773429275337,90,901.2203874213254
eur_usd,2020,25,10000.0,9012.05948165701,-0.09879405183429901,-0.09555566915745162,0.05425673145645833,-1.823576302300037,-2.2272105130115785,-0.12220835971649935,-0.7819077956624488,80,742.8085363954367
eur_usd,2020,26,10000.0,9615.62715660973,-0.038437284339027045,-0.03713678771554774,0.04057529683171415,-0.9124194513698455,-1.3396522443291055,-0.0651691144063059,-0.5698525759305746,95,923.962946952716
eur_usd,2020,27,10000.0,9521.924705324893,-0.04780752946751077,-0.04619768427187687,0.04555553030729227,-1.0154650566196477,-1.3676661461827806,-0.07452611304662105,-0.6198858679638524,79,766.864935274185
eur_usd,2020,28,10000.0,9338.764720990055,-0.06612352790099452,-0.06391790937019104,0.04716411060989544,-1.3768135157032368,-1.9353930264584496,-0.0717459209048642,-0.8908925910219595,80,775.8516502662659
eur_usd,2020,29,10000.0,10165.935025200299,0.01659350252002989,0.01601675517037826,0.059786136448506916,0.29565082177618107,0.4144476190235526,-0.054069792993771015,0.2962237190777378,88,891.788887019331
eur_usd,2021,0,10000.0,9376.885949929901,-0.062311405007009824,-0.06045330734277654,0.03942290816203587,-1.5619147220950405,-2.0385188598622994,-0.06977117488803963,-0.8664510442856196,84,820.2447858231058
eur_usd,2021,1,10000.0,9176.113412757279,-0.08238865872427215,-0.07995783035464643,0.03582605000452832,-2.3078861590133384,-2.989299326104171,-0.1050859233085848,-0.7608805046119286,83,796.68815193295
eur_usd,2021,2,10000.0,8151.524052782784,-0.18484759472172163,-0.17970525802167348,0.04016732411380333,-4.909676286292652,-5.34780178048036,-0.18484759472172163,-0.9721806674964331,91,815.2275648731226
eur_usd,2021,3,10000.0,8576.881510326326,-0.14231184896736737,-0.13825095042307378,0.042351847952739184,-3.4910508280602506,-4.118950555171077,-0.14576987264890162,-0.9484192303306886,83,773.5706084738277
eur_usd,2021,4,10000.0,8587.36637438208,-0.14126336256179206,-0.13722993280750306,0.03993446794549023,-3.67523014811863,-4.284419488596101,-0.14411626697438173,-0.9522168155514131,87,798.9338058452189
eur_usd,2021,5,10000.0,8918.041458179725,-0.10819585418202748,-0.10504817788498322,0.0354189536459509,-3.1151447576826556,-3.688354945506064,-0.10819585418202748,-0.9709076071274538,93,893.1056099844242
eur_usd,2021,6,10000.0,8445.31797844886,-0.15546820215511392,-0.15106590704618184,0.03898205902033902,-4.180434323343446,-4.637217195606603,-0.16092905770577426,-0.9387111886429785,83,776.7754030858006
eur_usd,2021,7,10000.0,8890.503284350854,-0.11094967156491453,-0.1077268105009268,0.039884524831904945,-2.837291670901637,-3.482252387206501,-0.11660696496040213,-0.9238454198469973,91,851.4462433535022
eur_usd,2021,8,10000.0,8797.04910766622,-0.12029508923337795,-0.11681898763888288,0.039618953423387074,-3.1149618113034974,-3.6994615200163654,-0.13060457006717707,-0.8944479322492045,76,717.8617982055844
eur_usd,2021,9,10000.0,9101.82907658493,-0.08981709234150692,-0.08717767141706612,0.03554513378323756,-2.5479516776362403,-3.087216072011053,-0.0979394831712882,-0.8901177399986832,82,779.8518226761397
eur_usd,2021,10,10000.0,8902.42053976297,-0.10975794602370292,-0.10656759018163364,0.040947466188192075,-2.7308986134364854,-3.361005436721335,-0.11231864383811263,-0.9487969809823549,79,745.7676862561176
eur_usd,2021,11,10000.0,8589.071810944768,-0.14109281890552317,-0.13706386077049115,0.03838790058506432,-3.819859395692949,-4.411645831670987,-0.14839685488495236,-0.9236304965947739,87,801.580727036704
eur_usd,2021,12,10000.0,8771.733562516252,-0.12282664374837482,-0.1192824528299844,0.03681482647964538,-3.4309638687383366,-4.074625636946985,-0.1246116837350475,-0.9572332967076005,89,837.98487587355
eur_usd,2021,13,10000.0,9242.84363812538,-0.07571563618746202,-0.07347372183255274,0.0379227720647655,-1.9931063016553712,-2.5149992069335654,-0.08060912849128232,-0.9114814067304888,95,924.5989425923102
eur_usd,2021,14,10000.0,8837.679783117826,-0.11623202168821734,-0.11286565707104357,0.040100674733371824,-2.9657405503821437,-3.538067743881869,-0.12482079989433603,-0.9042215493458399,86,816.4448499944191
eur_usd,2021,15,10000.0,8742.254646980165,-0.12577453530198346,-0.12215133289423019,0.03892025710908204,-3.3271001728197453,-3.8695075226526945,-0.12754119975510758,-0.9577401900622975,80,753.442585215282
eur_usd,2021,16,10000.0,9056.003187754966,-0.09439968122450337,-0.09163248326515416,0.03905327150696967,-2.4409704361532816,-3.1394463276457243,-0.1146823521126843,-0.7990111955073799,91,887.8380529940332
eur_usd,2021,17,10000.0,8609.992001954677,-0.13900079980453228,-0.13502677647193406,0.04249116884702796,-3.391641406645967,-4.083522156716027,-0.14633133541154097,-0.9227468340406102,89,822.0032785221563
eur_usd,2021,18,10000.0,8989.43139369374,-0.10105686063062602,-0.09810527629460475,0.03585307728462494,-2.8615476436567793,-3.440840763644843,-0.11439503661281547,-0.8576008120584332,87,826.1618808829065
eur_usd,2021,19,10000.0,9406.230813472852,-0.05937691865271477,-0.05760361396018521,0.040859513026246526,-1.4315018598996436,-1.9285997518892721,-0.0744670531915328,-0.773544963730819,93,893.1853827587057
eur_usd,2021,20,10000.0,8863.314683368744,-0.11366853166312563,-0.11037169069780417,0.04281810985408348,-2.7093716172582605,-3.3181191763823117,-0.1154736834102218,-0.9558168358214336,80,751.0176917673319
eur_usd,2021,21,10000.0,8959.341206661913,-0.10406587933380873,-0.1010314364600341,0.04273710339652675,-2.4703058804255584,-3.030626266791118,-0.11879111490126049,-0.8504965758088197,85,793.3611021193045
eur_usd,2021,22,10000.0,8813.669996391265,-0.11863300036087343,-0.11520172137894757,0.04183360406150907,-2.904194937615227,-3.497901504150822,-0.13088753791085816,-0.8801580594892577,96,895.8188556716209
eur_usd,2021,23,10000.0,8752.806277527312,-0.12471937224726881,-0.12112441691968723,0.03775105323539178,-3.400378190543655,-3.9682368959764,-0.12686036821318158,-0.9547853173194688,87,812.4430640111162
eur_usd,2021,24,10000.0,8616.615188530179,-0.1383384811469821,-0.13438188154699338,0.04161580478263435,-3.445954397010036,-4.035196295238576,-0.14122191691112507,-0.9515653411755038,89,829.8743857406226
eur_usd,2021,25,10000.0,8929.632890872832,-0.10703671091271683,-0.10392075771659237,0.03812192888465464,-2.8586616424738556,-3.4594030550680515,-0.11889774937053599,-0.8740346917142314,79,735.4881798987228
eur_usd,2021,26,10000.0,9079.175067952103,-0.09208249320478967,-0.08937981928591054,0.03817475828665118,-2.433150351623853,-2.9474114591016587,-0.1023673196206385,-0.8731284517084346,95,916.0769222438039
eur_usd,2021,27,10000.0,9206.21024986916,-0.079378975013084,-0.07703317213511462,0.034565568379510844,-2.301536443470045,-2.955904410437627,-0.08563623465633008,-0.8995394583176067,79,763.7883948887385
eur_usd,2021,28,10000.0,8721.292701701941,-0.12787072982980585,-0.12419152475533235,0.03522807171375222,-3.7456936432841124,-4.205167679384095,-0.13074479029371,-0.9498774251451538,80,746.8244789236411
eur_usd,2021,29,10000.0,8747.133067515482,-0.12528669324845176,-0.12167654580401022,0.04067105654159665,-3.168879999728736,-3.706524505875438,-0.13820528392790488,-0.8804044414646482,88,793.4768830477609
eur_usd,2022,0,10000.0,8985.408498715555,-0.10145915012844453,-0.09885731761701178,0.06792116712727399,-1.4984033084453865,-2.045384480666777,-0.14646919081343956,-0.6749359170211305,84,772.8505930575302
eur_usd,2022,1,10000.0,8788.031546709119,-0.12119684532908814,-0.1181229304131356,0.06013962273381,-2.0597115742523244,-2.7419240747604596,-0.16358877702901486,-0.7220723362470322,83,765.6930534508767
eur_usd,2022,2,10000.0,8558.807670880366,-0.1441192329119635,-0.14051176614668626,0.068465000242176,-2.1768015627978365,-2.7485612971458218,-0.16220005063529264,-0.8662868204808853,91,826.8618679150987
eur_usd,2022,3,10000.0,8423.782806067322,-0.15762171939326786,-0.15370752219400308,0.0676210004206878,-2.4334950406526388,-3.0757862504289077,-0.18597988221147144,-0.8264739194706417,83,747.6658689980021
eur_usd,2022,4,10000.0,9681.932947993657,-0.03180670520063433,-0.030960513416906643,0.07274447505396162,-0.3961171813299467,-0.5872453082413402,-0.10050841502547958,-0.30803901751965684,87,830.6656199486907
eur_usd,2022,5,10000.0,8339.856465507397,-0.1660143534492603,-0.16191237986112283,0.06818308124164021,-2.555643967656682,-3.182406344994287,-0.20074840016464157,-0.806543811698286,93,822.4551564182402
eur_usd,2022,6,10000.0,9362.018752492377,-0.0637981247507623,-0.062128575410715814,0.06938218050219655,-0.8898290600447806,-1.2648425796677671,-0.13012461525124241,-0.4774544408124397,83,798.5534596629898
eur_usd,2022,7,10000.0,8750.830398452777,-0.1249169601547222,-0.12175537036742312,0.06573820213181628,-1.9416893880333923,-2.5247274267264084,-0.14055253445585303,-0.8662623611790222,91,849.5881749514441
eur_usd,2022,8,10000.0,9140.90890823041,-0.08590910917695893,-0.08368726568674367,0.07666431707453153,-1.1016173141385142,-1.50906802797354,-0.16330507403646777,-0.5124596781852315,76,698.0660004317614
eur_usd,2022,9,10000.0,9311.63958956348,-0.06883604104365204,-0.06703943096111897,0.06420843850394109,-1.0486544732001088,-1.52067733221079,-0.10313734130273366,-0.6500015427423287,82,780.1770773008044
eur_usd,2022,10,10000.0,9537.297126971578,-0.04627028730284222,-0.045048345332899475,0.0679012367721601,-0.6449861308290528,-0.9263800081731581,-0.06517578436706517,-0.6911822507450089,78,756.9784068758064
eur_usd,2022,11,10000.0,9131.674021388359,-0.08683259786116415,-0.08458799153764618,0.062140690079012594,-1.3910575357558832,-1.8572806641008461,-0.12786751709590383,-0.6615283807708808,86,820.6843423459184
eur_usd,2022,12,10000.0,8903.789500637624,-0.10962104993623767,-0.10682260121791176,0.06509836906957593,-1.702542794243933,-2.246908162305065,-0.14961976642939534,-0.7139604864195581,88,806.8994222584853
eur_usd,2022,13,10000.0,9048.604800345925,-0.09513951996540748,-0.09269126829020335,0.06973072652255646,-1.360014473267864,-1.9249613274476254,-0.15168771212820742,-0.6110664271332678,95,883.8650327422839
eur_usd,2022,14,10000.0,8812.863067436732,-0.11871369325632675,-0.11569853211899517,0.07071318262253513,-1.7031860310326128,-2.2957657529990807,-0.15841564658169938,-0.7303478830250912,86,800.5380713467914
eur_usd,2022,15,10000.0,8775.436460903034,-0.12245635390969656,-0.11935270854372027,0.07637315617593395,-1.6257266056078523,-2.2012460985359965,-0.2011834902678229,-0.5932529969772049,80,715.1940237921425
eur_usd,2022,16,10000.0,9046.660617193265,-0.09533393828067349,-0.0928809444214459,0.0693664661148278,-1.3705037403409548,-1.8799438222354525,-0.14600432087553072,-0.6361520252583982,91,855.895328221425
eur_usd,2022,17,10000.0,9352.373911654051,-0.06476260883459495,-0.06306867894899537,0.07924412750846795,-0.7825362613274431,-1.1184403308116688,-0.11885132183099567,-0.5306518932846017,88,829.4462147288006
eur_usd,2022,18,10000.0,9137.684019016675,-0.08623159809833247,-0.08400180286632353,0.05961425449721978,-1.4418426883667594,-1.900965199064763,-0.13194287652322312,-0.6366528082441681,87,815.9795044093909
eur_usd,2022,19,10000.0,8277.213009706618,-0.17227869902933812,-0.1680380206857537,0.06780485209867042,-2.678423376203899,-3.374903044400365,-0.20230273739076887,-0.8306265295914939,93,828.6602224470327
eur_usd,2022,20,10000.0,7596.975626160009,-0.24030243738399915,-0.23463841707219446,0.07321789659184913,-3.6137209411073434,-4.207863003745972,-0.2642662848252547,-0.8878863121996377,79,675.7604704323103
eur_usd,2022,21,10000.0,9072.786117764264,-0.09272138822357356,-0.09033221074677256,0.07037978061902346,-1.3098818417725395,-1.7566896096894915,-0.12965998636601817,-0.6966853327577335,85,798.160235900535
eur_usd,2022,22,10000.0,9169.640536480967,-0.08303594635190326,-0.08088507988087579,0.07208125594447555,-1.134053188268143,-1.5955976376202834,-0.14169600190044573,-0.5708353008979383,96,897.2651821730223
eur_usd,2022,23,10000.0,8509.068114231966,-0.14909318857680331,-0.14537207120327622,0.06645454533947429,-2.3299489470989347,-2.8658020939972197,-0.16374009358274755,-0.8878220845147564,87,784.4949044927155
eur_usd,2022,24,10000.0,9175.55689167119,-0.08244431083288095,-0.08030808928465116,0.06996697111643864,-1.1614917528068571,-1.6358225220917013,-0.1583557662744861,-0.5071371328875329,89,822.7539395162901
eur_usd,2022,25,10000.0,8663.652108356382,-0.13363478916436178,-0.13026937775882974,0.06330102309368116,-2.1726925839613274,-2.71617827634384,-0.14660798069160352,-0.8885558422147375,79,711.9814010195545
eur_usd,2022,26,10000.0,8338.521262752363,-0.1661478737247637,-0.16204293073565879,0.06324242853468647,-2.762878759738719,-3.3730985965434366,-0.19998611227553242,-0.8102709177745446,95,854.9957180517888
eur_usd,2022,27,10000.0,8511.397063550643,-0.1488602936449357,-0.14514448061972784,0.06271636931098629,-2.468424639292908,-3.001346541025261,-0.16296623422723633,-0.8906414344540953,78,725.2700547148266
eur_usd,2022,28,10000.0,9208.576625422169,-0.0791423374577831,-0.07708803507202688,0.0659842277087397,-1.182720246600489,-1.6276655717386712,-0.11122901061280666,-0.6930569160627879,80,752.1630861314173
eur_usd,2022,29,10000.0,9017.664436017258,-0.09823355639827425,-0.09570996693939993,0.06661980426811716,-1.4766413047088562,-1.9722207994691379,-0.11994749268972948,-0.7979322017757784,88,817.7584937092047
eur_usd,2023,0,10000.0,9344.117866133209,-0.06558821338667908,-0.06387343441206172,0.04905028755248685,-1.321046019329976,-1.8093394598593484,-0.09962296200312826,-0.6411517297594107,84,831.0847367095538
eur_usd,2023,1,10000.0,9020.078335307193,-0.09799216646928066,-0.09547444464330657,0.0501117879047605,-1.9770233702707847,-2.4774212657854324,-0.12027340362906835,-0.7938117801817306,83,784.7107204417947
eur_usd,2023,2,10000.0,9113.264074274426,-0.08867359257255736,-0.08638368153278209,0.05782567720803102,-1.533316289129088,-2.171845257376361,-0.13510339315101816,-0.6393894299621525,91,870.935833073989
eur_usd,2023,3,10000.0,9342.331842978438,-0.06576681570215626,-0.06404752898997657,0.05336352924972697,-1.2136405554374619,-1.6726383143229147,-0.10904061726020553,-0.5873731330513182,83,797.3309142164911
eur_usd,2023,4,10000.0,8527.900151927246,-0.14720998480727543,-0.14353180693590284,0.052112034110080405,-2.9462562428316663,-3.505010076219948,-0.16098214227856777,-0.8916008005877546,87,803.5824720631596
eur_usd,2023,5,10000.0,9737.267348272213,-0.026273265172778726,-0.025572335719250994,0.045902661791272906,-0.5414811040795937,-0.8117995802683482,-0.1062297976359422,-0.24072657849626505,93,940.1151754348225
eur_usd,2023,6,10000.0,10022.389756012411,0.002238975601241089,0.002178396885118783,0.054903127880492515,0.06694525042148293,0.1027739351501075,-0.05300180309088709,0.04110042976053634,83,839.7660231679976
eur_usd,2023,7,10000.0,8619.921930680897,-0.13800780693191028,-0.13454102566830406,0.05347003034561376,-2.6749126645543178,-3.2712227824471185,-0.14927032350884661,-0.9013246739585875,91,842.6052416475576
eur_usd,2023,8,10000.0,9423.544712969186,-0.05764552870308148,-0.05613212161760295,0.0532759658859213,-1.0576791184682388,-1.4508548607863725,-0.11094558642245289,-0.5059428087915633,76,715.2653675889759
eur_usd,2023,9,10000.0,9319.50485085317,-0.06804951491468292,-0.0662726945168215,0.05071896209488141,-1.326555102248921,-1.8822685535890251,-0.09421818251982073,-0.7033960191588251,82,786.964350217315
eur_usd,2023,10,10000.0,9331.123633611774,-0.06688763663882258,-0.06514008210872446,0.0513359381384545,-1.2863567235805458,-1.7161164056777443,-0.08317813094719195,-0.7831395267835548,78,754.0735549371648
eur_usd,2023,11,10000.0,9134.499955557136,-0.0865500044442864,-0.08431236107969209,0.05283067708474014,-1.64059077900547,-2.1496852367551194,-0.13295226320656994,-0.6341551399444377,86,818.9153039390283
eur_usd,2023,12,10000.0,9014.122664323388,-0.09858773356766126,-0.09605553796230004,0.045900218156495684,-2.1768162351062914,-2.6990838928466556,-0.10785031782434962,-0.8906375048309163,88,826.3987042576653
eur_usd,2023,13,10000.0,9547.732321952404,-0.04522676780475954,-0.04403174324213999,0.04754580278704045,-0.9233325325220189,-1.2818864647350847,-0.06700319712596503,-0.6571588391425703,95,933.6639382773861
eur_usd,2023,14,10000.0,9337.729193058403,-0.06622708069415961,-0.06449618151646863,0.04957302219897287,-1.3200372575471782,-1.8455157424090125,-0.09014273018056806,-0.715489550707795,86,831.3926532551775
eur_usd,2023,15,10000.0,9080.133765680654,-0.09198662343193464,-0.08961542971058278,0.05308727730055831,-1.7417870488568883,-2.319812234582714,-0.11331071156289785,-0.7908822429452135,80,763.7098970353762
eur_usd,2023,16,10000.0,9151.841822559158,-0.0848158177440842,-0.08262095430189376,0.05312709008253597,-1.596451383489459,-2.2094469588744396,-0.10640749848499509,-0.776458007924549,91,863.480484928557
eur_usd,2023,17,10000.0,9502.360882006342,-0.04976391179936579,-0.04845207138042262,0.05270751268263713,-0.9159433521099557,-1.2899468277434514,-0.09266372126486722,-0.5228806993616053,88,854.6535274444198
eur_usd,2023,18,10000.0,9949.369719106677,-0.005063028089332344,-0.004926527124455071,0.04925358665815141,-0.07577650610034947,-0.11722758440631623,-0.04340366402493334,-0.11350486727629759,87,860.634631987816
eur_usd,2023,19,10000.0,9018.936101282556,-0.09810638987174447,-0.09558589132572803,0.05439240845126201,-1.8196099659114233,-2.3545005622214594,-0.11137964326657235,-0.8581989358410489,93,867.7791529939675
eur_usd,2023,20,10000.0,9023.581120858154,-0.0976418879141846,-0.0951326835819889,0.060627127631125065,-1.6183535250606373,-2.169783245926683,-0.1350423798026268,-0.704465396129952,79,760.9551687667479
eur_usd,2023,21,10000.0,9364.855409253672,-0.06351445907463271,-0.06185208531133435,0.05621054849888385,-1.1077419583098371,-1.559265446183755,-0.10579346650358257,-0.5846493867297543,85,817.2578913444275
eur_usd,2023,22,10000.0,9671.771506237428,-0.032822849376257235,-0.03195007237366698,0.05740281625573465,-0.5370624885312004,-0.7720019419611466,-0.07772457649709286,-0.41106782196313435,96,926.026756485913
eur_usd,2023,23,10000.0,9050.118930742501,-0.09498810692574988,-0.09254354922777186,0.055020995812693554,-1.737230177772988,-2.3765036507918413,-0.12426201908741796,-0.7447452560920303,87,831.6015191336276
eur_usd,2023,24,10000.0,9298.069374872304,-0.07019306251276958,-0.06836234974579725,0.05419405040145536,-1.2794686360295784,-1.784210374180805,-0.10791352871549609,-0.6334919315448222,89,846.5116936275188
eur_usd,2023,25,10000.0,9073.326256596123,-0.09266737434038763,-0.09027951834772419,0.05329595729264036,-1.748437222793477,-2.301038772623951,-0.11901087874122873,-0.7585820666363067,79,755.3526289412995
eur_usd,2023,26,10000.0,9062.932906743295,-0.09370670932567049,-0.0912934402242862,0.050643085111341905,-1.864796080750048,-2.585864225501862,-0.11693034073739261,-0.7807506558910753,95,908.604647354837
eur_usd,2023,27,10000.0,9415.022777841457,-0.05849772221585425,-0.05696262464601731,0.05170509767162488,-1.10845334513893,-1.6036112906591564,-0.08412456289941517,-0.6771223847442221,78,755.2670969660601
eur_usd,2023,28,10000.0,9795.554059572016,-0.020444594042798414,-0.019897572053757084,0.052428925164397004,-0.3572385141081093,-0.5246934775712613,-0.07573590262649055,-0.2627231123379707,80,790.6173586940022
eur_usd,2023,29,10000.0,8989.750527557044,-0.10102494724429567,-0.09843362940658018,0.05402553427092412,-1.8906927194347758,-2.4491405689657437,-0.13268250610599108,-0.7418734563842818,88,834.7887703522127
eur_usd,2024,0,10000.0,9493.683202126073,-0.0506316797873928,-0.05752579603686425,0.038423230334050464,-1.522631331825185,-2.0182016147583166,-0.055363473154050435,-1.0390568502954483,74,720.3161881955521
eur_usd,2024,1,10000.0,9003.70318814852,-0.09962968118514803,-0.11278728088507062,0.03313483363643233,-3.5942468167217263,-4.173790141335986,-0.09962968118514803,-1.1320650587596581,80,757.4510766261521
eur_usd,2024,2,10000.0,9072.49090345918,-0.09275090965408195,-0.10505410512218472,0.040450375237310994,-2.7231341516871894,-3.2718447304606557,-0.09622262359426059,-1.0917817577409197,82,781.4154163177088
eur_usd,2024,3,10000.0,9229.137612836603,-0.07708623871633968,-0.08741312120412625,0.04213939599396483,-2.1493177369805476,-2.7547208840818445,-0.08217690211386508,-1.0637188669269355,73,688.6275452010656
eur_usd,2024,4,10000.0,9204.323731772696,-0.07956762682273033,-0.09021038932541237,0.039164385942144976,-2.3940185053150063,-3.0494085682984307,-0.08085955286572366,-1.1156429404849273,71,676.6887592804902
eur_usd,2024,5,10000.0,9248.14899461231,-0.07518510053876903,-0.08526925463599144,0.034912668515342,-2.5349621032992964,-3.165801838401135,-0.0770348877243876,-1.1068913988823406,75,723.0273018240854
eur_usd,2024,6,10000.0,9527.145943465575,-0.047285405653442414,-0.05373690809816034,0.03591819229009876,-1.5197416377896067,-2.0586509898610235,-0.0566231974667849,-0.9490263796862115,69,664.5709698910026
eur_usd,2024,7,10000.0,9354.798110884316,-0.06452018891156841,-0.0732312654431938,0.03685275399875434,-2.0449861586410742,-2.65492519345211,-0.06623891375368185,-1.1055625959615512,77,742.3925704476645
eur_usd,2024,8,10000.0,8810.997747441925,-0.11890022525580757,-0.13440711586648035,0.03910518912484957,-3.6705362867582125,-4.2853223399203,-0.12236433242267497,-1.0984174326404756,67,636.18604142024
eur_usd,2024,9,10000.0,9136.2290565388,-0.08637709434612006,-0.097881259389759,0.035384433472560754,-2.8929129347480367,-3.5032003339617463,-0.09118988476102408,-1.0733784744467065,67,633.2560025865488
eur_usd,2024,10,10000.0,9014.954984120295,-0.09850450158797053,-0.11152290921992947,0.04245368858044516,-2.7634939357087878,-3.370538881019758,-0.10594700531879375,-1.0526291789405267,68,645.3152292560043
eur_usd,2024,11,10000.0,8825.794145424366,-0.1174205854575634,-0.13274942333051365,0.037826022570760356,-3.7454075947955796,-4.356527766827604,-0.12293740757003868,-1.0798131012717587,78,731.7516647846668
eur_usd,2024,12,10000.0,9002.95242525251,-0.09970475747474905,-0.11287163671790745,0.03348907021169571,-3.558720038905954,-4.159709839589297,-0.09970475747474905,-1.1320586858304431,72,676.3287460664549
eur_usd,2024,13,10000.0,9171.586726659067,-0.08284132733409333,-0.09389921253418965,0.035664443986545835,-2.7464773304197387,-3.377143384023358,-0.0904291663052702,-1.0383730865902854,77,742.3798093109647
eur_usd,2024,14,10000.0,9551.694350032838,-0.04483056499671623,-0.0509561764663059,0.03509709619122556,-1.4725415267396644,-2.0607741078125574,-0.05516834339500598,-0.9236488415368771,70,680.6111902278353
eur_usd,2024,15,10000.0,9146.688590904827,-0.08533114090951732,-0.09670351185884007,0.03645953840516754,-2.770798642827686,-3.5068052484958905,-0.08776056905407525,-1.1019016045720313,65,624.8156284418292
eur_usd,2024,16,10000.0,9332.396642944694,-0.06676033570553064,-0.07576142962646082,0.03646603546461016,-2.1420058564500453,-2.7413951232985156,-0.07341038779811093,-1.032026010199205,75,722.5516716616045
eur_usd,2024,17,10000.0,9283.616420097707,-0.07163835799022922,-0.08126802882321893,0.04213645528630918,-1.9902530247305803,-2.554411559276213,-0.07202096400453484,-1.1283940717330838,76,724.9357022308593
eur_usd,2024,18,10000.0,9387.264388953472,-0.06127356110465276,-0.06956280940110326,0.03547971050878429,-2.014215883041501,-2.681953567716773,-0.06660323963250714,-1.044435823015907,76,736.486079628646
eur_usd,2024,19,10000.0,9028.13370840377,-0.09718662915962306,-0.11004172588211492,0.04218682048227328,-2.741786461912624,-3.422697713619581,-0.09877954709622205,-1.1140132660754385,79,740.3130564041651
eur_usd,2024,20,10000.0,9445.559183452426,-0.05544408165475745,-0.06297145245196456,0.03927600118975027,-1.636239524970931,-2.173058895377454,-0.06263262348673793,-1.0054097840129335,66,635.8263771301436
eur_usd,2024,21,10000.0,9443.602657185156,-0.05563973428148439,-0.06319276844010235,0.0371009822234175,-1.7407479933816692,-2.2370148760305715,-0.06626805672998592,-0.9535932024925061,70,673.6478001013785
eur_usd,2024,22,10000.0,9033.903459539575,-0.09660965404604249,-0.10939315645387016,0.03695085372948505,-3.116169791032761,-3.754972135017575,-0.09804918920757066,-1.1156966960969381,83,794.9322919033157
eur_usd,2024,23,10000.0,8910.773851641958,-0.10892261483580423,-0.12322131527226055,0.03655119515410118,-3.5785384158634694,-4.051220649216383,-0.112407088666441,-1.0962059131155855,74,690.8394380234746
eur_usd,2024,24,10000.0,9335.037224615777,-0.06649627753842235,-0.0754632297982133,0.0396287964292008,-1.9599022536917354,-2.60367932006256,-0.07503623604339249,-1.0056905007145331,75,723.2340636767977
eur_usd,2024,25,10000.0,9325.874065953303,-0.06741259340466965,-0.07649797089846799,0.03489145950687345,-2.263117064698007,-2.91290354988481,-0.06915305541051109,-1.1062124506915207,67,653.2003916186594
eur_usd,2024,26,10000.0,9207.096493099632,-0.07929035069003676,-0.08989786846013548,0.0355887349406296,-2.628635508989571,-3.2973642244918913,-0.10177172500523524,-0.8833285321194176,79,742.5995264666353
eur_usd,2024,27,10000.0,9571.04600233948,-0.042895399766051945,-0.04876340263093093,0.03450336571746586,-1.4316026488423477,-1.9618045826379475,-0.053444611851123036,-0.9124100810530306,66,640.5869198377013
eur_usd,2024,28,10000.0,9315.456467774626,-0.06845435322253746,-0.07767419517598817,0.034792329224493705,-2.3062700113484786,-2.886991379748094,-0.07399293653271288,-1.0497514873145732,70,679.6367003013073
eur_usd,2024,29,10000.0,9264.456258930555,-0.07355437410694454,-0.08342983204827825,0.037942271152872326,-2.2767554354250152,-3.0473477272718714,-0.08115951536177712,-1.0279735121184614,70,671.5577458420003
gold,2016,0,10000.0,9735.040118319832,-0.026495988168016793,-0.026810899000679234,0.09745627031363814,-0.23045296538730872,-0.3452497092614206,-0.1007514830856776,-0.2661092241975201,84,857.3422381352068
gold,2016,1,10000.0,10121.560253333839,0.01215602533338389,0.012303380784493223,0.11325598250627752,0.16402677474188054,0.2571460659230333,-0.15725818672317182,0.07823682213855981,83,905.8047058143848
gold,2016,2,10000.0,10601.021314994476,0.06010213149944765,0.060847853061924084,0.11700168457193831,0.5628733347903594,0.8920672691684983,-0.0935725191512905,0.6502748201482498,87,937.8181247330718
gold,2016,3,10000.0,9302.882711394883,-0.06971172886051169,-0.07052129626211878,0.10967540961947542,-0.612293545682893,-0.8940907020117806,-0.16726989750684296,-0.42160183818629876,80,831.5517101055677
gold,2016,4,10000.0,9311.621661414742,-0.06883783385852582,-0.06963763706038695,0.12532169014878974,-0.5140108880521529,-0.81134858324631,-0.18025683463599607,-0.3863245307786004,83,861.7454397312404
gold,2016,5,10000.0,9672.284843798292,-0.03277151562017078,-0.033159733659376855,0.10554424778619964,-0.2671186825770822,-0.3949720314584306,-0.12371523659787198,-0.26803273849897996,88,907.953867354186
gold,2016,6,10000.0,9261.436520662319,-0.07385634793376816,-0.07471208762293136,0.10980429426308885,-0.6526805488243225,-0.964949694517336,-0.12065642639732421,-0.6192134961539706,82,805.2803442832856
gold,2016,7,10000.0,9122.067276188089,-0.08779327238119117,-0.08880261037284376,0.12148271669381568,-0.7051783872850647,-1.0624763207593348,-0.2019045874742761,-0.4398246294634478,89,898.3914935615927
gold,2016,8,10000.0,10557.634110766823,0.05576341107668226,0.05645387856708939,0.10422917378110634,0.5783994851981916,1.0088976035787112,-0.08702963970629651,0.6486741615569965,75,808.944759296599
gold,2016,9,10000.0,8935.211757929303,-0.10647882420706978,-0.1076900182268773,0.10604164304630144,-1.021470946446794,-1.3786015770192543,-0.14905963811721834,-0.7224626303076854,77,755.0310668829408
gold,2016,10,10000.0,9371.84314535107,-0.06281568546489302,-0.06354793084543353,0.11904164064907363,-0.49226198515226455,-0.6901872407064498,-0.16163922257562924,-0.3931467241232254,75,768.233653244995
gold,2016,11,10000.0,9175.22100535962,-0.08247789946403794,-0.0834289607700811,0.11512497695169713,-0.6990834951976863,-0.930721906132584,-0.17588343041167087,-0.47434235604120395,85,885.6588724031727
gold,2016,12,10000.0,9702.67075904644,-0.029732924095356106,-0.030085708781841358,0.11357811996934367,-0.21254530917258946,-0.30770983562009285,-0.14082298654255987,-0.21364203047027966,83,873.7820872840164
gold,2016,13,10000.0,9068.716600367514,-0.09312833996324865,-0.09419579122591071,0.10228103028680216,-0.9164640435742557,-1.3662388556113814,-0.15226026487255684,-0.6186498578913769,92,908.4024031039125
gold,2016,14,10000.0,8739.496633445337,-0.1260503366554664,-0.127467853559043,0.1032967981119468,-1.2678777236120844,-1.5372836349097903,-0.1816601297677619,-0.7016831581151052,83,822.8592099534915
gold,2016,15,10000.0,10622.195684182892,0.06221956841828913,0.06299233449727693,0.10688481030413516,0.6245286702635721,1.0166593576294998,-0.1044209534152094,0.603253776536595,75,826.7989008547675
gold,2016,16,10000.0,10027.905553605566,0.0027905553605565014,0.0028242239419393744,0.11786767603642703,0.08224674923432918,0.1291316594116418,-0.13641099750368146,0.020703784838631903,87,932.3595121935832
gold,2016,17,10000.0,9860.639972136212,-0.013936002786378743,-0.014102716913750757,0.12791091295457435,-0.04757379260486338,-0.07179453418658448,-0.13045592219090696,-0.1081033093546576,84,889.549893737288
gold,2016,18,10000.0,9515.759015824784,-0.0484240984175216,-0.048992991607350045,0.09654762654147117,-0.4720870780619493,-0.6504224370829584,-0.15563704352239416,-0.3147900429006838,83,881.7468719254409
gold,2016,19,10000.0,10199.154096828115,0.01991540968281158,0.020157756759104917,0.11595344006289204,0.22937987777486885,0.3889854223892789,-0.10464572267794037,0.19262857805610273,89,956.2674198694642
gold,2016,20,10000.0,9707.870519196624,-0.029212948080337586,-0.029559657636323955,0.12907806353831097,-0.16841011382936358,-0.2532482850170068,-0.18826096719745866,-0.15701426629408596,76,833.2596475302167
gold,2016,21,10000.0,8557.462374524332,-0.14425376254756683,-0.14585839291669134,0.11422860132074528,-1.3229896409768338,-1.826346851336461,-0.22886970848368937,-0.6372988102402642,79,808.1142990435288
gold,2016,22,10000.0,10200.013393226796,0.020001339322679668,0.020244742404149196,0.11899766074354644,0.22739300247039193,0.35617757625873153,-0.1263281414657096,0.16025520655383357,92,1008.2006662572887
gold,2016,23,10000.0,10467.200855824829,0.04672008558248297,0.04729608567696664,0.1278269851832045,0.4247789435835081,0.6953733061431654,-0.1339475908474138,0.35309396292796263,83,925.762749382569
gold,2016,24,10000.0,8901.608696167716,-0.10983913038322846,-0.11108612311083588,0.12380446993091249,-0.8894782086557277,-1.263569996269666,-0.18520724716196302,-0.5997936085821279,82,834.5304215048759
gold,2016,25,10000.0,9358.535090342131,-0.06414649096578684,-0.06489370631097291,0.11719414927000074,-0.5141886135936677,-0.7323619135617827,-0.16253436165561874,-0.39926145862295304,74,747.6085800401637
gold,2016,26,10000.0,10093.578156468438,0.009357815646843903,0.0094710926540984,0.10618529853810157,0.14147327422834327,0.21235905078795092,-0.11802056881377743,0.08024950861779585,91,977.9865808689714
gold,2016,27,10000.0,9744.09032817016,-0.025590967182984037,-0.025895265307135706,0.10861155270149356,-0.1877420153815825,-0.28551035667039415,-0.12561954969912825,-0.20614040863191702,75,769.1872818504394
gold,2016,28,10000.0,8877.577395951155,-0.1122422604048845,-0.1135147599597861,0.10954130137023176,-1.045375683200983,-1.512643153683085,-0.14366007454446705,-0.7901621958622186,77,746.9327938688581
gold,2016,29,10000.0,9354.673917628677,-0.06453260823713225,-0.06528416262436088,0.12629587340628798,-0.47167460810851736,-0.6702757258727016,-0.15109801908908504,-0.4320649801892528,81,831.1922966820441
gold,2017,0,10000.0,9861.76974188409,-0.013823025811590894,-0.013932836053596409,0.06963269407347594,-0.16685420947024002,-0.24450708500219817,-0.0969674953549362,-0.14368563406322063,84,832.35839297753
gold,2017,1,10000.0,9647.509596579932,-0.03524904034200682,-0.0355259634864431,0.062420466693484465,-0.5483488255957206,-0.7513375651376134,-0.1052250482433249,-0.3376188852324593,83,833.6949329206864
gold,2017,2,10000.0,9337.204023831227,-0.0662795976168773,-0.06679172034153535,0.06961298038207489,-0.9582032724154599,-1.3073806256572629,-0.13453100045125677,-0.4964782846890023,87,827.4590472411396
gold,2017,3,10000.0,9337.9692744664,-0.06620307255335989,-0.06671462536013273,0.06639209658909227,-1.0067295253438096,-1.3540316589115031,-0.08171651654762502,-0.8164154344642301,80,779.1323699551646
gold,2017,4,10000.0,9769.093674566533,-0.023090632543346645,-0.02327319122722593,0.0770193245205438,-0.26740992652350465,-0.384687555083802,-0.07129137568992028,-0.3264517061425773,84,823.2851787650578
gold,2017,5,10000.0,10040.236399059346,0.004023639905934573,0.0040558942152879585,0.07794629995996065,0.09069767146703259,0.13541398766631912,-0.08237934861646024,0.04923435646682874,89,909.9539446826122
gold,2017,6,10000.0,9718.551275891177,-0.02814487241088226,-0.02836680735864061,0.07302054363209788,-0.357663405863381,-0.4824248139274179,-0.10810170337202574,-0.2624085141472553,82,831.7218248263661
gold,2017,7,10000.0,9346.553695075256,-0.06534463049247441,-0.06584978661760854,0.0679731617188262,-0.9681444159596011,-1.315326732425152,-0.10250515253163817,-0.6424046498275687,90,878.4936591179405
gold,2017,8,10000.0,9709.107441452286,-0.0290892558547714,-0.029318524782871336,0.07346351090790372,-0.3684300599440498,-0.5080487659588556,-0.08835374349887337,-0.33183115532897806,75,740.6837532216165
gold,2017,9,10000.0,9512.349559440427,-0.048765044055957385,-0.0491454177157048,0.06353196628941428,-0.761408224649696,-0.9603985953126466,-0.08508093089772317,-0.5776314057351242,78,761.0758843278329
gold,2017,10,10000.0,10399.50845689721,0.03995084568972107,0.0402768044480768,0.0693775111541197,0.6037361507094621,0.889757309477966,-0.06793368735683114,0.5928841200171762,75,773.9139445773861
gold,2017,11,10000.0,8834.91820801453,-0.11650817919854706,-0.1173832735139494,0.06659103909246203,-1.8413756978111249,-2.238963890871722,-0.17594086433431988,-0.6671745870868274,85,799.982584718308
gold,2017,12,10000.0,9370.40303856553,-0.06295969614344699,-0.06344704759559994,0.061657554090033706,-1.0322177059497872,-1.3272852318599317,-0.117306050807654,-0.5408676462873485,83,788.985563388243
gold,2017,13,10000.0,8795.150376538153,-0.12048496234618467,-0.12138782822044836,0.07376405741981465,-1.7171603957873,-2.1831577892876632,-0.1441665227356156,-0.8419973369480467,93,873.5892322988477
gold,2017,14,10000.0,9952.582762098104,-0.004741723790189667,-0.004779566782769251,0.07079388183982463,-0.032406265381907134,-0.045528969222719644,-0.06679072791448704,-0.07156033377699653,83,821.6488281811672
gold,2017,15,10000.0,9661.885224112802,-0.03381147758871972,-0.034077307541601765,0.07524116623663167,-0.4233192782291261,-0.6012327959080708,-0.09152152648637302,-0.37234199264230655,76,744.0458953081613
gold,2017,16,10000.0,9904.269158381116,-0.009573084161888401,-0.009649298151528818,0.07336949542963633,-0.09560696542357267,-0.13386772217837972,-0.09212512281506313,-0.10474122429013562,88,908.9046182964686
gold,2017,17,10000.0,9012.2388149813,-0.09877611850187007,-0.0995256362513206,0.07199476716866028,-1.4199560630181507,-1.878048731292719,-0.1251358910648247,-0.7953404527224159,84,800.4347967395037
gold,2017,18,10000.0,8983.388411282805,-0.10166115887171945,-0.10243130111051646,0.06252835769903227,-1.6966989663337453,-2.1331082516223656,-0.12196388330024144,-0.839849456567063,84,809.308935272552
gold,2017,19,10000.0,9379.800024898763,-0.06201999751012377,-0.06250032022074381,0.07242433933629515,-0.8549214555116708,-1.1587433811360295,-0.08787472748936576,-0.7112434030399394,90,882.2260758522838
gold,2017,20,10000.0,9370.10889371518,-0.062989110628482,-0.06347668197203438,0.08043625483007488,-0.7751418473573443,-1.057479398078572,-0.12889706828624903,-0.4924602461172205,77,762.1499982999903
gold,2017,21,10000.0,8886.355787327693,-0.11136442126723067,-0.11220338074853364,0.06977307472040742,-1.6705448377396541,-2.1746861771823958,-0.14695825645881877,-0.7635051167062241,80,761.4427951186542
gold,2017,22,10000.0,9276.565251877098,-0.0723434748122902,-0.07290059702161034,0.06910760915400718,-1.0607542168831345,-1.4748200587832567,-0.1217911940442119,-0.5985703448735908,93,904.2578547589914
gold,2017,23,10000.0,10041.518858242996,0.004151885824299706,0.0041851703199138335,0.06417270707832262,0.09704522489593874,0.1391076870576246,-0.057943676368321206,0.0722282496076127,83,831.1887880607433
gold,2017,24,10000.0,9692.612763968811,-0.03073872360311891,-0.030980784352769408,0.07319705981241509,-0.3934497495330538,-0.5450612331845847,-0.11142239943367316,-0.27804808108814294,83,825.8723073660617
gold,2017,25,10000.0,9004.628769849607,-0.09953712301503925,-0.10029208824584923,0.0780168324810847,-1.3154738800908825,-1.7089041254127082,-0.15298815392315523,-0.6555546012812545,74,704.7346090139306
gold,2017,26,10000.0,9822.659579824303,-0.017734042017569673,-0.01787463880255913,0.06916048562150408,-0.2263436099801923,-0.32297855556290217,-0.07088426015923932,-0.2521665425075228,91,904.7809396178484
gold,2017,27,10000.0,10605.682682651974,0.060568268265197345,0.06106731824662903,0.06737083172735626,0.9134695769386171,1.3818676615796701,-0.04225311959418476,1.445273599515091,76,791.5396512889664
gold,2017,28,10000.0,10467.969943791437,0.04679699437914375,0.04718006670948882,0.0636318738538221,0.7561866775967492,1.1887768111794959,-0.05006806981483525,0.942318465320772,77,796.5743802127364
gold,2017,29,10000.0,8918.740181091245,-0.10812598189087552,-0.10894206823933572,0.07705498062698934,-1.458193329298178,-1.9206302505659487,-0.1604469236653765,-0.6789913184408707,82,796.9015031685958
gold,2018,0,10000.0,9521.37253631546,-0.04786274636845389,-0.0484252139071456,0.07023077940736143,-0.6718176349938532,-1.0050541571629352,-0.10263103937239682,-0.4718378981960289,84,826.9139896736232
gold,2018,1,10000.0,9038.063701625344,-0.0961936298374656,-0.09729429760960884,0.0752218038630916,-1.3230539918830768,-1.7902159183053397,-0.13187198135567413,-0.7377935525757724,83,780.8955081910892
gold,2018,2,10000.0,8676.70778117328,-0.13232922188267204,-0.13381180593447228,0.08005752466292737,-1.754080740531989,-2.444480413036077,-0.16146435274098359,-0.8287389981931758,87,803.1639202416455
gold,2018,3,10000.0,8942.746380754099,-0.10572536192459014,-0.10692850786373476,0.07579067245511997,-1.4540308174915768,-1.9300745411791935,-0.1641600299103919,-0.651367497448085,80,757.022054890823
gold,2018,4,10000.0,8451.435658273502,-0.15485643417264983,-0.15656788403359634,0.08157430604127253,-2.0461025147033407,-2.7365963568613574,-0.16183270498139668,-0.9674675094357129,83,747.4059710271674
gold,2018,5,10000.0,9067.91991346167,-0.09320800865383294,-0.09427632483217796,0.06615298953086042,-1.4636235521108836,-1.9765949310893145,-0.16388731590949013,-0.5752508930236178,88,865.911952547042
gold,2018,6,10000.0,9671.676290450767,-0.03283237095492331,-0.033221297447712184,0.06768924585036604,-0.46539697269026,-0.6557916636670437,-0.12586744471327838,-0.26393876131663063,82,806.9095681734681
gold,2018,7,10000.0,8085.292626993782,-0.1914707373006218,-0.19353849258810596,0.08129394025576993,-2.6042427587560875,-3.175860402836545,-0.20976785069968373,-0.9226318138959592,89,792.015741373848
gold,2018,8,10000.0,8876.324492711341,-0.11236755072886595,-0.11364137794495943,0.07542745125751237,-1.5612698223342907,-1.9362851700155135,-0.15677393160332265,-0.7248741980426989,75,705.840848920079
gold,2018,9,10000.0,9634.598068188847,-0.036540193181115344,-0.03697219650573069,0.06280401467711802,-0.5685409580801107,-0.7996837151687277,-0.08678961781294925,-0.4259979181543802,77,741.5490349793861
gold,2018,10,10000.0,9151.971823705122,-0.08480281762948783,-0.08577941515022447,0.07480771184155247,-1.1613895091379618,-1.5844364516930676,-0.11609862136746829,-0.7388495585896812,75,712.0382468906563
gold,2018,11,10000.0,9184.237386131445,-0.08157626138685559,-0.08251740004590502,0.06652395903587811,-1.2612211867963317,-1.6747288797699644,-0.13054693725248234,-0.6320898964202698,85,817.4497855619446
gold,2018,12,10000.0,8886.613519025235,-0.11133864809747651,-0.11260156598999893,0.07565044383225257,-1.5410687985186406,-2.0655589674718513,-0.14205625635441987,-0.792654747349292,83,765.0118554825639
gold,2018,13,10000.0,9356.927468528751,-0.06430725314712493,-0.06505627531368119,0.07053170037673913,-0.9184977953255407,-1.28317015497121,-0.09626564861458509,-0.6757994803955915,92,896.49404946228
gold,2018,14,10000.0,8892.758010602112,-0.1107241989397888,-0.11198059498747437,0.07038704429934096,-1.6519291509192264,-2.3650533692852855,-0.13737702655069128,-0.8151333436100702,83,774.4145944475722
gold,2018,15,10000.0,9018.191634498917,-0.09818083655010834,-0.09930297074208028,0.0746736265657782,-1.3630082702068018,-1.730311682164449,-0.14638972062454902,-0.6783466101200246,75,695.8389663182934
gold,2018,16,10000.0,9247.811309684219,-0.07521886903157815,-0.07608973830968724,0.06922428984852078,-1.1085800636258623,-1.5012250640101596,-0.12175008514200303,-0.6249666127209692,87,839.3726150836488
gold,2018,17,10000.0,8990.37404103233,-0.10096259589676704,-0.10211468991217132,0.07753125704138916,-1.350395596535679,-1.8550717932494125,-0.17396194217089045,-0.5869944232506876,84,764.5776779598524
gold,2018,18,10000.0,9750.635959599706,-0.024936404040029392,-0.02523302005823047,0.06728560570990025,-0.3463123812941665,-0.5006192421033531,-0.08194807351080846,-0.30791474377860006,83,817.1531301638086
gold,2018,19,10000.0,8529.819890651057,-0.1470180109348943,-0.14865064534943762,0.07666931257136682,-2.0600964743329184,-2.537250076650403,-0.17842436763923009,-0.833129730631893,89,821.2421115652245
gold,2018,20,10000.0,9837.207183163991,-0.01627928168360082,-0.016473793164200168,0.08693999069317394,-0.14788193990167775,-0.22898396008605965,-0.11312974911756701,-0.14561857771893605,76,743.3557245456262
gold,2018,21,10000.0,8720.149253746944,-0.12798507462530562,-0.12942269964759767,0.06495073954171153,-2.100961341690175,-2.717563606205016,-0.15767257515232458,-0.8208320281606664,79,745.4879317642126
gold,2018,22,10000.0,9151.642212777124,-0.08483577872228765,-0.08581273776118636,0.06683013067943785,-1.3090167096226206,-1.833430944078177,-0.13224027491909762,-0.6489153006804104,92,841.3838783890075
gold,2018,23,10000.0,9363.010539500587,-0.06369894604994131,-0.06444112962350312,0.07244694710153085,-0.8833457209467376,-1.2731723754047286,-0.13262865810918112,-0.4858763599225636,83,799.2867182538495
gold,2018,24,10000.0,9161.17958226329,-0.08388204177367098,-0.08484853435782569,0.0821228801344267,-1.0386729575145253,-1.4854839154721886,-0.14724771158277095,-0.5762299016112763,82,764.2965154702815
gold,2018,25,10000.0,9588.847966649486,-0.041115203335051365,-0.04160011857563639,0.07225064711324065,-0.5521087118144682,-0.8026473918279394,-0.10987220853366608,-0.3786227575728547,74,711.4453754430033
gold,2018,26,10000.0,9136.549312561729,-0.08634506874382719,-0.08733856621824787,0.06512467454050856,-1.3706529326623478,-1.8887909165554333,-0.15167246071095353,-0.5758366799671789,91,885.1709132649823
gold,2018,27,10000.0,8421.010737550789,-0.15789892624492108,-0.15964073051645755,0.06450647256671585,-2.6631053421064768,-3.16912940272849,-0.19425984441372646,-0.8217896549760507,75,674.734042800431
gold,2018,28,10000.0,8788.104084329561,-0.1211895915670439,-0.12255635997601044,0.0669145335633825,-1.9200956680120165,-2.558562862762108,-0.15183608634221335,-0.8071622690523564,77,705.190130978417
gold,2018,29,10000.0,8364.944633526717,-0.16350553664732836,-0.16530292638660926,0.07385435607406846,-2.4088201308676864,-2.9868818260980907,-0.19544106331529498,-0.8457942439656838,81,726.7050026566544
gold,2019,0,10000.0,8674.33865759662,-0.13256613424033803,-0.13305748100304648,0.07371797630414989,-1.8995435150150977,-2.3867990648862967,-0.142260534399545,-0.9353084575750901,84,786.3487618058839
gold,2019,1,10000.0,9925.583278386554,-0.007441672161344615,-0.007471209227733033,0.07593133868152238,-0.060979680189963505,-0.0879645327897534,-0.10584690355274318,-0.07058505234411655,83,803.8371721020317
gold,2019,2,10000.0,9807.36262554791,-0.01926373744520893,-0.01933973843893777,0.0844525167600379,-0.18917978473972946,-0.26807510566472914,-0.08942859831258021,-0.21625899101470303,87,862.6181082236751
gold,2019,3,10000.0,9799.957472218824,-0.02000425277811757,-0.020083145299708338,0.08559861246974577,-0.19447229660137424,-0.28318355571965453,-0.10257512034480853,-0.19578963429141882,80,810.6722162710984
gold,2019,4,10000.0,9574.755095514443,-0.04252449044855566,-0.04269024194959359,0.09714971272144943,-0.4007552878931364,-0.5765627974304539,-0.09119722563313104,-0.46810899841765197,84,824.1268943718069
gold,2019,5,10000.0,9360.352371124323,-0.0639647628875677,-0.06421124018336943,0.08080243734747562,-0.7809296759863921,-1.0423854763697553,-0.11115818092410124,-0.5776564500206498,90,873.3985180682287
gold,2019,6,10000.0,10496.152045202582,0.04961520452025825,0.04981771876830554,0.07884394687866066,0.6556988816109403,1.1314279517923786,-0.06490675681677172,0.7675274688109635,82,817.8769716599678
gold,2019,7,10000.0,10938.153900966825,0.0938153900966825,0.09420623500996417,0.0942832180797234,1.0017746068314237,1.67586796194259,-0.05604731251541406,1.6808341164271827,90,950.1220867596851
gold,2019,8,10000.0,10747.64261892286,0.07476426189228613,0.07507303910861118,0.08394227308603452,0.9041371620739567,1.4391647223536845,-0.06475888096543614,1.159270172513945,75,772.6686018307922
gold,2019,9,10000.0,9777.988756257855,-0.02220112437421451,-0.022288581957189413,0.07195325245922915,-0.27746416771657917,-0.40714523239968775,-0.07465416363832555,-0.29855778795098603,78,775.8404005440992
gold,2019,10,10000.0,9654.292985689935,-0.03457070143100649,-0.034706015162836557,0.07248622431139745,-0.45114164634113035,-0.6227634139155732,-0.05876556019948187,-0.5905842647466595,75,735.8798957162178
gold,2019,11,10000.0,9815.923413910334,-0.01840765860896665,-0.01848031404120165,0.08175349078414432,-0.18740318543728188,-0.25610844365058705,-0.0890195334556878,-0.20759841490745165,85,826.4274180771017
gold,2019,12,10000.0,9460.772377410356,-0.05392276225896442,-0.05413167174153599,0.07048962958128932,-0.7542376454683376,-0.9799611847230786,-0.09169224938305898,-0.590362567237197,84,825.8549237101661
gold,2019,13,10000.0,9801.411027100288,-0.019858897289971145,-0.01993722241107998,0.08828081219819334,-0.18425647865399936,-0.2770164608144179,-0.07088007572859678,-0.28128105403584164,93,910.3505230074461
gold,2019,14,10000.0,9154.081901882151,-0.08459180981178482,-0.08491409784272286,0.0838173862719889,-1.0166823848112292,-1.3304587110174362,-0.11135743864393155,-0.7625363772440744,83,801.0633079888732
gold,2019,15,10000.0,9665.801769520356,-0.033419823047964425,-0.033550710813334494,0.08392349891045063,-0.3647538668440089,-0.49536614336356766,-0.1104453495594131,-0.30377658223885823,76,738.2382343868717
gold,2019,16,10000.0,9662.26467666205,-0.0337735323337951,-0.03390578095289376,0.078679852813083,-0.3991739881886311,-0.5475451053963285,-0.08090571577162886,-0.4190776959269356,88,843.9616403280602
gold,2019,17,10000.0,10337.873025172483,0.033787302517248374,0.03392417122375835,0.08830790245148044,0.42179607202005925,0.6063257892983651,-0.05743542487332165,0.5906489122102043,85,857.9001787410723
gold,2019,18,10000.0,9701.795401389181,-0.02982045986108184,-0.029937470107812558,0.07110945913264978,-0.39194914245157103,-0.5291962200709948,-0.07979847069115542,-0.3751634567494377,85,824.0509862256249
gold,2019,19,10000.0,10406.791347239916,0.04067913472399165,0.04084446870957681,0.08768538396893195,0.5000955862203638,0.7866202495904728,-0.05616329072666659,0.7272449349230112,91,919.2430569083399
gold,2019,20,10000.0,10361.51793972376,0.03615179397237611,0.03629840806786033,0.0840446384640127,0.46612685724918834,0.6864753249800662,-0.057997105248844716,0.625865858513402,77,780.7710617700857
gold,2019,21,10000.0,8400.426812911941,-0.15995731870880592,-0.1605404692118092,0.07787603458118045,-2.207441768364223,-2.6704711679810758,-0.16421528449087552,-0.9776219656382198,80,746.4547201400858
gold,2019,22,10000.0,10242.3365886082,0.02423365886081985,0.024331372487083724,0.0769066546843307,0.35086303540580943,0.5198615901902822,-0.0608953185108243,0.39956064081935555,93,915.9652004004465
gold,2019,23,10000.0,9495.340603663797,-0.05046593963362034,-0.05066181805431691,0.08299187536582507,-0.5851445646068828,-0.8397816542752486,-0.1311262891244206,-0.38635897036822187,84,840.933335860704
gold,2019,24,10000.0,9589.914852114658,-0.04100851478853418,-0.04116848522955263,0.08296621216831684,-0.46536883897414094,-0.6586911753944814,-0.07188911125271369,-0.5726664930497188,84,825.8912039577164
gold,2019,25,10000.0,10424.289119814212,0.04242891198142118,0.042601502169591576,0.08448541204802612,0.5357639123304904,0.8328625751369703,-0.057838695633973036,0.736557104247152,75,750.4597755093378
gold,2019,26,10000.0,9547.505552841152,-0.04524944471588477,-0.045425563481849895,0.08330950778586073,-0.5165910820283425,-0.7507403301417274,-0.07609498549160632,-0.5969586982424825,91,872.815876124111
gold,2019,27,10000.0,10047.839224888,0.0047839224887999965,0.004803027639524116,0.0725841649363176,0.1021444626153665,0.14953340672916446,-0.0646121044397232,0.07433634426819935,76,768.2119101290593
gold,2019,28,10000.0,9470.81662170883,-0.052918337829117035,-0.05312346616639474,0.08235693040716878,-0.6218292899127432,-0.8949910155581675,-0.09849800453155266,-0.5393354557693325,77,755.0810045150662
gold,2019,29,10000.0,9824.9681986367,-0.01750318013633001,-0.017572297616835098,0.08226016682858167,-0.1745130790462982,-0.24320439514634173,-0.08256272145103505,-0.21283573637112468,83,840.086372983154
gold,2020,0,10000.0,9157.793022983757,-0.08422069770162433,-0.08422069770162433,0.14366613372383993,-0.5401218330199387,-0.6789270009981447,-0.25369704290627404,-0.33197350957196164,84,724.5074996109738
gold,2020,1,10000.0,10036.596950792304,0.003659695079230474,0.003659695079230474,0.13519484151631497,0.09472543653539232,0.1273463134416672,-0.11352653930300416,0.032236471768620455,83,810.5283004085486
gold,2020,2,10000.0,11400.975857030973,0.14009758570309727,0.14009758570309727,0.15043597166817635,0.9466963384050614,1.3908199388706521,-0.15321100756003647,0.9144094013493081,88,1023.996465818841
gold,2020,3,10000.0,9369.058130560945,-0.06309418694390556,-0.06309418694390556,0.1488508966773586,-0.3638124998558633,-0.5157444028618083,-0.1791981397944905,-0.35209175171273405,80,790.8358164604575
gold,2020,4,10000.0,9758.995559381929,-0.024100444061807114,-0.024100444061807114,0.16774518832566118,-0.06180833912334008,-0.08696558405905021,-0.11743376798583438,-0.20522584325757362,85,836.991524405389
gold,2020,5,10000.0,10427.231805876336,0.04272318058763358,0.04272318058763358,0.1479685419431571,0.3562223614985224,0.5343263458541688,-0.10686329905530223,0.39979282845763675,90,916.0543420400244
gold,2020,6,10000.0,9433.601394256177,-0.056639860574382306,-0.056639860574382306,0.14756162783565652,-0.32163827279885954,-0.4489243483102279,-0.1592898134348335,-0.3555774179970023,82,801.2820492249134
gold,2020,7,10000.0,8773.647283919428,-0.1226352716080572,-0.1226352716080572,0.15475454947103498,-0.7675029943472416,-0.9648990746087399,-0.18822979823577735,-0.6515189027320946,90,819.6307414835571
gold,2020,8,10000.0,11447.66228683197,0.144766228683197,0.144766228683197,0.1525466169805327,0.9626665886517172,1.3796320151936967,-0.09906341078454495,1.4613491251381607,75,858.9025683903534
gold,2020,9,10000.0,10257.057140758143,0.025705714075814345,0.025705714075814345,0.15631157537238333,0.2404105538595984,0.3336002701723359,-0.0972165202393086,0.2644171382861375,79,838.6186903213181
gold,2020,10,10000.0,10779.76817598989,0.077976817598989,0.077976817598989,0.157374335447822,0.5560519938060628,0.763746621397137,-0.12216592552112437,0.6382861445723309,75,766.0605618675803
gold,2020,11,10000.0,8933.001600444759,-0.10669983995552412,-0.10669983995552412,0.14646264123096098,-0.6963084965698536,-0.8323308540757214,-0.18823882400216163,-0.566832270235065,85,779.4822504238753
gold,2020,12,10000.0,11504.202948374728,0.15042029483747288,0.15042029483747288,0.13274623545570052,1.1220900074781772,1.649363269519045,-0.08028083568783184,1.8736762460019094,84,904.8046733859843
gold,2020,13,10000.0,12680.762016851402,0.2680762016851401,0.2680762016851401,0.15223398816559802,1.6365782305293575,2.5736855158029694,-0.10097253621761582,2.6549417468071,93,1062.6758623850585
gold,2020,14,10000.0,9017.719089384607,-0.09822809106153929,-0.09822809106153929,0.14244882030084083,-0.6542992992056703,-0.8465383539387441,-0.16922612638473156,-0.5804546446818742,83,817.6278703380851
gold,2020,15,10000.0,8576.70893281121,-0.14232910671887888,-0.14232910671887888,0.15158730322010766,-0.9366913570760668,-1.2112307606669954,-0.19576281942178297,-0.727048717112222,77,717.288973085847
gold,2020,16,10000.0,9252.583966281778,-0.07474160337182223,-0.07474160337182223,0.14909256364363085,-0.44613032750933945,-0.5672502611774833,-0.17245015844113887,-0.43340988519493434,88,857.3098650620587
gold,2020,17,10000.0,10173.370010086386,0.017337001008638664,0.017337001008638664,0.12593806089986745,0.19929509082387495,0.2768638377570121,-0.1545010652603015,0.11221282506647769,85,848.7098946836219
gold,2020,18,10000.0,10138.915757286957,0.013891575728695704,0.013891575728695704,0.13908545023172442,0.16883027879209023,0.2294984977220295,-0.11294417880852736,0.12299505716222783,85,866.8341756151157
gold,2020,19,10000.0,10600.680508185225,0.06006805081852251,0.06006805081852251,0.16770930829262085,0.4314932731078829,0.6127783636708581,-0.12588625801222875,0.4771613023296588,91,942.4596255930506
gold,2020,20,10000.0,13557.215514043193,0.35572155140431927,0.35572155140431927,0.17780311663965728,1.8009169918069263,2.851776773683699,-0.09358790383991578,3.800935129531152,77,938.3711932564979
gold,2020,21,10000.0,9423.74882066816,-0.057625117933184034,-0.057625117933184034,0.16288171937924684,-0.2827047050202873,-0.3693523288609155,-0.15225509694851558,-0.37847743089132657,80,780.3160785902409
gold,2020,22,10000.0,9752.679698466423,-0.024732030153357676,-0.024732030153357676,0.16154779648841683,-0.07395880521502729,-0.09605588894422785,-0.14842220017326224,-0.16663295736410372,93,883.2635235923527
gold,2020,23,10000.0,8850.925549751932,-0.11490744502480688,-0.11490744502480688,0.13865918334019187,-0.8104422329362418,-1.0079992048604258,-0.1843286217022988,-0.6233836284545594,84,827.5586234202674
gold,2020,24,10000.0,9264.083934744824,-0.07359160652551766,-0.07359160652551766,0.1517875438234013,-0.42748837298263986,-0.5569955468443252,-0.14670515211326984,-0.5016293256606161,84,832.3924470355629
gold,2020,25,10000.0,10424.25180112841,0.04242518011284102,0.04242518011284102,0.17471830774589833,0.32482194473776316,0.46416509823953056,-0.1660214789827391,0.2555403094394303,75,806.3941988710819
gold,2020,26,10000.0,9040.836862688582,-0.09591631373114173,-0.09591631373114173,0.13385679133627226,-0.6860516168962608,-0.8818238290196725,-0.13315985246000572,-0.7203095524602657,91,857.7086577267086
gold,2020,27,10000.0,10452.595468781954,0.045259546878195334,0.045259546878195334,0.145094725048876,0.37778455861678545,0.5105993374675262,-0.09529728463670695,0.4749300785508646,77,810.3619958272863
gold,2020,28,10000.0,8917.809833955343,-0.10821901660446565,-0.10821901660446565,0.1415362294485061,-0.7381673171195181,-0.9441972310779789,-0.15904477011985763,-0.6804311548434493,77,740.1714994015106
gold,2020,29,10000.0,10451.4169187987,0.04514169187987016,0.04514169187987016,0.18477608764637748,0.3309413026711722,0.47666139676231184,-0.13460465491608886,0.3353650132531525,84,931.4824021605879
gold,2021,0,10000.0,9181.543338255866,-0.08184566617441347,-0.08215796762764627,0.10538585542443736,-0.7605167323203277,-0.9541261268140324,-0.12957319416139057,-0.6340660825673092,84,779.9240393650653
gold,2021,1,10000.0,8669.81886967651,-0.133018113032349,-0.13351100299899243,0.09481638960475473,-1.463610266675841,-1.8665595975197606,-0.1855344940761725,-0.7196020538594755,83,757.284524882519
gold,2021,2,10000.0,9190.797828479,-0.08092021715209996,-0.08122914572990592,0.1024701848380938,-0.7755050992556648,-1.03580505718341,-0.09859129891923035,-0.8238977132906206,87,821.0507313133387
gold,2021,3,10000.0,8742.56088002326,-0.12574391199767398,-0.12621185137819868,0.10524080256627143,-1.2287986565831446,-1.504836751551912,-0.1442045324190021,-0.8752280476973934,80,723.8864396387067
gold,2021,4,10000.0,8520.116873837847,-0.14798831261621526,-0.14853178049325721,0.11002166946797774,-1.4058216126057193,-1.7183607442227025,-0.17177199442315272,-0.8647031257456075,84,750.6974363978247
gold,2021,5,10000.0,8060.333774317173,-0.19396662256828268,-0.19465877573010282,0.09620311854087149,-2.2012075888163602,-2.6184439189247852,-0.2094137606673283,-0.9295414738257576,90,791.0422774853181
gold,2021,6,10000.0,8136.261107638472,-0.18637388923615283,-0.18704219596123906,0.0965427668846491,-2.0955539474120695,-2.4455011052805555,-0.1930431740128632,-0.9689138034415852,82,705.6574556031694
gold,2021,7,10000.0,9556.15466221725,-0.044384533778275004,-0.04455736529974352,0.09425422778143708,-0.43642106965238464,-0.5635866615241195,-0.10323173141201814,-0.43162470192334873,90,859.3080874074597
gold,2021,8,10000.0,8906.461489076235,-0.1093538510923765,-0.10976468862337119,0.1055225875504447,-1.048681312752057,-1.3283503746000014,-0.135138190500386,-0.8122403313004081,75,682.2271829577896
gold,2021,9,10000.0,9415.262304494707,-0.0584737695505293,-0.058699757750908854,0.08787424598290935,-0.6442973500157331,-0.7991827089652006,-0.08027449188953861,-0.7312379856814593,78,745.6324015852559
gold,2021,10,10000.0,9515.097014739054,-0.048490298526094544,-0.04867870682969577,0.0897864380645716,-0.5109616485280354,-0.6929685445402495,-0.11454466040389655,-0.42497578375150374,75,749.425048699111
gold,2021,11,10000.0,8741.071452914779,-0.12589285470852207,-0.126361307397434,0.11460221070897503,-1.1207368646666003,-1.3360834704320708,-0.1617912536365138,-0.781014452618817,85,773.1701965348194
gold,2021,12,10000.0,9914.658307016885,-0.008534169298311411,-0.008568023896544319,0.08670564221535575,-0.05599497888781874,-0.0777555083051838,-0.06225136045106139,-0.1376359301140098,84,819.4480875527252
gold,2021,13,10000.0,8694.53814519315,-0.13054618548068497,-0.13103062397648102,0.10163792691825764,-1.3304556770408191,-1.6463201372762342,-0.16417351713138673,-0.7981227804946048,93,846.734899727149
gold,2021,14,10000.0,9101.248542050695,-0.0898751457949305,-0.09021655437584875,0.09592016773786123,-0.93743584189812,-1.169824019944114,-0.1369496418454913,-0.6587571399247064,83,752.9752477708078
gold,2021,15,10000.0,9579.306541083677,-0.04206934589163225,-0.04223336274054856,0.09077052427169814,-0.43005347401175187,-0.5885328144429229,-0.09840022989138264,-0.4291998381219954,76,723.0891713669143
gold,2021,16,10000.0,8681.465027252474,-0.1318534972747526,-0.1323424089487074,0.10589200411631691,-1.2871522314343862,-1.6062510206921885,-0.16460523624167156,-0.8039987789598855,88,791.9484948236719
gold,2021,17,10000.0,8650.446173443444,-0.13495538265565554,-0.13545487641922238,0.0999022254783221,-1.4065902056996142,-1.7706646623156255,-0.16406636738581426,-0.8256102611249396,85,806.3261723336852
gold,2021,18,10000.0,9043.072280232607,-0.09569277197673931,-0.09605509282936975,0.0839255833598043,-1.161165098773852,-1.5226527991646785,-0.10228470834396108,-0.9390953387319393,85,804.9277653684537
gold,2021,19,10000.0,9174.826642515733,-0.08251733574842679,-0.08283208282124188,0.10269160522723575,-0.790267334675564,-0.9827243438662189,-0.0992394619406084,-0.8346688021224279,91,858.9386621636605
gold,2021,20,10000.0,9113.511877181107,-0.08864881228188937,-0.08898579362830916,0.11687491252519247,-0.738527427561195,-0.9226072974085313,-0.12599253521113718,-0.7062783003706335,77,699.8108159099532
gold,2021,21,10000.0,9347.678389415312,-0.06523216105846874,-0.0654833492550877,0.10241255901711346,-0.6099430221425864,-0.7952921726319038,-0.09353880525243607,-0.7000661284732658,80,764.5302531941179
gold,2021,22,10000.0,9464.107017881899,-0.05358929821181013,-0.053796952845106216,0.10628521875621771,-0.4669533344931068,-0.595608500884205,-0.09643324867348779,-0.557867266582055,93,873.8990014109169
gold,2021,23,10000.0,8629.538932798298,-0.13704610672017026,-0.13755270791860608,0.11096396837229332,-1.277583489588859,-1.5679300036471238,-0.15948433810810925,-0.8624841131758253,84,754.1924465397985
gold,2021,24,10000.0,9141.278849622444,-0.0858721150377556,-0.08619904775138443,0.11024468547230014,-0.7622389695526474,-0.9571699052589498,-0.1267492162637769,-0.6800755877811205,84,779.6288426185413
gold,2021,25,10000.0,8992.140693185946,-0.1007859306814054,-0.10116643678759829,0.0983317691982482,-1.0353750754132829,-1.361490180416913,-0.12971316861606974,-0.7799241809213279,75,687.9347123132826
gold,2021,26,10000.0,8252.30250515299,-0.17476974948470103,-0.17540106493966212,0.10475753604844094,-1.787781156375468,-2.1633541014374527,-0.209452065761917,-0.8374281929452992,91,781.3645501311819
gold,2021,27,10000.0,9464.420906097903,-0.05355790939020977,-0.05376544588090637,0.09001802494589903,-0.568788286244029,-0.7214074930077209,-0.12655847711212798,-0.4248269030076222,76,709.8301413619293
gold,2021,28,10000.0,8915.754196187769,-0.10842458038122316,-0.10883214406299091,0.09118899032239008,-1.2176700032778576,-1.5307928332999885,-0.14045363538141886,-0.7748617098264778,77,741.0172355246087
gold,2021,29,10000.0,8802.127094520367,-0.11978729054796333,-0.12023461836893745,0.10731907507452079,-1.139562427580191,-1.4174145086129295,-0.1310287960416301,-0.9176198057313818,83,761.1395941569618
gold,2022,0,10000.0,8723.767997269666,-0.12762320027303342,-0.12857555169113744,0.11111633812340792,-1.1828807491182851,-1.5838052191200194,-0.20306564208836064,-0.633172359286609,84,800.7001977513186
gold,2022,1,10000.0,9331.816968506057,-0.0668183031493943,-0.06733443643510328,0.10827955514843893,-0.5896156500243523,-0.7804779620966202,-0.17939268089336158,-0.37534662005040026,83,762.0457081939065
gold,2022,2,10000.0,10396.47451799071,0.03964745179907103,0.03997088790779002,0.0985408399396322,0.4467479830362142,0.676500601691188,-0.08099256300699031,0.49351306371598846,87,927.7199410724426
gold,2022,3,10000.0,9494.294463597926,-0.05057055364020746,-0.05096462980463001,0.1088887241493374,-0.4263483626903575,-0.6445062014562729,-0.16371316257978075,-0.31130441194545927,80,770.3543672939903
gold,2022,4,10000.0,8602.997651059532,-0.13970023489404682,-0.14073523643831232,0.10446692703365448,-1.3995524453095667,-1.9478412945554575,-0.21601717973972379,-0.6515002029370179,84,782.9891411205771
gold,2022,5,10000.0,9378.970271236722,-0.06210297287632782,-0.06258391653018025,0.1178619318302294,-0.48961155318927485,-0.6904412663881212,-0.1349719671775248,-0.4636808504677523,89,841.8022308375021
gold,2022,6,10000.0,8147.250741512351,-0.18527492584876493,-0.18660935885435048,0.10154249931001626,-1.9827359755775775,-2.6075120473257676,-0.26361022658496724,-0.7078987840185413,82,730.0069338283291
gold,2022,7,10000.0,8590.285306600334,-0.14097146933996663,-0.14201509157112113,0.11276003661802733,-1.3018033750665863,-1.7733505458728616,-0.23866195024240977,-0.5950470589336755,90,826.3267197679529
gold,2022,8,10000.0,9684.481701239969,-0.031551829876003135,-0.031800188037981236,0.10300025013758266,-0.2625040470010066,-0.3785436561266697,-0.11114190209983488,-0.28612240241683323,75,752.8883470740519
gold,2022,9,10000.0,10499.256114648582,0.0499256114648583,0.050334904477971065,0.0901188079869919,0.5897846293075387,0.894277050716146,-0.08766723530084819,0.5741586843161697,78,795.6982730561755
gold,2022,10,10000.0,9306.33633566343,-0.0693663664336569,-0.06990143558080686,0.10686367402659916,-0.6246548965429376,-0.837484686471151,-0.1388298803004251,-0.5035042559248885,75,715.9567241973784
gold,2022,11,10000.0,10802.904407297001,0.08029044072970004,0.080958093014045,0.10862547802421153,0.7706220522600886,1.2379442062326258,-0.11118320683492289,0.7281503683757382,85,834.2980657218731
gold,2022,12,10000.0,9979.112891422546,-0.002088710857745313,-0.0021054029419864673,0.10935789425417289,0.03529764631511612,0.04853449951982072,-0.11293298442009392,-0.01864294079181226,83,801.5351947595694
gold,2022,13,10000.0,9322.56148386655,-0.06774385161334506,-0.06826686957959927,0.10544106572528515,-0.6179167977892674,-0.8455952190588387,-0.21092174195138547,-0.323659708800119,93,875.6454905672477
gold,2022,14,10000.0,9820.468154542785,-0.01795318454572148,-0.018095502655888884,0.1072064110837856,-0.1170681520197837,-0.1759672414741591,-0.14959348056049993,-0.1209645138818101,83,784.0735060228423
gold,2022,15,10000.0,7407.657578917364,-0.2592342421082636,-0.2610103669088194,0.10723952890926831,-2.765307351460092,-3.359691383274496,-0.28903801103091364,-0.9030312863622059,76,645.9766916755065
gold,2022,16,10000.0,9897.586567771066,-0.010241343222893384,-0.01032284963243224,0.09693723887249615,-0.05887051330622164,-0.08746516917836078,-0.08982284665803275,-0.11492454332618371,88,872.4511062804487
gold,2022,17,10000.0,8636.907185516086,-0.1363092814483915,-0.13732121380277607,0.12013464875730596,-1.1694278717221616,-1.5833491413481364,-0.23522559969624668,-0.5837851576533454,84,784.1746516145913
gold,2022,18,10000.0,10198.406366608617,0.019840636660861666,0.02000093864306529,0.10948202415877059,0.2352355057337412,0.3592217054887367,-0.13599910849964336,0.14706668936081843,84,817.5202003925071
gold,2022,19,10000.0,8917.008509799007,-0.1082991490200993,-0.10911646085040516,0.11854759685315977,-0.9153176152573879,-1.2210514271559532,-0.18852428993494386,-0.5787925836403318,90,844.4366067687013
gold,2022,20,10000.0,11700.24906281711,0.17002490628171119,0.17149561546522785,0.11806654730648311,1.3995339911528022,2.386134687176407,-0.1419603839472391,1.2080526319861589,77,812.8252627133628
gold,2022,21,10000.0,11621.651531439516,0.16216515314395163,0.16356323926384309,0.10851813606796938,1.4502496450186912,2.40481497407587,-0.09062621629655998,1.80481152085847,80,839.826487004733
gold,2022,22,10000.0,8798.349139499944,-0.12016508605000564,-0.12106572344122224,0.11111523406522353,-1.1056843215648404,-1.4864950530589267,-0.2155992472557282,-0.561531290031003,93,874.0349406817576
gold,2022,23,10000.0,9304.187020150717,-0.06958129798492829,-0.07011796182063801,0.10471662673740179,-0.6419932967045439,-0.886795392642223,-0.15996203101900897,-0.438341282452869,83,811.6400970854105
gold,2022,24,10000.0,9471.298950396013,-0.05287010496039879,-0.05328159296812163,0.11242687631071362,-0.4311426360724552,-0.6352184223576,-0.18458752781510424,-0.2886521835943986,83,836.6800837359233
gold,2022,25,10000.0,8326.191162412568,-0.16738088375874327,-0.1686001367698775,0.11425342233892194,-1.5584677979917023,-1.9933984083835414,-0.2324566951382131,-0.7252969705588904,74,684.827008795418
gold,2022,26,10000.0,11027.801421587694,0.1027801421587693,0.10364359862648853,0.10733331825273637,0.9721244870525358,1.6408133396684181,-0.08952267629551647,1.1577357035703286,91,943.103242751174
gold,2022,27,10000.0,9232.46287004415,-0.07675371299558498,-0.07734336264520192,0.10162635073360428,-0.7413511071669622,-1.006838146984534,-0.16273760817182192,-0.47526422143024927,76,713.0074367893982
gold,2022,28,10000.0,8634.635458978952,-0.1365364541021048,-0.1375499353037687,0.09658362537461289,-1.4835678405002952,-1.9732959012154097,-0.19731645776223117,-0.6971032060058472,77,700.3097037894782
gold,2022,29,10000.0,8647.286035255578,-0.1352713964744422,-0.13627624648122305,0.10966912613042396,-1.2808143209765421,-1.7001141334681793,-0.22193314033545064,-0.614041896921038,82,759.2449238143341
gold,2023,0,10000.0,9727.669562868423,-0.027233043713157712,-0.027447890476775316,0.0847575086485503,-0.2860977672360481,-0.4005860901243774,-0.11335993140185086,-0.24213044359982003,84,849.3310798556902
gold,2023,1,10000.0,9884.098920758055,-0.01159010792419446,-0.011682285078795318,0.09278643444066943,-0.08067528937975312,-0.1329189111739721,-0.14102662380755782,-0.08283744418881314,83,842.3022647526204
gold,2023,2,10000.0,9438.148236985768,-0.05618517630142328,-0.056621686281246864,0.09267454623879345,-0.582755172002744,-0.8199770978505331,-0.12697801328468783,-0.445917248321563,87,833.3659563302398
gold,2023,3,10000.0,9172.283020030833,-0.08277169799691675,-0.08340545886850748,0.09861754846795784,-0.8338529485220927,-1.1651317016140301,-0.1296349580559103,-0.6433870934145365,80,752.7549207914086
gold,2023,4,10000.0,10378.510319371477,0.03785103193714767,0.038159545873319045,0.10170348188781393,0.4186894127638381,0.6776627786372704,-0.13014581019529858,0.2932061033394491,84,873.2659763355532
gold,2023,5,10000.0,10057.635604691512,0.005763560469151052,0.005809802635887262,0.0886895192030144,0.10941804084425338,0.1662393065902074,-0.06922441859481254,0.08392707015559724,89,894.1936975635897
gold,2023,6,10000.0,9976.235610250646,-0.0023764389749354464,-0.00239542769825285,0.09566812348585518,0.02255090259555671,0.03317596979127147,-0.12011131411011244,-0.01994339763910029,82,810.2221657498014
gold,2023,7,10000.0,10355.474849279579,0.035547484927957784,0.035836900888525314,0.09525833611932365,0.4168167486501518,0.7193862393917222,-0.12407804434056713,0.2888254814055648,90,945.462076263219
gold,2023,8,10000.0,10182.967262495955,0.01829672624959544,0.01844444176020099,0.09302255395362902,0.24270160785561656,0.3667157298985931,-0.1247119054211474,0.1478963992885427,75,754.3990201448446
gold,2023,9,10000.0,8747.942162755711,-0.12520578372442892,-0.126141428998651,0.07560593066239372,-1.745185460798617,-2.2240067679915576,-0.1542992829833636,-0.8175114398441595,78,721.8217686518984
gold,2023,10,10000.0,10015.24239466527,0.001524239466527133,0.0015364427451112217,0.09372337237408294,0.06292498397817055,0.09506001298410702,-0.11649618741060808,0.013188781360679226,75,752.0824034142275
gold,2023,11,10000.0,9086.51335684811,-0.09134866431518895,-0.09204474307531862,0.08873953169104815,-1.043687263978625,-1.4025047220489948,-0.1283531407663946,-0.7171210811494048,85,815.3750477800613
gold,2023,12,10000.0,9344.574391723609,-0.0655425608276391,-0.06604919239469276,0.08455418803512575,-0.7660071422019926,-1.109548073572762,-0.10176422688560716,-0.6490413617443234,83,799.370026681391
gold,2023,13,10000.0,9307.222126110151,-0.06927778738898482,-0.06981219920588233,0.08815583537023056,-0.7770065087520153,-1.1404771969696397,-0.13309730966396205,-0.5245199875349918,93,897.3952966354834
gold,2023,14,10000.0,9419.176232502221,-0.0580823767497779,-0.058533164487497125,0.09268055448358299,-0.6047325147012713,-0.9177346584620288,-0.15549438175945762,-0.3764326648022893,83,808.8171075835797
gold,2023,15,10000.0,9593.589082274935,-0.04064109177250652,-0.04095946950564877,0.09638285436081548,-0.38601239367037704,-0.5763661765151262,-0.12367778006119545,-0.3311788866632481,76,753.9412735055625
gold,2023,16,10000.0,8928.342549015248,-0.1071657450984752,-0.1079750310585148,0.08900376438044993,-1.239155669756198,-1.685425852458708,-0.14671642247262762,-0.7359437289895706,88,835.2512314291228
gold,2023,17,10000.0,9783.00506866184,-0.021699493133816028,-0.021871176767360723,0.10098374756940312,-0.168643154737268,-0.23449440068959332,-0.09319338206927574,-0.23468594316174382,84,808.1406840923341
gold,2023,18,10000.0,9981.827608623662,-0.0018172391376337638,-0.0018317637276187293,0.08085963108930325,0.01750983764722277,0.027138570166554063,-0.11311356816513796,-0.0161940230277634,84,853.2150318586315
gold,2023,19,10000.0,9646.787107334827,-0.03532128926651734,-0.0355987694762242,0.09608012982424169,-0.3294562539796128,-0.4811661252123355,-0.10246246596226316,-0.347432292809888,90,906.4036290755628
gold,2023,20,10000.0,9908.792708146977,-0.009120729185302268,-0.009193358589776213,0.09405246224075069,-0.05139861933100665,-0.07597816868787956,-0.098420630793974,-0.09340885661483785,77,756.6937642153671
gold,2023,21,10000.0,9466.893525387253,-0.053310647461274674,-0.05372546605471351,0.0923432036995751,-0.551918035625701,-0.7518527385214904,-0.14373492542300637,-0.3737815697653269,80,789.4636954492389
gold,2023,22,10000.0,9139.512958812724,-0.08604870411872767,-0.08670635144156325,0.09839931374033709,-0.8725921323936323,-1.2172980760049485,-0.12074671202565124,-0.7180845754470191,93,883.6894101512889
gold,2023,23,10000.0,9484.622072702865,-0.05153779272971348,-0.05193919815400527,0.0902931799969927,-0.5456297411584,-0.7511177463201926,-0.12258963028614722,-0.4236834553850063,83,831.829686707317
gold,2023,24,10000.0,10250.501386829736,0.025050138682973566,0.025253049210532064,0.09704415674939723,0.30520491039001646,0.4711070003769681,-0.12884322021706396,0.19599827734814376,83,827.9452338549916
gold,2023,25,10000.0,10224.047463880474,0.02240474638804746,0.022585993483544176,0.09063148287579642,0.2914086189612204,0.46026624397851307,-0.10461402396512975,0.21589833396593752,74,742.9166430757949
gold,2023,26,10000.0,8746.653614045923,-0.12533463859540772,-0.12627117571153335,0.08588111496043781,-1.5284867722949844,-1.9636229499667954,-0.1651084086921346,-0.7647773769474202,91,885.4444012032149
gold,2023,27,10000.0,8834.143606029127,-0.11658563939708733,-0.11746127602898337,0.08887839644840226,-1.3611751037329773,-1.7760453295816396,-0.13878748845229294,-0.8463390853085415,76,717.5921216316307
gold,2023,28,10000.0,9801.434678664546,-0.019856532133545435,-0.020013784103567356,0.0854203104348789,-0.19414828193443717,-0.28013140395939584,-0.11313243088422453,-0.17690580806178122,77,765.217467604591
gold,2023,29,10000.0,9720.184767605311,-0.027981523239468897,-0.028202188884379864,0.0916938350942863,-0.2663659635762923,-0.38512708275846985,-0.1396303859747623,-0.2019774470112638,82,838.2146204240935
gold,2024,0,10000.0,10468.106661619246,0.04681066616192453,0.05561600772623265,0.09614965793887954,0.6108607929812457,0.8832967695762342,-0.06294983037278268,0.8834973406104536,73,758.6505777022111
gold,2024,1,10000.0,11312.062593577875,0.13120625935778762,0.15703161972566115,0.10544740626904651,1.4362124388690503,2.0817162280799497,-0.10088239308254499,1.5565810338893646,78,826.077183166379
gold,2024,2,10000.0,11179.469246540843,0.1179469246540843,0.1410036572879354,0.1190971158332701,1.1673017859717747,1.6476282817311607,-0.09863321687302196,1.4295757733366858,80,868.538667136337
gold,2024,3,10000.0,10373.595967959503,0.037359596795950356,0.04434974911604228,0.10222548617312244,0.4754360283483634,0.6827427482968957,-0.08072220636909422,0.54941200334958,69,706.5694183116369
gold,2024,4,10000.0,11583.448861086705,0.15834488610867048,0.18994397014127107,0.10037551478290781,1.7830935819387992,2.810196496725616,-0.04389463469345767,4.327270780763133,69,738.5346512309635
gold,2024,5,10000.0,11542.723079607667,0.15427230796076663,0.18499586355577602,0.0896606148359605,1.9383877689150188,3.0463593501628075,-0.034533686426632126,5.35696830249517,73,765.7384039796511
gold,2024,6,10000.0,10548.449734036814,0.05484497340368133,0.06520806169109261,0.11104697222485274,0.6242088971849846,0.9207708721977182,-0.07268473272886278,0.8971356052768257,68,705.2975967855018
gold,2024,7,10000.0,11004.708964988038,0.10047089649880392,0.11993169976727036,0.12029601800315438,1.0017614772260597,1.427579561270572,-0.08864916140948753,1.3528802513233347,73,764.6237352998993
gold,2024,8,10000.0,12543.08469886676,0.254308469886676,0.3074408610010684,0.10421455111703212,2.62542145729586,4.491563697278026,-0.045917628875989824,6.695486429218216,66,749.9066808213221
gold,2024,9,10000.0,10204.553594989291,0.020455359498929182,0.024245776927754648,0.08536015194121513,0.3231835812307621,0.4542744855953615,-0.05717020947753115,0.4240980949577182,65,648.3628784563074
gold,2024,10,10000.0,10434.422121093861,0.043442212109386036,0.051598457419939736,0.10472264995552209,0.5327695587769523,0.7244980628562366,-0.07210044845649055,0.715646830561354,64,647.1936738138503
gold,2024,11,10000.0,9231.006128232451,-0.07689938717675482,-0.09032515106842143,0.09007152844023829,-1.0058208273713678,-1.259347140089723,-0.11736583083449714,-0.7696034733975768,77,722.0232470766435
gold,2024,12,10000.0,10375.22000545306,0.03752200054530608,0.044543186250802336,0.09048012715035908,0.5267647358598345,0.7347282996863761,-0.04805880810086016,0.926847502279298,69,693.7836473260758
gold,2024,13,10000.0,10170.823513243384,0.01708235132433833,0.020241566029489233,0.09877796026208718,0.2520619619988343,0.3590837319403265,-0.06089302460424462,0.33241190039488155,75,746.9645390737337
gold,2024,14,10000.0,10651.95975572268,0.06519597557226797,0.07758570841252421,0.10056673091858674,0.7933511936875498,1.0878239755452264,-0.09478504519758246,0.8185437718660609,69,684.6112331151378
gold,2024,15,10000.0,9782.9910788549,-0.021700892114509984,-0.025622983321194726,0.110845798221733,-0.17882140888784526,-0.2383410908580513,-0.12594383618427996,-0.20344769619136735,63,608.1817888850726
gold,2024,16,10000.0,9876.091179669667,-0.01239088203303329,-0.014642949108626957,0.09627214970597335,-0.10519527018485098,-0.1412177204712212,-0.06563888942790619,-0.2230834378255271,74,734.9962761737501
gold,2024,17,10000.0,10976.435823345228,0.09764358233452275,0.11652835654272531,0.10499899801051113,1.1023358538647106,1.567345969635391,-0.06921925904928339,1.6834672624819393,74,775.9236153572931
gold,2024,18,10000.0,12197.613374495926,0.2197613374495926,0.26494507790096433,0.09147277976545685,2.616048909633227,4.431155745665986,-0.04273815339808906,6.19926358149135,72,822.9450579369906
gold,2024,19,10000.0,10675.732967029893,0.0675732967029894,0.08043160926977255,0.09776477168442767,0.8401146050878626,1.2037751465985347,-0.06011259150336534,1.338016000612279,77,796.5968499885018
gold,2024,20,10000.0,10658.931453672525,0.06589314536725244,0.0784201728312881,0.10450169423547559,0.7746145145306332,1.12148917136677,-0.05334242762989172,1.4701275572869403,65,672.0384375118683
gold,2024,21,10000.0,11190.509785685617,0.11905097856856184,0.14233692181087476,0.10957964077585675,1.2693740078581233,1.8399128221684051,-0.05540238078421056,2.5691481087296553,69,731.0448844889025
gold,2024,22,10000.0,10141.877656799967,0.014187765679996689,0.016807244284590794,0.10576947296818752,0.21047546383082194,0.2738908470571334,-0.12424196189260239,0.13527832326987368,80,819.8894306007642
gold,2024,23,10000.0,10647.415000658828,0.06474150006588286,0.07704178624417324,0.09452015485721171,0.8323243136290858,1.2662244528109408,-0.04011865071184184,1.9203483885222685,69,710.3777721390892
gold,2024,24,10000.0,10448.1735666021,0.04481735666020992,0.05323830394755258,0.09624154721097672,0.5869047921880371,0.8594525810058252,-0.05522074313770409,0.9640997372091155,73,751.9206980398542
gold,2024,25,10000.0,10843.590117353206,0.08435901173532057,0.10055876492512539,0.11098583067105243,0.918821203564007,1.315074193739124,-0.05883761888446892,1.7090896408057974,64,649.157375831607
gold,2024,26,10000.0,10619.511456639937,0.06195114566399362,0.07370318622750394,0.08887385007296861,0.8444953068619614,1.2582385523663246,-0.05180739845180893,1.4226382414485144,78,800.6879142460818
gold,2024,27,10000.0,9695.988832581228,-0.030401116741877177,-0.03586657323698106,0.10795510519691225,-0.2843941204807096,-0.3777417969979255,-0.08975934120240947,-0.39958596795069024,61,606.0410695288384
gold,2024,28,10000.0,10422.21462262726,0.04222146226272594,0.050143056579652345,0.10113783994404241,0.5342465076668692,0.7397045788310933,-0.08728650366453905,0.5744651747349507,67,667.3633946966643
gold,2024,29,10000.0,10983.902316485533,0.09839023164855343,0.11742697029817584,0.1057076427367072,1.1032417583039331,1.6164393960159453,-0.09572482301487295,1.2267138930090367,68,716.9277924729146
sp500,2016,0,10000.0,10028.08265386083,0.002808265386083031,0.002819469452167711,0.09034059200567265,0.07612226129094793,0.11113156568205852,-0.07342203533523883,0.038400862074910495,84,831.1129828431019
sp500,2016,1,10000.0,9661.138437588874,-0.033886156241112575,-0.03401883805839656,0.08718340670501308,-0.35350325896613155,-0.4943251955975494,-0.10371874096592992,-0.3279912361216499,83,825.8179208084822
sp500,2016,2,10000.0,8707.448880440925,-0.12925511195590755,-0.12973512512295993,0.09875008284350857,-1.3574187652281826,-1.741170309502177,-0.12925511195590755,-1.0037136880684157,87,804.7237421276334
sp500,2016,3,10000.0,9820.263882840081,-0.017973611715991877,-0.01804456974921753,0.07467357998294846,-0.20673502146997624,-0.31490743543688365,-0.0874103609880651,-0.20643513589517512,80,792.2816001534263
sp500,2016,4,10000.0,9904.177900674778,-0.009582209932522123,-0.009620201846117449,0.09484973289680611,-0.05465311024317857,-0.07830871705188328,-0.06570401285268235,-0.14641726476718092,84,828.1098820875898
sp500,2016,5,10000.0,10625.091840700308,0.06250918407003092,0.06276588201215993,0.08254873718382726,0.7785057543458436,1.303382387014735,-0.040196996774738536,1.5614570004793151,90,939.0080651025312
sp500,2016,6,10000.0,9647.305192246786,-0.03526948077532144,-0.03540747914645603,0.0865277131395962,-0.37326941493668686,-0.47532630805256243,-0.12015595206367391,-0.2946793607668528,82,776.0985235853265
sp500,2016,7,10000.0,10089.14578718375,0.008914578718375088,0.008950253436831535,0.098050573798344,0.1397882083181032,0.20083371059095712,-0.08066041913080302,0.1109621488863993,90,915.3402550531811
sp500,2016,8,10000.0,10171.16621694756,0.01711662169475603,0.017185398053183754,0.10263187923360592,0.21728337790814564,0.30038277488430887,-0.05336627943178951,0.32202728457301194,75,763.8389862282457
sp500,2016,9,10000.0,9315.532512346765,-0.06844674876532353,-0.06870985469939883,0.08240297290939026,-0.8224847713030621,-1.051851734092011,-0.10354006627203882,-0.6636064392587129,78,744.5374547163609
sp500,2016,10,10000.0,10431.750125618417,0.04317501256184175,0.043350700350814675,0.09070589004390493,0.5131543451554332,0.7489304836770813,-0.05336627943178962,0.8123238271879828,75,782.2180026432196
sp500,2016,11,10000.0,9456.60710112299,-0.05433928988770098,-0.05454976613354234,0.07905865183448023,-0.6700660897949943,-0.9249736585354251,-0.1248310468168764,-0.43698877422349347,85,784.3786092756983
sp500,2016,12,10000.0,8966.33531790783,-0.10336646820921702,-0.10375614420724255,0.08333092222533221,-1.2726043281751027,-1.6365358299239758,-0.13088476742422606,-0.7927289496641444,84,781.9348151644517
sp500,2016,13,10000.0,10490.252719013482,0.0490252719013482,0.049225322207703925,0.0901216898861936,0.5782079371026586,0.8498786764071883,-0.05664359777448802,0.8690359394839633,93,965.7249007065449
sp500,2016,14,10000.0,9892.531914517167,-0.010746808548283249,-0.010789392705874534,0.0836169516690997,-0.08808271125289194,-0.1266975837789476,-0.08621850661291175,-0.12514010193095546,83,802.605748218114
sp500,2016,15,10000.0,9367.137921550695,-0.06328620784493055,-0.06353016014023327,0.0843707422903412,-0.7358368851278694,-1.0247916631908367,-0.08941634061252501,-0.7104983239644486,76,747.7817157860869
sp500,2016,16,10000.0,9384.19035515927,-0.06158096448407302,-0.06181856265096464,0.09421254604914484,-0.6301383989197629,-0.8363222217377417,-0.13332175197389007,-0.4636794951739854,88,816.2981841902848
sp500,2016,17,10000.0,9347.023775396656,-0.06529762246033444,-0.06554905378949849,0.09270080501801548,-0.6848619541176769,-0.8877410260757427,-0.10281006163224193,-0.6375743069192156,85,813.911875608314
sp500,2016,18,10000.0,9501.29136836082,-0.04987086316391798,-0.050064493263271226,0.0953841808271365,-0.4908779450430013,-0.6836097426000339,-0.07468108457393863,-0.6703771584048764,85,815.1794911554884
sp500,2016,19,10000.0,9519.690919829418,-0.04803090801705823,-0.04821757696242113,0.09477348564127853,-0.47408576998350166,-0.6489354622001656,-0.1394796732030067,-0.3456960849932772,91,841.6539517674431
sp500,2016,20,10000.0,9579.350993302329,-0.04206490066976709,-0.04222890057273787,0.10725660921741521,-0.3487125065884221,-0.4803236489954942,-0.09353532601228487,-0.45147541974880756,77,745.8918212893052
sp500,2016,21,10000.0,9322.203333361631,-0.06777966666383695,-0.0680403031053135,0.09689462588017461,-0.6786165472693123,-0.8584595173323193,-0.12373172241387043,-0.5499018503737093,80,733.0203338357113
sp500,2016,22,10000.0,9042.327374415461,-0.09576726255845391,-0.09612985020964804,0.08940985699256937,-1.0854477149538644,-1.3846882267135812,-0.14277388224967213,-0.6733013678338132,93,834.2687078769194
sp500,2016,23,10000.0,9437.332174481788,-0.05626678255182127,-0.05648449947811207,0.0986955109661384,-0.5396887857460814,-0.7024392562513383,-0.09735307680897132,-0.5802025095616381,84,800.9093632565542
sp500,2016,24,10000.0,9901.09856961657,-0.009890143038343013,-0.009929349726356507,0.09424211421276549,-0.058817700370712454,-0.07966560242595837,-0.07687872236073723,-0.12915601900568954,84,814.9808029074846
sp500,2016,25,10000.0,9928.996601354618,-0.007100339864538174,-0.007128527004584995,0.08185947337640695,-0.04660024671319757,-0.0664307936904313,-0.05855126487258433,-0.12174847153341022,75,737.6675641824115
sp500,2016,26,10000.0,8981.985034339119,-0.10180149656608806,-0.102185615004737,0.0930599289295646,-1.1115287799040678,-1.429859438072054,-0.11935342385145598,-0.8561598964426395,91,847.4754438781109
sp500,2016,27,10000.0,9135.827494296444,-0.08641725057035565,-0.08674615874721348,0.08116206209361321,-1.0770904959973342,-1.3012875093895147,-0.09850261880118338,-0.8806482487770297,76,709.5895817916031
sp500,2016,28,10000.0,10432.618898232486,0.043261889823248634,0.043437938441090784,0.08531036592576612,0.541078945382423,0.7717580934342186,-0.0654027963351973,0.6641602634001467,77,816.793466608038
sp500,2016,29,10000.0,9818.734932785004,-0.018126506721499624,-0.01819806275885516,0.10581976402256202,-0.12071026665166393,-0.16704700855895382,-0.057966328319683846,-0.3139419605549792,83,825.3760125139943
sp500,2017,0,10000.0,9612.433884445927,-0.03875661155540733,-0.03906052893251255,0.048618161716633475,-0.7952285691971009,-1.0753005512816605,-0.06352239663672943,-0.6149095594722457,84,824.2947591155173
sp500,2017,1,10000.0,9735.082410469591,-0.0264917589530409,-0.026700838193061016,0.0367933092757276,-0.7171949341504752,-0.9696034842213588,-0.0685724330796037,-0.38938151956872824,83,799.5180583703499
sp500,2017,2,10000.0,10061.435664543931,0.006143566454393179,0.006192866859242585,0.04811995239238717,0.15228963582183078,0.21204040855109513,-0.03372827640016307,0.1836105345487694,87,876.3835124105443
sp500,2017,3,10000.0,10793.893885094038,0.07938938850940369,0.08004927407631146,0.04508923366938459,1.7305827525012052,2.8024077590995584,-0.020405805181593073,3.9228677018106297,80,839.5106675629986
sp500,2017,4,10000.0,9801.938277977813,-0.019806172202218697,-0.019963029426627976,0.046805206022838254,-0.4074902283258228,-0.5651142414294644,-0.03915472983871737,-0.509849755287749,84,832.8129436337631
sp500,2017,5,10000.0,9798.229889416625,-0.02017701105833747,-0.020336774609037822,0.047509724224478155,-0.4087068313225844,-0.5148987554643512,-0.06690059690822847,-0.3039849500436444,89,874.3508756177201
sp500,2017,6,10000.0,9191.078091984711,-0.08089219080152887,-0.08151220914697688,0.04510913332488761,-1.8620774337872255,-2.303146879874399,-0.09353783620578071,-0.8714356933343232,82,781.6395063219866
sp500,2017,7,10000.0,10786.659387701407,0.07866593877014072,0.07931959287598889,0.04810018050113818,1.6110621280659323,2.8349802379204685,-0.016014923608140164,4.952854900642288,90,935.35603013114
sp500,2017,8,10000.0,9787.194881972495,-0.02128051180275048,-0.02144891697835183,0.050100776110030096,-0.4077642188712579,-0.5504246579217241,-0.06551679410888456,-0.32738044145910367,75,735.8746587356236
sp500,2017,9,10000.0,9568.180645935434,-0.04318193540645665,-0.043519762778000404,0.04278041577042177,-1.0186581213591086,-1.3424046801286302,-0.0512095222860014,-0.849837312188654,78,763.9590103693573
sp500,2017,10,10000.0,9966.780621708782,-0.0033219378291218238,-0.0033484687885865227,0.048838785231592886,-0.04429484499403448,-0.05944831071463233,-0.03563304432065617,-0.09397088720385993,75,745.9459161098027
sp500,2017,11,10000.0,9946.83356169685,-0.005316643830314938,-0.005359062808718562,0.040040797946439124,-0.114275995478697,-0.17155700507722788,-0.04413011850272164,-0.1214377615683958,85,837.7008244973994
sp500,2017,12,10000.0,10168.274784277359,0.016827478427735798,0.016963233672392608,0.03456504005295492,0.5038604747085945,0.7880890675133578,-0.025469406871082012,0.6660238991137513,83,847.0588583269142
sp500,2017,13,10000.0,9645.118666786995,-0.03548813332130052,-0.03576689979216785,0.04569747570237162,-0.7741734416747208,-1.0079126068454316,-0.09010344385703883,-0.396953748503962,93,904.4704501012158
sp500,2017,14,10000.0,9836.439231666656,-0.0163560768333344,-0.016485840920578143,0.039449269219100476,-0.40171303678878045,-0.5596239661157151,-0.04626240005083926,-0.35635507242298964,83,826.3850345236737
sp500,2017,15,10000.0,10362.64369329905,0.036264369329904955,0.03655972432529064,0.04791298849358167,0.77335270176478,1.1500944935685016,-0.03490299686707232,1.047466624843934,76,777.8114958845196
sp500,2017,16,10000.0,9299.680454048932,-0.0700319545951068,-0.07057196078653505,0.046403862202683076,-1.553768333597796,-1.963506295682366,-0.08804459379427221,-0.8015479173137618,88,838.4898377100286
sp500,2017,17,10000.0,9941.56777371894,-0.005843222628105993,-0.005889830476775604,0.051804712899367264,-0.08819320914572652,-0.12109665875231428,-0.07336410998022413,-0.08028217718940846,84,836.9569729320777
sp500,2017,18,10000.0,9869.694983436695,-0.013030501656330462,-0.013134058091175738,0.0453353302647909,-0.26904230909093885,-0.3841218479719893,-0.041471097899167586,-0.3167038915417613,84,830.04798822818
sp500,2017,19,10000.0,10710.315686905114,0.07103156869051142,0.07161970302578635,0.04896375125196984,1.437251518697131,2.3630261877972565,-0.019386377075862105,3.6943314754235197,90,934.6398501487438
sp500,2017,20,10000.0,9610.373736093974,-0.03896262639060255,-0.039268126051382635,0.04991142258196692,-0.7776563585201101,-1.0205079390276754,-0.08152847660499485,-0.48164920634585817,77,747.5690320620129
sp500,2017,21,10000.0,10082.474885208154,0.008247488520815471,0.008313741945024544,0.04665996337389594,0.20070884846149425,0.28244739523177204,-0.05597765112276043,0.1485189495856533,80,784.5418926833464
sp500,2017,22,10000.0,9859.976602091412,-0.014002339790858742,-0.014113564287003943,0.044523022519209754,-0.2970849447187396,-0.4349318529402228,-0.04898045518340677,-0.2881468584592744,93,937.0962386040244
sp500,2017,23,10000.0,10509.584033634683,0.05095840336346824,0.051376368642975345,0.04962193600471464,1.0344367779379358,1.5983118232598803,-0.021755233748330882,2.3615636236000945,83,856.2516907439239
sp500,2017,24,10000.0,10041.35668659322,0.004135668659322134,0.004168822876823741,0.04625171418986688,0.11297370205095068,0.16522381553736432,-0.034856752398444435,0.11959871732083063,83,828.0765183799449
sp500,2017,25,10000.0,10176.54673488848,0.01765467348884786,0.01779716032805334,0.04547348442168769,0.41061625136864155,0.5791724417801677,-0.05169827205786193,0.344250583619784,74,752.6046220813248
sp500,2017,26,10000.0,10011.169518116236,0.0011169518116236343,0.001125892454507893,0.041230816010988845,0.047798057220189705,0.07303081539751037,-0.035460744621032325,0.03175038952340861,91,912.9375985052054
sp500,2017,27,10000.0,9840.600632316462,-0.015939936768353813,-0.016066426362563058,0.039678040437504794,-0.38844387142964615,-0.567530948748494,-0.03739969117940356,-0.4295871397839516,76,754.0705916477476
sp500,2017,28,10000.0,9719.528031527416,-0.028047196847258427,-0.028268372834783895,0.04328416043757801,-0.640875928617183,-0.8471805505262056,-0.05065656236517557,-0.5580396993977094,77,767.4746869159716
sp500,2017,29,10000.0,10408.72115565599,0.04087211556559911,0.04120573884354317,0.04929451297169968,0.8437315717707524,1.3546375990132205,-0.029913616899055917,1.3774910263306754,82,839.8940801364728
sp500,2018,0,10000.0,9301.2086832362,-0.06987913167637994,-0.07041800463313896,0.09070304677880077,-0.7595914636773144,-0.9804496289353484,-0.1389751415778221,-0.5066949659749539,84,858.2660956423995
sp500,2018,1,10000.0,9547.380514127737,-0.04526194858722632,-0.04561565755269659,0.11170511486727366,-0.36239152071092817,-0.5134037859458462,-0.1490444077036951,-0.3060541368541779,83,840.7839059550172
sp500,2018,2,10000.0,8637.946162057362,-0.13620538379426383,-0.13721660762130417,0.127694643109294,-1.0916913224158262,-1.4113036675279438,-0.20562284118547824,-0.6673218151748544,87,793.8155242083956
sp500,2018,3,10000.0,9874.114300273397,-0.012588569972660335,-0.012688636896412087,0.11421600628643384,-0.05468808015267391,-0.07318927773803355,-0.06373146351952097,-0.19909533212783592,80,805.4888981459998
sp500,2018,4,10000.0,9021.985682356413,-0.09780143176435863,-0.09854396487394157,0.12051206377274105,-0.8003201981245126,-1.0136903005754365,-0.1421486391331318,-0.6932459253559824,84,802.8657905946919
sp500,2018,5,10000.0,8717.23985641089,-0.128276014358911,-0.12923286795997835,0.1201888465937963,-1.0910152790508518,-1.4041906135514237,-0.20725093209853673,-0.6235574752374818,89,832.5334742070172
sp500,2018,6,10000.0,8829.768666473332,-0.11702313335266679,-0.11790183195203274,0.10721679866083661,-1.1163419298454642,-1.4436635830340119,-0.1772449029053732,-0.6651916642983956,82,800.946605028823
sp500,2018,7,10000.0,9288.204516532061,-0.07117954834679385,-0.07172805787301861,0.10546739732032569,-0.6528646212588015,-0.8352640274545755,-0.0973193424947213,-0.7370380443837177,90,861.0949213325304
sp500,2018,8,10000.0,9346.839653060046,-0.06531603469399538,-0.06582097762811923,0.12267593669343355,-0.4939096353188711,-0.6713723404035256,-0.15198153786447266,-0.43308535071420406,75,728.5995104774728
sp500,2018,9,10000.0,7978.418831012532,-0.20215811689874685,-0.2035983232505959,0.1043646750138364,-2.1280707813069544,-2.537603007255585,-0.22377141432303804,-0.9098495617348151,78,720.0804738229053
sp500,2018,10,10000.0,8426.73670932632,-0.157326329067368,-0.15847950000703181,0.1180861212901469,-1.401551674672514,-1.7394466330129998,-0.21329199660498388,-0.7430166275790243,75,727.9517036544446
sp500,2018,11,10000.0,8004.215431673761,-0.19957845683262398,-0.20100268623868522,0.1342409071354467,-1.6037173718046445,-1.9908229228526004,-0.2587034146929945,-0.776961859885834,85,765.0772999594276
sp500,2018,12,10000.0,7263.184219391482,-0.2736815780608518,-0.27553722347719645,0.1238536572159117,-2.5384416030257797,-2.8196418379304804,-0.29446074886821705,-0.9357349817802384,83,737.9234283521536
sp500,2018,13,10000.0,8041.098039096965,-0.19589019609030345,-0.19729146631728878,0.11291222516777424,-1.8888244157234166,-2.2119035616465754,-0.20951019309886543,-0.9416795593529391,93,853.2389795379357
sp500,2018,14,10000.0,7924.604007427224,-0.2075395992572776,-0.20901291907417896,0.12383503537069988,-1.8307548704789822,-2.3004081466349,-0.2520946267095957,-0.8291050142649594,83,800.7247565605174
sp500,2018,15,10000.0,9106.795132860017,-0.08932048671399828,-0.0900018879570521,0.1177251710587733,-0.7423238118286497,-0.9918723694287439,-0.15894513381684072,-0.5662450041456767,76,735.9891441112242
sp500,2018,16,10000.0,9741.30015838424,-0.025869984161576043,-0.02607422220889699,0.12542394358007836,-0.14812239204633557,-0.20149154648748183,-0.11772958345812123,-0.22147553268267625,88,884.2523798600857
sp500,2018,17,10000.0,8474.57681008201,-0.15254231899179904,-0.15366370783059413,0.13112481535668236,-1.2062675412267447,-1.4881983966076415,-0.19702899604882762,-0.7799040289101066,84,804.2778429650753
sp500,2018,18,10000.0,9138.62879998351,-0.08613712000164908,-0.08679541048714601,0.10446441401184377,-0.8169777651162043,-1.0968674418850195,-0.16544566759071566,-0.5246157953308457,84,775.8813860097341
sp500,2018,19,10000.0,8790.095742010726,-0.12099042579892738,-0.12189681117611473,0.12092746476279147,-1.0143499641610165,-1.338270927540065,-0.1780585699210877,-0.6845882859226442,90,864.6286867666896
sp500,2018,20,10000.0,9562.402986368617,-0.043759701363138226,-0.044101943829909285,0.1275366382488951,-0.2899182438320563,-0.3861776611442573,-0.09887911650356074,-0.44601878929936767,77,757.4628410153736
sp500,2018,21,10000.0,9513.643496896866,-0.04863565031031336,-0.04901504090421993,0.10451822563018003,-0.4286326021741935,-0.5721748855312228,-0.09267627910652354,-0.528884428429429,80,793.9224255761699
sp500,2018,22,10000.0,8491.00464984701,-0.15089953501529907,-0.15200995995330313,0.12515281920096163,-1.2542641748325383,-1.5342967353625683,-0.18679617330845955,-0.8137744861736895,93,851.253863391758
sp500,2018,23,10000.0,9503.597064143769,-0.04964029358562316,-0.050027313205798674,0.11282663044467992,-0.3984817009492085,-0.5394789714466722,-0.12926104750630674,-0.38702543551148155,83,851.1553068070425
sp500,2018,24,10000.0,9018.167434482119,-0.09818325655178817,-0.09892852684272757,0.12594661436627344,-0.763839882010613,-0.957933909226079,-0.16339062349137445,-0.6054724850716424,83,848.0053912067405
sp500,2018,25,10000.0,9730.456351036968,-0.026954364896303207,-0.027167043949403835,0.1270758312464613,-0.1534351302145244,-0.20918423825792348,-0.12926673952269374,-0.21016267641402417,74,751.4289770201751
sp500,2018,26,10000.0,8547.076606725466,-0.14529233932745333,-0.14636514948663693,0.10183702875887413,-1.5025957243973347,-1.8898790902443796,-0.17212848428115413,-0.8503249772859474,91,861.4761216346913
sp500,2018,27,10000.0,8730.551192208153,-0.12694488077918464,-0.1278925499456669,0.10283860021327274,-1.278638068438361,-1.5253652058392817,-0.1577776944081548,-0.8105870124760596,76,722.7057984278129
sp500,2018,28,10000.0,8522.61775739683,-0.1477382242603169,-0.14882747870565194,0.09710835196822705,-1.6101643913821546,-1.9382499383567242,-0.1798168515669588,-0.8276614644775532,77,738.9580984891969
sp500,2018,29,10000.0,9740.378567627426,-0.02596214323725743,-0.026167099045201536,0.1134600918894113,-0.17707448820093574,-0.24044264779461796,-0.11745343679794873,-0.22278700188412479,82,867.47842256505
sp500,2019,0,10000.0,10413.000114821118,0.04130001148211182,0.04146791885352452,0.0788488508183171,0.5546429887146557,0.8035903138504167,-0.1124691665042502,0.36870477609485486,84,856.4848830936827
sp500,2019,1,10000.0,9980.036421309658,-0.001996357869034182,-0.0020043035099910345,0.08730078896798112,0.020482288766354342,0.02854070275689794,-0.12288951303485407,-0.016309801060262738,83,848.1921478096191
sp500,2019,2,10000.0,10058.170790031623,0.0058170790031624175,0.005840322162138811,0.08623497790783761,0.11054969601313307,0.15235844661394282,-0.07920246396469044,0.07373914736721458,87,871.6911529383858
sp500,2019,3,10000.0,9724.181697255724,-0.02758183027442751,-0.02769018242611454,0.08697542882381301,-0.2793713881195473,-0.36509766672378685,-0.09107193982378059,-0.30404735508756686,80,797.093321469179
sp500,2019,4,10000.0,10892.791605756149,0.08927916057561491,0.08965034319616194,0.08882567020069729,1.0111264457739297,1.3721897753431713,-0.05617756574251365,1.5958388728886665,84,889.0133568597587
sp500,2019,5,10000.0,10080.319061830207,0.008031906183020743,0.008064034487554217,0.07343281826595736,0.14598960365168906,0.20140684345994617,-0.0540910310253766,0.14908265445654023,90,919.006132010492
sp500,2019,6,10000.0,10356.192404839056,0.03561924048390552,0.03576365774411272,0.09172342448303332,0.4288108235584145,0.6071652548370626,-0.0752627466045327,0.4751840632661532,82,849.8085098978917
sp500,2019,7,10000.0,10570.06123560645,0.05700612356064494,0.05723961925999865,0.086694971687584,0.6853501806441832,0.9566020022808917,-0.09707720888194327,0.5896298412288349,90,959.9381987631594
sp500,2019,8,10000.0,10056.340963128447,0.0056340963128447274,0.005656606278356291,0.08785118819118283,0.10810199944885258,0.14651871590152687,-0.10304087801267392,0.0548967204807837,75,774.933079751604
sp500,2019,9,10000.0,9625.80563200864,-0.03741943679913606,-0.03756568238159885,0.07340108612311494,-0.48489505806259114,-0.60944351937665,-0.11185239765400168,-0.33585048840707515,78,752.445482684649
sp500,2019,10,10000.0,10123.41503839201,0.012341503839200962,0.01239097655726873,0.0886882247003037,0.18330924259467155,0.23356088550121826,-0.09453602653650073,0.13107147625338922,75,757.0294233353267
sp500,2019,11,10000.0,10381.01156972248,0.03810115697224781,0.038255821716588256,0.08022523791999818,0.5081797468722085,0.6448542210790272,-0.07698709761798328,0.4969121177475347,85,863.9103165391115
sp500,2019,12,10000.0,9291.555263110979,-0.07084447368890212,-0.07111644005562345,0.08023152959160629,-0.8794503103490443,-1.1993411432398768,-0.14287772634592277,-0.4977433633248243,84,825.8799562397469
sp500,2019,13,10000.0,10052.16658284874,0.005216658284874054,0.005237496116181184,0.07394114522636437,0.10762506189518357,0.13995121466619861,-0.05240130076861138,0.09994973482258418,93,928.6894642201821
sp500,2019,14,10000.0,10215.875874015323,0.021587587401532327,0.02167451914988705,0.07771451901746981,0.3146986919823101,0.4406186867562132,-0.07636553574535399,0.2838259293061492,83,846.175970613612
sp500,2019,15,10000.0,10589.529177382432,0.05895291773824329,0.059194608523801096,0.08356577428535808,0.7300066729103203,1.0191650265101901,-0.0906091306522867,0.653296285900379,76,805.0488339462051
sp500,2019,16,10000.0,10445.856614488612,0.044585661448861114,0.0447672116898723,0.08621793905386843,0.5509475501343588,0.7732143141596752,-0.07731978130412298,0.5789878209017275,88,910.0212314522832
sp500,2019,17,10000.0,9946.719579773418,-0.00532804202265813,-0.005349212405850512,0.08662390974031547,-0.018713840560271963,-0.02590248789386006,-0.09297486017405254,-0.057533965588510476,85,845.0233378386415
sp500,2019,18,10000.0,10816.597542301663,0.08165975423016625,0.08199808079527915,0.08294938402217682,0.9916508864823566,1.400922124391472,-0.034797289437939805,2.3564502327550803,85,902.471366120815
sp500,2019,19,10000.0,10295.973216634093,0.029597321663409337,0.029716974288801046,0.09115826899180225,0.36669420849394985,0.5133356340695864,-0.07305309525888737,0.40678597099122626,91,951.4171822732569
sp500,2019,20,10000.0,9384.874273570696,-0.06151257264293031,-0.06174991570750932,0.0889585423515095,-0.6719185606050092,-0.8542485064866779,-0.15181687786732778,-0.4067394651698235,77,757.4723552177622
sp500,2019,21,10000.0,10080.610512180298,0.008061051218029691,0.008093296572546205,0.07904935377704624,0.14146856691049384,0.19213139597359744,-0.08419569524981985,0.09612482619844537,80,800.0468491042855
sp500,2019,22,10000.0,11466.050748239812,0.1466050748239811,0.14723019274884952,0.07086652807637632,1.9739027080927227,3.2650105524169697,-0.04316630249622033,3.410766830486375,93,1026.6952671038503
sp500,2019,23,10000.0,10929.030423982193,0.09290304239821934,0.09328992668179836,0.06685358230698578,1.367595636001538,2.1894519197808617,-0.04763979986959066,1.9582350668384525,84,897.6177404655182
sp500,2019,24,10000.0,10676.388936727273,0.06763889367272724,0.06791732242323456,0.09074501661791298,0.7693733127111049,1.136494812128223,-0.0740266204616109,0.9174716068317,84,869.9891589612562
sp500,2019,25,10000.0,10705.110612602897,0.07051106126028972,0.07080170036761668,0.08703935422550706,0.8294180513245588,1.1874017059792334,-0.08374764440015836,0.8454172159077802,75,769.3969992122472
sp500,2019,26,10000.0,9966.169215365157,-0.0033830784634842903,-0.0033965339479071766,0.07314030689766372,-0.010103795377049496,-0.014437440950074399,-0.09793937616852388,-0.03467996306268864,91,943.7189151457555
sp500,2019,27,10000.0,9359.652341158499,-0.06403476588415014,-0.06428150355921924,0.07734284613634189,-0.8202266647319011,-1.0212570102042764,-0.11938032339654836,-0.5384597874282339,76,730.141040564865
sp500,2019,28,10000.0,10333.226875305534,0.03332268753055345,0.03345764384110561,0.0740618254749621,0.4812920704060412,0.6831678280656758,-0.09353494612479196,0.35770206994578546,77,777.7032810244142
sp500,2019,29,10000.0,10223.710214708102,0.02237102147081016,0.022461142603547035,0.08922358895360237,0.2935739762751916,0.3911688476750855,-0.0724446216225515,0.3100456886996155,83,859.845027481899
sp500,2020,0,10000.0,7903.577363361506,-0.20964226366384942,-0.20964226366384942,0.2596919491004253,-0.7727468233306083,-0.9363749354282846,-0.3112900861521777,-0.6734627056557253,84,677.0819288068195
sp500,2020,1,10000.0,9963.75366794727,-0.0036246332052729535,-0.0036246332052729535,0.2015386354533524,0.08262403059752976,0.11309680510462124,-0.20319798751218432,-0.017837938503478586,83,768.5955425688204
sp500,2020,2,10000.0,11599.028616699163,0.1599028616699163,0.1599028616699163,0.18677393992868635,0.8875596459432297,1.2823010949366587,-0.16562445650739166,0.9654544083758547,88,961.3603829837839
sp500,2020,3,10000.0,12907.426304715194,0.2907426304715195,0.2907426304715195,0.19703922612768837,1.393551897739469,2.16915874128983,-0.13168269084290396,2.2079031694330453,80,897.3535195837304
sp500,2020,4,10000.0,8490.930098330931,-0.1509069901669069,-0.1509069901669069,0.27995813199181585,-0.4421544420579274,-0.5661589502140512,-0.30024576116588186,-0.5026115592137628,85,718.1589740472654
sp500,2020,5,10000.0,8825.917081477175,-0.11740829185228252,-0.11740829185228252,0.20384281968091336,-0.5100856788199418,-0.6604630737832694,-0.17350149063712328,-0.6766990382684426,90,840.104584263664
sp500,2020,6,10000.0,9714.442420179657,-0.028555757982034247,-0.028555757982034247,0.21029917699810613,-0.031789964509424375,-0.04206558761375141,-0.18258453718052714,-0.15639746072144248,82,787.769084233769
sp500,2020,7,10000.0,8808.350190404964,-0.11916498095950356,-0.11916498095950356,0.2816079156190471,-0.3074418784296584,-0.3917381600315202,-0.29690820086362624,-0.4013529454992642,90,755.8968771240434
sp500,2020,8,10000.0,9235.470875919189,-0.07645291240808105,-0.07645291240808105,0.20678136383161327,-0.28180376924999206,-0.39750815976856557,-0.23427686040614892,-0.32633573915725245,75,671.7524966880572
sp500,2020,9,10000.0,13223.93459587308,0.3223934595873079,0.3223934595873079,0.17858456630897657,1.652834089196767,2.983131172585944,-0.07233067065108922,4.457216512514847,79,909.4819425962374
sp500,2020,10,10000.0,9200.198456089443,-0.07998015439105566,-0.07998015439105566,0.2009650129646824,-0.31436229794780024,-0.4194846198570099,-0.2000738133713139,-0.39975323628495907,75,701.8480438618265
sp500,2020,11,10000.0,10214.153512754843,0.021415351275484218,0.021415351275484218,0.15902904026528178,0.21293093149652628,0.28480284267296196,-0.11859248194395655,0.18057933289232034,85,814.8157563993839
sp500,2020,12,10000.0,12454.769069681133,0.2454769069681133,0.2454769069681133,0.17589397488845313,1.3354665493919866,2.194844611599659,-0.09889635488079485,2.48216334428099,84,946.8942828673146
sp500,2020,13,10000.0,9523.833371791532,-0.047616662820846756,-0.047616662820846756,0.2522560751410599,-0.06709551910680334,-0.09190887587681186,-0.21575527843522802,-0.22069755681616743,93,873.1447553533208
sp500,2020,14,10000.0,8002.4256575457985,-0.19975743424542014,-0.19975743424542014,0.21607136055250345,-0.9219627324777412,-1.1576880774588358,-0.2711223517691158,-0.7367796603340581,83,698.8790923150257
sp500,2020,15,10000.0,9592.632021294483,-0.04073679787055173,-0.04073679787055173,0.21321867542628017,-0.0880260934626351,-0.11590934991208723,-0.25723310793747933,-0.15836529829765475,77,694.5299215112206
sp500,2020,16,10000.0,9877.537647519901,-0.01224623524800994,-0.01224623524800994,0.1921742713503927,0.03332000279272714,0.04204313238069849,-0.2192733761532738,-0.05584916629116763,88,830.9787336542603
sp500,2020,17,10000.0,6364.462672633408,-0.36355373273665914,-0.36355373273665914,0.23054231071387288,-1.8411905547843128,-2.1657767846253924,-0.3946965598913038,-0.9210967859379845,85,626.6066720990287
sp500,2020,18,10000.0,10692.68840853854,0.06926884085385399,0.06926884085385399,0.1868708411309905,0.45187966582635064,0.6245665840560198,-0.10722074134656079,0.6460395627182058,85,856.4025932693952
sp500,2020,19,10000.0,8705.559959641718,-0.12944400403582823,-0.12944400403582823,0.25815417845725436,-0.40824630614306656,-0.5593431645849875,-0.24306937164773146,-0.5325393452838028,91,830.7973725128554
sp500,2020,20,10000.0,12887.950082561976,0.28879500825619764,0.28879500825619764,0.22456312577119647,1.2411576833209659,1.9905713373045475,-0.18128908735595994,1.593008230490733,77,871.3302382271977
sp500,2020,21,10000.0,12362.931180661966,0.23629311806619668,0.23629311806619668,0.1759672773864389,1.2931792299894913,1.9982468174404746,-0.09920695450769679,2.3818200975806016,80,871.9361126904945
sp500,2020,22,10000.0,8770.888054711133,-0.12291119452888666,-0.12291119452888666,0.2456201843217209,-0.410343974923307,-0.5403503669815928,-0.292381617269696,-0.4203793510571905,93,819.4805713484596
sp500,2020,23,10000.0,10665.53514232455,0.06655351423245492,0.06655351423245492,0.18499013008009663,0.441216644800384,0.5966035258446637,-0.1496179632362793,0.44482301986261136,84,836.0475997048487
sp500,2020,24,10000.0,11183.316233193831,0.11833162331938318,0.11833162331938318,0.20939018033167278,0.638027401957059,0.962525576028016,-0.19317442699685505,0.612563604608542,84,848.5810438398534
sp500,2020,25,10000.0,9435.8697623327,-0.056413023766729964,-0.056413023766729964,0.28201239366339326,-0.06428133377729565,-0.08792538851820826,-0.3119786123963785,-0.18082336905536164,75,705.2996842682703
sp500,2020,26,10000.0,10149.06987272663,0.014906987272663041,0.014906987272663041,0.14640571809570063,0.17386517355542283,0.2501961944930716,-0.11852354436281376,0.12577237166508534,91,891.7008359979483
sp500,2020,27,10000.0,11061.867620189889,0.10618676201898891,0.10618676201898891,0.22180946160862053,0.5654117047011262,0.8144743966235224,-0.14427104137317825,0.7360227042675962,77,796.2055666653148
sp500,2020,28,10000.0,8199.432421158273,-0.18005675788417264,-0.18005675788417264,0.26317186384849683,-0.6197021807352011,-0.7592665242939641,-0.32058456050572937,-0.5616513708586871,77,613.0699956887172
sp500,2020,29,10000.0,8603.972636801087,-0.13960273631989129,-0.13960273631989129,0.2685793245796679,-0.42569437360905454,-0.5804034317382674,-0.3357963971038591,-0.41573625424192173,84,758.3398456285994
sp500,2021,0,10000.0,10501.042871312919,0.05010428713129178,0.05030884511168465,0.08374704762657334,0.6277975340341346,0.9693165436445093,-0.039503197674159884,1.2735385506422696,84,885.8132480128244
sp500,2021,1,10000.0,10014.215146115954,0.0014215146115954536,0.0014271820558600101,0.08779231004228608,0.060082082461525334,0.08031237456584042,-0.06172588600864892,0.0231212891081067,83,827.1499637788751
sp500,2021,2,10000.0,10231.082447889085,0.023108244788908383,0.023201369373885505,0.09440324608932017,0.2900135389537029,0.4104451709367791,-0.06905935123643092,0.3359627473830955,87,887.4784498112414
sp500,2021,3,10000.0,10216.031731255636,0.0216031731255637,0.021690168300459556,0.08530968647937195,0.29412309582101615,0.4024048578920091,-0.05495485693374491,0.39469065175822077,80,809.3471203334677
sp500,2021,4,10000.0,9470.003068170565,-0.05299969318294351,-0.05320512794021126,0.09306038498444415,-0.541039008295821,-0.7337845024583588,-0.09184101733817684,-0.5793177109994266,84,830.9267312213595
sp500,2021,5,10000.0,9220.220974975799,-0.0779779025024201,-0.0782760828338106,0.08877481892813109,-0.8736635077070437,-1.1292958785750549,-0.12065033716757034,-0.6487846173616038,90,842.2256827940924
sp500,2021,6,10000.0,10653.12457537368,0.06531245753736803,0.06558101863995858,0.08786108377747391,0.7667409875062322,1.1768684624992827,-0.05240987178154477,1.2513104194056013,82,871.3907968733765
sp500,2021,7,10000.0,11005.237633676374,0.10052376336763746,0.10094382361671728,0.08140765968533488,1.2220605508159061,1.8443296648814516,-0.05394040067823125,1.8713955096268913,90,955.4188760552391
sp500,2021,8,10000.0,10681.30951528874,0.06813095152887394,0.06841146995750114,0.0937751489286594,0.7525166854986479,1.0727390347465975,-0.04730448561799061,1.4461941412905508,75,766.3747432392167
sp500,2021,9,10000.0,10350.36795059932,0.03503679505993196,0.03517881093009789,0.07005364022144538,0.5284526446158718,0.7723718392292196,-0.04945145697460318,0.7113806767748966,78,793.3025864265813
sp500,2021,10,10000.0,10917.363985623846,0.09173639856238469,0.09211822272133285,0.08446986456871078,1.0854018711240698,1.6925424296632334,-0.04124491217944026,2.233444511181476,75,776.6788590236378
sp500,2021,11,10000.0,9922.542452502543,-0.0077457547497457035,-0.007776494029121062,0.0900032294410702,-0.041826909417271414,-0.05709414742822472,-0.0723346404272156,-0.10750719134279665,85,837.8927532704425
sp500,2021,12,10000.0,9090.61918677416,-0.09093808132258396,-0.09128332190368338,0.07915761365789832,-1.1694663242354655,-1.4650224227371758,-0.13963508214316134,-0.6537277058360939,84,798.1262990806208
sp500,2021,13,10000.0,9423.163713508922,-0.05768362864910781,-0.05790665796007022,0.07842016843214665,-0.7214843881775943,-0.9629319841844269,-0.08153182698136163,-0.7102337835911345,93,907.0140986283126
sp500,2021,14,10000.0,10242.467707862417,0.02424677078624171,0.024344537907471597,0.08710794338381007,0.31959902692641295,0.4399985331021773,-0.07677338140869372,0.31709607497781583,83,829.299410769446
sp500,2021,15,10000.0,9734.361376259805,-0.02656386237401953,-0.02666827062586441,0.09717018354181332,-0.2297371267477821,-0.3213755058553205,-0.08988692406046417,-0.29668687525591025,76,726.3326939320366
sp500,2021,16,10000.0,11305.215991991747,0.1305215991991746,0.1310742896062893,0.08397663593220597,1.5089626455999237,2.1700943811059354,-0.043344101324789386,3.0240398485623974,88,933.519257580535
sp500,2021,17,10000.0,10574.438513248733,0.057443851324873396,0.057679188402676385,0.10272898121311905,0.5971161840623554,0.8700723300228548,-0.06681933870668355,0.8632110032676374,85,864.7501010272224
sp500,2021,18,10000.0,9897.672150422586,-0.010232784957741381,-0.01027334289373627,0.08665127836390064,-0.07593728905075228,-0.10390160173647725,-0.06753684099883905,-0.1521146494535163,85,862.3882635186451
sp500,2021,19,10000.0,10881.920916682644,0.08819209166826436,0.08855857360287045,0.08857820293270663,1.0022718882162192,1.4629738547025588,-0.047762527013096134,1.8541433868980244,91,944.6816167774911
sp500,2021,20,10000.0,10462.790365326326,0.046279036532632656,0.046467634259260926,0.08556171887665129,0.5734453060260396,0.8743533208632891,-0.04245288133300473,1.0945696216651128,77,784.5930464946172
sp500,2021,21,10000.0,9996.736624113992,-0.0003263375886007891,-0.0003276375253440378,0.0819359669817022,0.036887681157435286,0.049859258576576825,-0.0813078670621703,-0.004029591934732673,80,834.3436695368962
sp500,2021,22,10000.0,11928.629629880292,0.19286296298802919,0.1937013804499741,0.08896189972869584,2.0352097500034723,3.375608412051394,-0.04445094156504936,4.357644037000029,93,1052.0123582974518
sp500,2021,23,10000.0,10081.359721217741,0.008135972121774193,0.008168518383164125,0.0842313244306267,0.1386491776266322,0.18715926147866851,-0.09064026927275337,0.09012019104426465,84,864.0685238371253
sp500,2021,24,10000.0,11352.619725621476,0.13526197256214756,0.13583591534697992,0.09544282892514774,1.3824207210069817,2.0372709167246805,-0.05649785748897318,2.404266663979096,84,895.4607984695295
sp500,2021,25,10000.0,10710.820397118408,0.0710820397118408,0.07137510987862306,0.08731500748966364,0.8330784467442013,1.3254098938893608,-0.05954173914100169,1.1987407641822247,75,755.8911904430428
sp500,2021,26,10000.0,10143.740351369634,0.014374035136963448,0.014431713470471452,0.08156981659654482,0.21634085217314844,0.2996145559514604,-0.0881364834121029,0.16374278745604787,91,958.110735398597
sp500,2021,27,10000.0,9904.061417264944,-0.009593858273505562,-0.009631896145955388,0.08313608561163571,-0.07488667439452053,-0.0985990659763964,-0.07394384723186853,-0.13025960247581228,76,744.5704540451453
sp500,2021,28,10000.0,10006.615490215443,0.0006615490215442499,0.0006641855501046123,0.07929889008323061,0.04794821362756681,0.06479720083148897,-0.06475881562534891,0.010256295512678067,77,760.2337511325107
sp500,2021,29,10000.0,10300.723759071536,0.030072375907153504,0.030193977044733478,0.09052497650807162,0.37378305011051516,0.5207024545601253,-0.051897942198424696,0.5817952652012854,83,851.047934923678
sp500,2022,0,10000.0,9150.771251274668,-0.08492287487253325,-0.08557232656414338,0.1652147191599346,-0.4590538488687269,-0.6503333239032941,-0.15483753910776565,-0.5526587871212919,84,803.1861972516973
sp500,2022,1,10000.0,7022.228000267258,-0.29777719997327423,-0.29976030612231874,0.15933368797023273,-2.155097215931359,-2.6722713567557443,-0.32573363707759895,-0.9202620546397773,83,670.7833549783702
sp500,2022,2,10000.0,9135.60156813532,-0.08643984318646802,-0.08710033524573868,0.176878575785764,-0.42680980684905456,-0.5833572121087437,-0.19836765754395436,-0.4390853646413552,87,796.7168443668562
sp500,2022,3,10000.0,9488.5837075459,-0.05114162924540999,-0.051540033699478016,0.162042481468788,-0.24573510500096682,-0.3431889139175096,-0.1291407152566606,-0.39909980053188354,80,750.8271367929543
sp500,2022,4,10000.0,6670.366916943719,-0.33296330830562815,-0.33512053230401007,0.1665576047411898,-2.365466726350252,-3.029341356301519,-0.3466667160297535,-0.9666937055337251,84,654.7998005643716
sp500,2022,5,10000.0,8181.005877083649,-0.1818994122916352,-0.18321235793176394,0.1553387448478678,-1.2246966531759984,-1.6110419568556302,-0.2252813428845175,-0.8132602353390678,89,791.1592931748418
sp500,2022,6,10000.0,7803.56884878516,-0.21964311512148393,-0.221189832772701,0.15057294565859553,-1.58422954124973,-2.0494916677988115,-0.22242646183864712,-0.9944402790220023,82,724.36695413817
sp500,2022,7,10000.0,7925.552919697702,-0.20744470803022974,-0.2089174465020085,0.17171422531019181,-1.278382445566823,-1.6849698478333666,-0.244698697071285,-0.85377424973026,90,777.9044661013318
sp500,2022,8,10000.0,9475.587728608338,-0.05244122713916621,-0.052849471161713124,0.16189674598403617,-0.2547503070784317,-0.3664207415422535,-0.13566642860545342,-0.3895545250580048,75,707.4515083934048
sp500,2022,9,10000.0,8635.778861679364,-0.1364221138320636,-0.13743481552992076,0.13295145308981632,-1.0453651354616795,-1.3985759637774626,-0.18828134495928772,-0.7299438803118729,78,708.7470297395777
sp500,2022,10,10000.0,8841.883179162976,-0.1158116820837024,-0.11668189760705416,0.16358440704391858,-0.6766698245046857,-0.9263422245029496,-0.16686264545519514,-0.6992691341357453,75,676.862941858262
sp500,2022,11,10000.0,8659.88287563327,-0.1340117124366731,-0.1350079530992725,0.16662783795985836,-0.7872441808709498,-1.0857818933776267,-0.2229962750663268,-0.605426942934883,85,764.8951626601432
sp500,2022,12,10000.0,8005.709965639825,-0.19942900343601755,-0.20085230515981223,0.16355428670407493,-1.2888658947642473,-1.746159005529029,-0.20927333101865297,-0.9597606354433659,83,736.2597002040379
sp500,2022,13,10000.0,8646.335730080791,-0.13536642699192092,-0.13637192588799774,0.15604147687660191,-0.8614244986217587,-1.1605993593478054,-0.18588122149679254,-0.73365090238742,93,820.3356868643741
sp500,2022,14,10000.0,9176.38622293507,-0.08236137770649288,-0.08299214105606556,0.16980834211627174,-0.42578285612622035,-0.6146657282239628,-0.19029882287345434,-0.43611484192550154,83,750.6167416297587
sp500,2022,15,10000.0,9580.108916714587,-0.0419891083285413,-0.04231781161747561,0.17114251666339927,-0.16720836125330327,-0.2305456591121487,-0.14141431730612775,-0.29924700994643844,76,767.241372069427
sp500,2022,16,10000.0,7251.847918803879,-0.27481520811961213,-0.27667699601514895,0.1592231661229874,-1.9539223107541306,-2.676522117159348,-0.28277963131045203,-0.9784191129077354,88,749.0217145235032
sp500,2022,17,10000.0,8366.807168204545,-0.16331928317954558,-0.16451195896686244,0.17729108169306457,-0.9250190866314844,-1.2555120156000503,-0.19742889567466582,-0.833271940283525,84,788.0788218061859
sp500,2022,18,10000.0,8285.009069922431,-0.1714990930077569,-0.17274513077109632,0.14319578591768817,-1.2521350966122355,-1.5891619413387141,-0.22348261412080705,-0.7729689911257088,84,724.1902715709101
sp500,2022,19,10000.0,9006.433459876303,-0.0993566540123697,-0.10011032786457508,0.16718272116125246,-0.5473901037795094,-0.7525703991032917,-0.19619452879107024,-0.5102605484538445,90,832.6990529562677
sp500,2022,20,10000.0,8296.75350379117,-0.17032464962088312,-0.17156306559206624,0.17817122115848769,-0.9673322463572532,-1.3448725465955487,-0.19201311843423696,-0.8934965849785169,77,677.1954404819477
sp500,2022,21,10000.0,9633.444200364376,-0.03665557996356239,-0.03694334019067935,0.17228810292096344,-0.1327387888046021,-0.18916833376097789,-0.11663862435587202,-0.3167333325019577,80,767.9739518419229
sp500,2022,22,10000.0,8099.407112286925,-0.1900592887713075,-0.19142398439665287,0.17949265283273005,-1.0941014371727364,-1.528191179774707,-0.2722458262516346,-0.7031291793605725,93,758.3810660098203
sp500,2022,23,10000.0,8772.897664424108,-0.12271023355758914,-0.12362857627870127,0.15298033244812165,-0.7861867755904682,-1.0833154889583212,-0.20369933341162538,-0.606916940807454,83,732.5997894786404
sp500,2022,24,10000.0,9307.1676649775,-0.06928323350224996,-0.06981768573580205,0.1616682930093273,-0.36741344919849567,-0.5430242200648311,-0.18713702318961678,-0.37308323358900075,83,729.732018922406
sp500,2022,25,10000.0,7297.72593364126,-0.27022740663587397,-0.27206424826038245,0.16591388910734994,-1.8298705690743688,-2.354472228352984,-0.2868114462344441,-0.9485822544125136,74,612.3439009393057
sp500,2022,26,10000.0,9073.173391635712,-0.09268266083642884,-0.09338837358170349,0.1601504900798638,-0.5326869521304424,-0.7924033985535053,-0.16006521143594032,-0.5834395415713328,91,842.8861916678351
sp500,2022,27,10000.0,8810.292252814872,-0.1189707747185128,-0.11986308342162078,0.1563871047809358,-0.7382954313321283,-1.031282178466441,-0.1754356669723346,-0.6832309842702775,76,705.308352942854
sp500,2022,28,10000.0,8496.836823811596,-0.15031631761884034,-0.15142284401869444,0.15149723545646746,-1.007831602582125,-1.3495043383714085,-0.18091083183377255,-0.8370026409354375,77,716.3654001709488
sp500,2022,29,10000.0,8879.541288064285,-0.11204587119357146,-0.11288963166606691,0.1694795500262854,-0.6220557762184915,-0.8524474993280814,-0.22568421366154134,-0.5002105811236205,82,718.4100701809804
sp500,2023,0,10000.0,10581.113347703891,0.05811133477038921,0.058831676368418906,0.08313327900910171,0.7290648644593141,1.1059955328464766,-0.07594432872721946,0.7746684624698361,84,881.3560900137354
sp500,2023,1,10000.0,11043.904112021788,0.10439041120217873,0.10571239227339713,0.08769401207158135,1.1898348581212579,1.738142939710932,-0.04487605626459201,2.3556524586320666,83,876.5056172084534
sp500,2023,2,10000.0,9881.734728613574,-0.011826527138642629,-0.011968159354479702,0.08685166905177111,-0.09536695366429948,-0.1341683822487516,-0.07619193898834842,-0.1570790757314881,87,850.7697511755421
sp500,2023,3,10000.0,10063.193642610715,0.006319364261071492,0.00639574414166888,0.08767359501431468,0.11633928038342196,0.17147538850957403,-0.10631140067296285,0.06016047292372329,80,818.1090388208206
sp500,2023,4,10000.0,10280.188152942672,0.028018815294267085,0.028361134044011527,0.10177827648789493,0.3254623188077848,0.4734733488981983,-0.10320323844024015,0.2748085667915745,83,854.1930272954671
sp500,2023,5,10000.0,9856.488907290242,-0.014351109270975715,-0.01452275258819824,0.08261214566363365,-0.13585547982578464,-0.18040293745237806,-0.13391040114855057,-0.10845126639631034,88,877.4855199147936
sp500,2023,6,10000.0,11523.540347058532,0.15235403470585318,0.1543245329694125,0.08869251446548548,1.6626236309995628,2.83044547515558,-0.08718384848324123,1.7701046197688473,82,910.4155279871984
sp500,2023,7,10000.0,10842.215718371679,0.08422157183716794,0.08527838333149251,0.0943438848069518,0.914556112359928,1.3511610154651925,-0.1096584860692128,0.7776724482377736,89,943.9669666227301
sp500,2023,8,10000.0,9485.341850960216,-0.05146581490397839,-0.052069455597428704,0.0942414825866213,-0.5203632886278583,-0.6992735735970825,-0.14461011922648492,-0.3600678560805193,75,759.7175838445231
sp500,2023,9,10000.0,10125.149780020596,0.012514978002059696,0.012666711848240642,0.07077331326585584,0.21305051459607674,0.3212784858012386,-0.06357863086119386,0.19922907550329072,77,775.5041045193797
sp500,2023,10,10000.0,10207.555138607422,0.02075551386074226,0.021008188919166226,0.09683687174817007,0.2629346996259125,0.3782509102038862,-0.08635715446723091,0.2432709721478606,75,744.2486328928849
sp500,2023,11,10000.0,9388.512912056725,-0.06114870879432743,-0.06186217020870399,0.09030968578260175,-0.662006971391037,-0.8899713013293769,-0.15527735836216672,-0.3983978788743787,85,827.990878817173
sp500,2023,12,10000.0,9667.533777127937,-0.03324662228720632,-0.03364037008881415,0.0892984564168922,-0.3387011209738278,-0.4728090135366627,-0.08752108920661938,-0.38436873208234557,83,799.337663805662
sp500,2023,13,10000.0,9998.463070160835,-0.0001536929839165424,-0.00015554456259425642,0.08443818059069792,0.04024033646714109,0.05606460789981143,-0.08916410066256275,-0.0017444752028947987,92,898.5976546351725
sp500,2023,14,10000.0,9657.915301291612,-0.03420846987083881,-0.034613403894096506,0.09809064482426286,-0.3102235932504502,-0.4291136166849416,-0.13070630624485868,-0.2648181628608912,83,805.4037090038768
sp500,2023,15,10000.0,9910.388314102785,-0.008961168589721402,-0.009068643446523694,0.08231164448110725,-0.06965206076056542,-0.09680303348354051,-0.08843912590199765,-0.10254107957345668,75,734.2697164475802
sp500,2023,16,10000.0,10521.786763168951,0.05217867631689521,0.05282365591344784,0.09257841937461768,0.6021161351813472,0.917456057887015,-0.08000757422165816,0.6602331895115551,87,862.9261906532893
sp500,2023,17,10000.0,10543.159583144152,0.05431595831441527,0.05498804069003649,0.10023323399975802,0.5840393376450798,0.8372137819700071,-0.09905510782588445,0.5551257466368369,84,830.1687153667625
sp500,2023,18,10000.0,10318.167117698209,0.03181671176982093,0.032206153668590476,0.08177710498445587,0.42833594072518577,0.6332259436297348,-0.09800376885718742,0.3286215830691345,83,873.686974013507
sp500,2023,19,10000.0,10290.847238356739,0.029084723835673953,0.02944025080689605,0.08932297737974738,0.3693520106983856,0.5266598833266077,-0.06552470914233544,0.4492999845744411,89,897.0596888265144
sp500,2023,20,10000.0,10114.625731646103,0.011462573164610301,0.011601474494851605,0.09914630278847979,0.16564198301358524,0.2491383575124874,-0.11381357391082725,0.10193401451343001,76,762.2398831656302
sp500,2023,21,10000.0,10378.095102062565,0.03780951020625656,0.038273655506023685,0.09178258526002393,0.45489266955474633,0.6889909306677067,-0.07970480363697519,0.4801925826245744,79,798.1903801821124
sp500,2023,22,10000.0,9417.547462965884,-0.058245253703411604,-0.05892591209214637,0.09499986641013494,-0.5919189737416162,-0.8178544564169196,-0.14549820154147997,-0.4049940924895022,92,867.1685105192828
sp500,2023,23,10000.0,9582.242696154413,-0.04177573038455862,-0.04226826295114339,0.08200591649529157,-0.4857329345196178,-0.6738750230814106,-0.12452074096885124,-0.3394475701177907,83,811.513589496677
sp500,2023,24,10000.0,10875.746824255091,0.08757468242550903,0.08867526378082946,0.09091874611326962,0.9798491740263818,1.517896962727193,-0.08950389370782352,0.9907419678332762,82,849.2991363170701
sp500,2023,25,10000.0,9936.356840748656,-0.006364315925134312,-0.0064407469681384555,0.09796006699078087,-0.01715287715605428,-0.023880488944561924,-0.10675661804034553,-0.06033112594204103,74,725.5587812124076
sp500,2023,26,10000.0,10092.81660785741,0.009281660785741108,0.009394011649995315,0.08514160313389661,0.15215134419721774,0.22841978403887303,-0.1230858358922684,0.07632081776019686,91,930.4434033459153
sp500,2023,27,10000.0,9907.099839473016,-0.009290016052698413,-0.009401416169787846,0.08034135664696969,-0.07754682696179556,-0.10966797807643618,-0.08779016929236105,-0.10708962342331305,75,745.1941024843402
sp500,2023,28,10000.0,8640.396587978146,-0.13596034120218536,-0.1374803018403853,0.08608168900827019,-1.6746852389080051,-2.162195967563373,-0.16382882472299287,-0.8391704089487395,77,717.5539647935492
sp500,2023,29,10000.0,10445.269026035116,0.04452690260351155,0.04507528542933681,0.09554453199377608,0.5090507764061054,0.7492356736706822,-0.10503242895097875,0.42915588908616564,81,831.3800231871891
sp500,2024,0,10000.0,9472.47998953031,-0.05275200104696909,-0.062104974335844165,0.09379813156340919,-0.6364838864842581,-0.7850848699227561,-0.13244456266660998,-0.4689129782713321,73,715.4081553982151
sp500,2024,1,10000.0,10191.279936617262,0.019127993661726128,0.02266972687616331,0.0729265649671542,0.3437557368584998,0.46381040621567726,-0.04849402421333249,0.4674746475243172,78,780.2899773985141
sp500,2024,2,10000.0,10853.83002820253,0.08538300282025313,0.10178845251854485,0.0845192909996343,1.1892018053493452,1.737774756990326,-0.04728613269924786,2.1526068364682294,80,837.048690518217
sp500,2024,3,10000.0,10039.193359463043,0.0039193359463043365,0.004638622864626463,0.0884070195104911,0.09657345538728562,0.128176354377023,-0.09350178746513449,0.049609991320819835,69,701.6114497398645
sp500,2024,4,10000.0,10831.927319311282,0.0831927319311283,0.09915846502224857,0.0907771590943954,1.0868357037492982,1.668584190095559,-0.05193803089066096,1.9091687405515092,69,712.712816426262
sp500,2024,5,10000.0,9320.04934621276,-0.06799506537872402,-0.07993453534490602,0.09390000120067132,-0.8400431133524142,-1.0253123874849166,-0.1483273607219734,-0.5389062068915005,73,733.5116364240309
sp500,2024,6,10000.0,10901.682747713556,0.09016827477135547,0.10753779008654907,0.0843884420411639,1.2525573982147027,1.9066348912451012,-0.0352493415307773,3.050774437663026,68,712.5352223064173
sp500,2024,7,10000.0,10584.446638187947,0.05844466381879476,0.06951003220006391,0.08198687182705891,0.860576176386714,1.2702840756558436,-0.05017021536395527,1.3854840306307177,73,737.7469299773513
sp500,2024,8,10000.0,10928.955647472298,0.09289556474722982,0.11081660313948682,0.08710611889145821,1.2501770274718487,1.8391010247447814,-0.06083873357931746,1.821481096331691,66,687.3111688383992
sp500,2024,9,10000.0,9251.537021058863,-0.07484629789411379,-0.08793098490578166,0.08509658452316504,-1.038694478533516,-1.2378001217474501,-0.11188484620765937,-0.785906115852194,65,614.4286710198506
sp500,2024,10,10000.0,9833.13147909738,-0.016686852090262105,-0.019711893572224914,0.0895797594893472,-0.17748546730743953,-0.23213814139488997,-0.06913691772678554,-0.28511386131100236,64,642.2641187740663
sp500,2024,11,10000.0,10159.69701252055,0.01596970125205499,0.018921234718896507,0.07493780338003775,0.2874467951738145,0.41506684382978315,-0.06306262393206763,0.30003881125020826,77,784.9474591113542
sp500,2024,12,10000.0,9572.995083656262,-0.04270049163437384,-0.050319061154406985,0.08977869147845954,-0.5300031347427504,-0.6556017523171702,-0.10521896140453346,-0.4782318745852869,69,703.0969001546907
sp500,2024,13,10000.0,10216.766041184494,0.021676604118449294,0.025696155370675378,0.08538563899137891,0.3397706135536157,0.45354673171430304,-0.06143220684729167,0.41828475142608734,75,760.159110312906
sp500,2024,14,10000.0,10099.052151158236,0.009905215115823651,0.011729444349007023,0.07868766927408209,0.18737856517353726,0.2655388526714534,-0.058207281091383956,0.20151163443954878,69,700.5676845776334
sp500,2024,15,10000.0,10330.489265016517,0.03304892650165159,0.03921739107354427,0.09347351221283581,0.45821312800730274,0.6284630187066558,-0.07997990399517452,0.4903405619980539,63,639.5820134735293
sp500,2024,16,10000.0,10834.301945791625,0.08343019457916245,0.09944355341204547,0.07662052757011162,1.2756510722074252,1.9497686954977438,-0.04756206131360208,2.0908167279874816,74,779.78845097948
sp500,2024,17,10000.0,9491.837900421404,-0.050816209957859626,-0.059836931989594166,0.10059961812099749,-0.5628715441504349,-0.7012881813063683,-0.1411736377531131,-0.4238534399335805,74,760.9516422661327
sp500,2024,18,10000.0,10548.781255144595,0.054878125514459475,0.06524766935049686,0.07083808438856277,0.9276835558410044,1.3360365810493529,-0.04968080405932662,1.3133376278004876,72,730.837540322701
sp500,2024,19,10000.0,9810.978634563578,-0.018902136543642145,-0.022324191386968173,0.0850921491558566,-0.22278507961159913,-0.2863833335243032,-0.07248538485519829,-0.30798196673114847,77,764.1043324259506
sp500,2024,20,10000.0,10459.848198337486,0.04598481983374869,0.05463080266752307,0.09681468824796605,0.5978440184622776,0.7965482124431723,-0.07668401481659337,0.7124144816645895,65,681.9426406759762
sp500,2024,21,10000.0,9929.422206741581,-0.00705777932584184,-0.00834464312120542,0.0923722287292168,-0.04457113935519233,-0.05878624675407696,-0.09554883396542657,-0.08733380382459559,69,687.3283402115097
sp500,2024,22,10000.0,9758.738049514455,-0.02412619504855451,-0.028480203167723928,0.08819270223790653,-0.2836492309085104,-0.3891667985993368,-0.10495666070729504,-0.2713520321225731,80,797.8506728218493
sp500,2024,23,10000.0,11505.639883781836,0.15056398837818352,0.1804931037118167,0.0733657834741882,2.2988891337834225,3.906200864076933,-0.05037120254772387,3.5832597711124663,69,734.8811890344816
sp500,2024,24,10000.0,10229.692583847109,0.022969258384710978,0.027231687418358463,0.08734067108127369,0.3511664791006949,0.48493358873662107,-0.04218812974725428,0.6454822145826642,73,737.9737691924354
sp500,2024,25,10000.0,10822.4425957828,0.08224425957827997,0.09801988027654795,0.08496773177982492,1.1431575885896834,1.5936059951079995,-0.03635848831449917,2.6959283738278863,64,667.4161936846449
sp500,2024,26,10000.0,9282.53622898947,-0.07174637710105303,-0.08431423544122096,0.08696291493074614,-0.9692791441213736,-1.2250198008862683,-0.11981306561065563,-0.7037148662501332,78,777.0435354922696
sp500,2024,27,10000.0,10589.130480024955,0.05891304800249553,0.07006999278128223,0.08196093026652801,0.8672513879207159,1.2477228529808797,-0.04994288647667611,1.4030024639045584,61,631.1493103632673
sp500,2024,28,10000.0,10089.928136566714,0.008992813656671483,0.010648123063523807,0.08692589803070197,0.16542372628320223,0.20965203897364745,-0.0933386122846036,0.11408058040391754,67,678.3334422753956
sp500,2024,29,10000.0,10706.781845351921,0.07067818453519203,0.08415023063089522,0.09271550532662771,0.9178124591948054,1.3018087148468798,-0.06436554391950844,1.3073800904429282,68,705.3009076479201
