timestamp,open,high,low,close,volume
2015-01-02 00:00:00+00:00,1184.0,1194.5,1169.5,1186.0,138.0
2015-01-05 00:00:00+00:00,1180.300048828125,1206.9000244140625,1180.0999755859375,1203.9000244140625,470.0
2015-01-06 00:00:00+00:00,1203.5,1220.0,1203.5,1219.300048828125,97.0
2015-01-07 00:00:00+00:00,1219.199951171875,1219.199951171875,1210.5999755859375,1210.5999755859375,29.0
2015-01-08 00:00:00+00:00,1207.0,1215.699951171875,1206.300048828125,1208.4000244140625,92.0
2015-01-09 00:00:00+00:00,1211.0999755859375,1220.199951171875,1210.300048828125,1216.0,43.0
2015-01-12 00:00:00+00:00,1224.199951171875,1234.4000244140625,1219.0999755859375,1232.699951171875,100.0
2015-01-13 00:00:00+00:00,1239.199951171875,1239.300048828125,1230.300048828125,1234.300048828125,20.0
2015-01-14 00:00:00+00:00,1229.5999755859375,1243.800048828125,1225.5999755859375,1234.4000244140625,21.0
2015-01-15 00:00:00+00:00,1231.5,1265.0,1227.300048828125,1264.699951171875,130.0
2015-01-16 00:00:00+00:00,1256.0999755859375,1279.699951171875,1256.0999755859375,1276.9000244140625,44.0
2015-01-20 00:00:00+00:00,1278.9000244140625,1297.300048828125,1273.800048828125,1294.199951171875,157.0
2015-01-21 00:00:00+00:00,1295.199951171875,1303.5,1286.699951171875,1293.699951171875,78.0
2015-01-22 00:00:00+00:00,1293.199951171875,1302.0999755859375,1283.5,1300.699951171875,131.0
2015-01-23 00:00:00+00:00,1299.800048828125,1299.800048828125,1292.5999755859375,1292.5999755859375,23.0
2015-01-26 00:00:00+00:00,1289.5,1290.5999755859375,1279.4000244140625,1279.4000244140625,26.0
2015-01-27 00:00:00+00:00,1277.199951171875,1291.699951171875,1277.199951171875,1291.699951171875,20.0
2015-01-28 00:00:00+00:00,1285.9000244140625,1286.800048828125,1285.9000244140625,1285.9000244140625,180387.0
2015-01-29 00:00:00+00:00,1283.300048828125,1285.4000244140625,1251.0,1254.5999755859375,67983.0
2015-01-30 00:00:00+00:00,1258.0,1284.300048828125,1257.0,1278.5,8626.0
2015-02-02 00:00:00+00:00,1284.0999755859375,1284.0999755859375,1266.0,1276.199951171875,1654.0
2015-02-03 00:00:00+00:00,1273.5,1284.699951171875,1255.300048828125,1259.699951171875,2380.0
2015-02-04 00:00:00+00:00,1262.0,1271.5999755859375,1256.800048828125,1263.800048828125,668.0
2015-02-05 00:00:00+00:00,1271.800048828125,1272.5999755859375,1257.800048828125,1262.0,133.0
2015-02-06 00:00:00+00:00,1265.0,1267.5999755859375,1228.0,1233.9000244140625,432.0
2015-02-09 00:00:00+00:00,1237.5,1242.300048828125,1235.4000244140625,1240.800048828125,319.0
2015-02-10 00:00:00+00:00,1237.5,1245.0,1231.199951171875,1231.5999755859375,231.0
2015-02-11 00:00:00+00:00,1233.300048828125,1237.4000244140625,1219.0,1219.0,102.0
2015-02-12 00:00:00+00:00,1217.9000244140625,1229.800048828125,1217.9000244140625,1220.0999755859375,99.0
2015-02-13 00:00:00+00:00,1222.199951171875,1232.800048828125,1222.199951171875,1226.5,65.0
2015-02-17 00:00:00+00:00,1227.699951171875,1234.0,1203.0,1208.0999755859375,204.0
2015-02-18 00:00:00+00:00,1207.0999755859375,1210.199951171875,1197.800048828125,1199.699951171875,147.0
2015-02-19 00:00:00+00:00,1216.5,1220.0,1205.0,1207.0999755859375,65.0
2015-02-20 00:00:00+00:00,1206.5,1213.0999755859375,1199.0999755859375,1204.4000244140625,51.0
2015-02-23 00:00:00+00:00,1201.300048828125,1203.300048828125,1191.5999755859375,1200.300048828125,268.0
2015-02-24 00:00:00+00:00,1203.4000244140625,1203.5,1193.800048828125,1196.9000244140625,151.0
2015-02-25 00:00:00+00:00,1204.300048828125,1204.5999755859375,1201.0,1201.0,570.0
2015-02-26 00:00:00+00:00,1204.800048828125,1219.0,1204.800048828125,1209.5999755859375,560.0
2015-02-27 00:00:00+00:00,1207.699951171875,1217.800048828125,1204.5,1212.5999755859375,195.0
2015-03-02 00:00:00+00:00,1214.300048828125,1222.699951171875,1204.9000244140625,1207.699951171875,124.0
2015-03-03 00:00:00+00:00,1201.5,1212.0,1195.0,1204.0,51.0
2015-03-04 00:00:00+00:00,1204.800048828125,1206.9000244140625,1198.0,1200.5999755859375,27.0
2015-03-05 00:00:00+00:00,1201.699951171875,1205.4000244140625,1195.9000244140625,1195.9000244140625,29.0
2015-03-06 00:00:00+00:00,1195.0,1195.699951171875,1163.699951171875,1164.0999755859375,168.0
2015-03-09 00:00:00+00:00,1169.4000244140625,1174.199951171875,1166.300048828125,1166.4000244140625,45.0
2015-03-10 00:00:00+00:00,1166.4000244140625,1168.4000244140625,1156.5,1160.0999755859375,94.0
2015-03-11 00:00:00+00:00,1162.0,1162.0,1147.699951171875,1150.699951171875,74.0
2015-03-12 00:00:00+00:00,1155.4000244140625,1160.5,1149.699951171875,1152.0999755859375,63.0
2015-03-13 00:00:00+00:00,1158.199951171875,1159.199951171875,1152.5999755859375,1152.5999755859375,44.0
2015-03-16 00:00:00+00:00,1159.699951171875,1162.300048828125,1150.0999755859375,1153.300048828125,56.0
2015-03-17 00:00:00+00:00,1153.5999755859375,1158.199951171875,1144.300048828125,1148.300048828125,71.0
2015-03-18 00:00:00+00:00,1148.699951171875,1174.300048828125,1147.0,1151.4000244140625,112.0
2015-03-19 00:00:00+00:00,1171.5999755859375,1171.5999755859375,1159.300048828125,1169.0999755859375,39.0
2015-03-20 00:00:00+00:00,1171.0,1185.4000244140625,1171.0,1184.800048828125,54.0
2015-03-23 00:00:00+00:00,1181.5999755859375,1188.0,1181.199951171875,1188.0,5.0
2015-03-24 00:00:00+00:00,1188.0,1193.0,1186.0,1191.699951171875,411.0
2015-03-25 00:00:00+00:00,1192.5,1199.199951171875,1192.5,1197.300048828125,11.0
2015-03-26 00:00:00+00:00,1198.199951171875,1213.699951171875,1198.199951171875,1205.0999755859375,68.0
2015-03-27 00:00:00+00:00,1197.0,1199.800048828125,1196.300048828125,1199.800048828125,172260.0
2015-03-30 00:00:00+00:00,1198.0,1198.5,1181.5999755859375,1184.800048828125,37990.0
2015-03-31 00:00:00+00:00,1185.800048828125,1190.0999755859375,1178.199951171875,1183.0999755859375,3409.0
2015-04-01 00:00:00+00:00,1182.9000244140625,1208.199951171875,1181.0,1208.0999755859375,1632.0
2015-04-02 00:00:00+00:00,1204.0,1205.699951171875,1194.800048828125,1200.9000244140625,1684.0
2015-04-06 00:00:00+00:00,1209.9000244140625,1224.199951171875,1209.9000244140625,1218.5999755859375,343.0
2015-04-07 00:00:00+00:00,1214.800048828125,1214.800048828125,1208.199951171875,1210.5999755859375,406.0
2015-04-08 00:00:00+00:00,1208.9000244140625,1211.4000244140625,1197.5999755859375,1203.0999755859375,236.0
2015-04-09 00:00:00+00:00,1201.699951171875,1202.5,1193.0,1193.5999755859375,521.0
2015-04-10 00:00:00+00:00,1195.800048828125,1209.5999755859375,1195.800048828125,1204.5999755859375,202.0
2015-04-13 00:00:00+00:00,1208.0999755859375,1208.0999755859375,1198.300048828125,1199.300048828125,424.0
2015-04-14 00:00:00+00:00,1198.800048828125,1200.5999755859375,1184.0999755859375,1192.800048828125,546.0
2015-04-15 00:00:00+00:00,1194.5999755859375,1203.0999755859375,1188.5999755859375,1201.5,196.0
2015-04-16 00:00:00+00:00,1204.300048828125,1208.5,1194.5999755859375,1198.0,199.0
2015-04-17 00:00:00+00:00,1200.199951171875,1206.0,1200.199951171875,1202.9000244140625,21.0
2015-04-20 00:00:00+00:00,1205.699951171875,1206.9000244140625,1191.0,1193.5,67.0
2015-04-21 00:00:00+00:00,1193.199951171875,1202.9000244140625,1192.800048828125,1202.9000244140625,33.0
2015-04-22 00:00:00+00:00,1199.0999755859375,1202.5999755859375,1185.199951171875,1186.9000244140625,93.0
2015-04-23 00:00:00+00:00,1187.199951171875,1197.0,1186.0999755859375,1194.4000244140625,331.0
2015-04-24 00:00:00+00:00,1192.300048828125,1194.699951171875,1174.5999755859375,1175.199951171875,52.0
2015-04-27 00:00:00+00:00,1182.300048828125,1206.699951171875,1181.4000244140625,1203.300048828125,194.0
2015-04-28 00:00:00+00:00,1199.699951171875,1214.0,1199.699951171875,1214.0,401.0
2015-04-29 00:00:00+00:00,1211.199951171875,1212.5999755859375,1201.9000244140625,1209.800048828125,114.0
2015-04-30 00:00:00+00:00,1203.0999755859375,1205.9000244140625,1176.699951171875,1182.4000244140625,143.0
2015-05-01 00:00:00+00:00,1178.0999755859375,1178.0999755859375,1170.0,1174.5,23.0
2015-05-04 00:00:00+00:00,1177.5,1189.4000244140625,1177.5,1186.800048828125,38.0
2015-05-05 00:00:00+00:00,1187.5,1198.699951171875,1186.9000244140625,1193.199951171875,48.0
2015-05-06 00:00:00+00:00,1194.5,1194.5999755859375,1189.9000244140625,1190.300048828125,14.0
2015-05-07 00:00:00+00:00,1181.5,1186.0,1179.699951171875,1182.4000244140625,44.0
2015-05-08 00:00:00+00:00,1183.300048828125,1189.0999755859375,1182.9000244140625,1189.0999755859375,51.0
2015-05-11 00:00:00+00:00,1189.699951171875,1190.5,1179.300048828125,1183.199951171875,26.0
2015-05-12 00:00:00+00:00,1194.5999755859375,1194.800048828125,1189.699951171875,1192.5999755859375,10.0
2015-05-13 00:00:00+00:00,1192.699951171875,1218.4000244140625,1191.0,1218.4000244140625,34.0
2015-05-14 00:00:00+00:00,1214.5,1225.5999755859375,1214.5,1225.4000244140625,35.0
2015-05-15 00:00:00+00:00,1218.5,1225.5,1214.800048828125,1225.5,12.0
2015-05-18 00:00:00+00:00,1224.5,1228.0999755859375,1222.5999755859375,1227.800048828125,8.0
2015-05-19 00:00:00+00:00,1223.9000244140625,1223.9000244140625,1206.0,1206.9000244140625,9.0
2015-05-20 00:00:00+00:00,1205.0999755859375,1210.800048828125,1205.0999755859375,1208.9000244140625,11.0
2015-05-21 00:00:00+00:00,1204.5,1204.5,1203.699951171875,1204.4000244140625,43.0
2015-05-22 00:00:00+00:00,1211.5999755859375,1211.9000244140625,1204.300048828125,1204.300048828125,8.0
2015-05-26 00:00:00+00:00,1193.5999755859375,1193.5999755859375,1186.0,1187.199951171875,40.0
2015-05-27 00:00:00+00:00,1185.9000244140625,1185.9000244140625,1185.9000244140625,1185.9000244140625,200216.0
2015-05-28 00:00:00+00:00,1187.0999755859375,1192.0,1179.5999755859375,1188.0999755859375,52705.0
2015-05-29 00:00:00+00:00,1187.800048828125,1193.300048828125,1185.699951171875,1189.4000244140625,4748.0
2015-06-01 00:00:00+00:00,1190.5999755859375,1204.0,1184.300048828125,1188.300048828125,1236.0
2015-06-02 00:00:00+00:00,1189.0,1194.300048828125,1186.0,1194.0999755859375,1003.0
2015-06-03 00:00:00+00:00,1193.9000244140625,1193.9000244140625,1179.0999755859375,1184.699951171875,630.0
2015-06-04 00:00:00+00:00,1184.9000244140625,1185.300048828125,1173.0,1174.9000244140625,447.0
2015-06-05 00:00:00+00:00,1176.4000244140625,1177.300048828125,1164.0,1167.800048828125,390.0
2015-06-08 00:00:00+00:00,1169.5,1176.0999755859375,1169.0999755859375,1173.199951171875,173.0
2015-06-09 00:00:00+00:00,1172.9000244140625,1180.300048828125,1172.699951171875,1177.300048828125,144.0
2015-06-10 00:00:00+00:00,1176.0999755859375,1190.0999755859375,1175.5999755859375,1186.0999755859375,295.0
2015-06-11 00:00:00+00:00,1183.199951171875,1183.199951171875,1174.4000244140625,1179.9000244140625,69.0
2015-06-12 00:00:00+00:00,1180.4000244140625,1181.199951171875,1176.199951171875,1178.800048828125,141.0
2015-06-15 00:00:00+00:00,1179.9000244140625,1188.5,1172.699951171875,1185.300048828125,102.0
2015-06-16 00:00:00+00:00,1186.5,1186.5,1175.9000244140625,1180.5,29.0
2015-06-17 00:00:00+00:00,1177.5999755859375,1186.300048828125,1174.9000244140625,1176.4000244140625,168.0
2015-06-18 00:00:00+00:00,1183.4000244140625,1202.0,1183.4000244140625,1201.5,130.0
2015-06-19 00:00:00+00:00,1199.699951171875,1203.0999755859375,1199.699951171875,1201.5,142.0
2015-06-22 00:00:00+00:00,1197.800048828125,1197.800048828125,1182.699951171875,1183.699951171875,30.0
2015-06-23 00:00:00+00:00,1183.800048828125,1186.0,1176.199951171875,1176.199951171875,60.0
2015-06-24 00:00:00+00:00,1176.5999755859375,1176.5999755859375,1170.699951171875,1172.5999755859375,263.0
2015-06-25 00:00:00+00:00,1175.800048828125,1175.9000244140625,1171.5,1171.5,95.0
2015-06-26 00:00:00+00:00,1170.5,1172.9000244140625,1170.5,1172.9000244140625,308.0
2015-06-29 00:00:00+00:00,1185.0999755859375,1186.0,1173.800048828125,1178.5,174.0
2015-06-30 00:00:00+00:00,1176.300048828125,1176.4000244140625,1166.5999755859375,1171.5,223.0
2015-07-01 00:00:00+00:00,1173.0999755859375,1173.0999755859375,1166.5999755859375,1169.0,455.0
2015-07-02 00:00:00+00:00,1166.4000244140625,1168.0999755859375,1155.5,1163.0,316.0
2015-07-06 00:00:00+00:00,1171.0999755859375,1173.0,1162.199951171875,1172.9000244140625,634.0
2015-07-07 00:00:00+00:00,1166.800048828125,1166.800048828125,1149.5,1152.4000244140625,469.0
2015-07-08 00:00:00+00:00,1152.5999755859375,1163.300048828125,1146.4000244140625,1163.300048828125,65.0
2015-07-09 00:00:00+00:00,1154.800048828125,1163.5999755859375,1154.800048828125,1159.0,65.0
2015-07-10 00:00:00+00:00,1160.0999755859375,1161.4000244140625,1157.5,1157.699951171875,27.0
2015-07-13 00:00:00+00:00,1159.0,1159.0,1151.199951171875,1155.199951171875,14.0
2015-07-14 00:00:00+00:00,1157.199951171875,1157.199951171875,1153.0,1153.300048828125,39.0
2015-07-15 00:00:00+00:00,1154.0,1154.0,1144.800048828125,1147.199951171875,15.0
2015-07-16 00:00:00+00:00,1146.199951171875,1146.199951171875,1142.9000244140625,1143.800048828125,14.0
2015-07-17 00:00:00+00:00,1144.0,1144.0,1130.199951171875,1131.800048828125,120.0
2015-07-20 00:00:00+00:00,1130.4000244140625,1130.699951171875,1095.0999755859375,1106.699951171875,189.0
2015-07-21 00:00:00+00:00,1097.0999755859375,1106.4000244140625,1097.0999755859375,1103.4000244140625,118.0
2015-07-22 00:00:00+00:00,1093.0,1095.0,1086.0,1091.4000244140625,46.0
2015-07-23 00:00:00+00:00,1097.4000244140625,1097.5999755859375,1087.800048828125,1094.0,64.0
2015-07-24 00:00:00+00:00,1078.5999755859375,1100.699951171875,1078.5999755859375,1085.5999755859375,52.0
2015-07-27 00:00:00+00:00,1100.0,1102.5,1093.9000244140625,1096.5,19.0
2015-07-28 00:00:00+00:00,1097.199951171875,1097.699951171875,1096.300048828125,1096.300048828125,31.0
2015-07-29 00:00:00+00:00,1096.4000244140625,1096.9000244140625,1092.699951171875,1092.699951171875,159142.0
2015-07-30 00:00:00+00:00,1096.0999755859375,1097.5,1081.0,1088.4000244140625,49298.0
2015-07-31 00:00:00+00:00,1087.699951171875,1102.800048828125,1079.0999755859375,1094.9000244140625,5700.0
2015-08-03 00:00:00+00:00,1095.5,1097.0999755859375,1085.0,1089.4000244140625,2418.0
2015-08-04 00:00:00+00:00,1085.0999755859375,1093.9000244140625,1080.5,1090.699951171875,1139.0
2015-08-05 00:00:00+00:00,1086.5,1090.5999755859375,1082.5,1085.699951171875,1207.0
2015-08-06 00:00:00+00:00,1084.4000244140625,1092.199951171875,1083.5999755859375,1090.199951171875,269.0
2015-08-07 00:00:00+00:00,1088.9000244140625,1098.300048828125,1081.699951171875,1094.0999755859375,614.0
2015-08-10 00:00:00+00:00,1093.199951171875,1107.5999755859375,1089.5,1104.199951171875,900.0
2015-08-11 00:00:00+00:00,1103.800048828125,1116.699951171875,1094.0,1107.5999755859375,997.0
2015-08-12 00:00:00+00:00,1106.0,1124.5,1101.5,1123.199951171875,797.0
2015-08-13 00:00:00+00:00,1124.300048828125,1124.300048828125,1113.0,1115.699951171875,441.0
2015-08-14 00:00:00+00:00,1113.9000244140625,1118.800048828125,1112.5,1112.9000244140625,908.0
2015-08-17 00:00:00+00:00,1113.800048828125,1122.0,1113.800048828125,1118.5999755859375,399.0
2015-08-18 00:00:00+00:00,1118.199951171875,1118.4000244140625,1110.0,1117.0999755859375,475.0
2015-08-19 00:00:00+00:00,1117.0,1134.300048828125,1116.800048828125,1128.0999755859375,348.0
2015-08-20 00:00:00+00:00,1132.800048828125,1153.300048828125,1132.800048828125,1153.0,409.0
2015-08-21 00:00:00+00:00,1154.0999755859375,1166.5,1150.5,1159.5999755859375,261.0
2015-08-24 00:00:00+00:00,1164.0,1169.0,1147.5,1153.4000244140625,299.0
2015-08-25 00:00:00+00:00,1151.5,1155.5,1134.0,1138.199951171875,217.0
2015-08-26 00:00:00+00:00,1139.199951171875,1143.0,1119.5999755859375,1124.5999755859375,116.0
2015-08-27 00:00:00+00:00,1127.199951171875,1127.4000244140625,1118.4000244140625,1122.4000244140625,564.0
2015-08-28 00:00:00+00:00,1125.300048828125,1139.0,1123.5999755859375,1133.0999755859375,279.0
2015-08-31 00:00:00+00:00,1131.0999755859375,1134.0,1124.800048828125,1131.5999755859375,194.0
2015-09-01 00:00:00+00:00,1133.5,1144.699951171875,1133.5,1138.699951171875,375.0
2015-09-02 00:00:00+00:00,1137.300048828125,1140.4000244140625,1130.800048828125,1132.5,201.0
2015-09-03 00:00:00+00:00,1130.300048828125,1132.9000244140625,1120.300048828125,1123.699951171875,122.0
2015-09-04 00:00:00+00:00,1123.4000244140625,1125.199951171875,1116.199951171875,1120.5999755859375,51.0
2015-09-08 00:00:00+00:00,1119.800048828125,1124.300048828125,1116.4000244140625,1120.4000244140625,138.0
2015-09-09 00:00:00+00:00,1123.5,1123.5,1102.0999755859375,1102.199951171875,150.0
2015-09-10 00:00:00+00:00,1107.300048828125,1113.5,1105.5,1109.5,56.0
2015-09-11 00:00:00+00:00,1110.800048828125,1111.699951171875,1098.199951171875,1103.5,81.0
2015-09-14 00:00:00+00:00,1107.800048828125,1108.5999755859375,1104.0999755859375,1107.699951171875,19.0
2015-09-15 00:00:00+00:00,1104.5,1104.5,1102.800048828125,1102.800048828125,8.0
2015-09-16 00:00:00+00:00,1109.800048828125,1119.9000244140625,1109.800048828125,1119.199951171875,31.0
2015-09-17 00:00:00+00:00,1118.5999755859375,1130.5,1117.0999755859375,1117.300048828125,14.0
2015-09-18 00:00:00+00:00,1128.300048828125,1141.199951171875,1127.800048828125,1138.0999755859375,59.0
2015-09-21 00:00:00+00:00,1137.5999755859375,1138.5,1130.800048828125,1133.0999755859375,17.0
2015-09-22 00:00:00+00:00,1132.5999755859375,1135.0,1122.5,1125.0,43.0
2015-09-23 00:00:00+00:00,1128.5999755859375,1132.199951171875,1128.300048828125,1131.5999755859375,33.0
2015-09-24 00:00:00+00:00,1133.0,1155.9000244140625,1133.0,1153.800048828125,37.0
2015-09-25 00:00:00+00:00,1149.800048828125,1149.800048828125,1143.4000244140625,1146.0,56.0
2015-09-28 00:00:00+00:00,1133.199951171875,1133.199951171875,1132.0,1132.0,4346.0
2015-09-29 00:00:00+00:00,1132.199951171875,1134.4000244140625,1124.300048828125,1127.0999755859375,2417.0
2015-09-30 00:00:00+00:00,1124.300048828125,1126.0,1112.0999755859375,1115.5,865.0
2015-10-01 00:00:00+00:00,1115.199951171875,1119.0,1113.300048828125,1114.199951171875,1181.0
2015-10-02 00:00:00+00:00,1112.199951171875,1141.199951171875,1105.800048828125,1137.0999755859375,323.0
2015-10-05 00:00:00+00:00,1137.0999755859375,1141.699951171875,1132.5,1138.0999755859375,226.0
2015-10-06 00:00:00+00:00,1136.300048828125,1150.0,1136.300048828125,1146.800048828125,145.0
2015-10-07 00:00:00+00:00,1147.5999755859375,1152.9000244140625,1143.0,1149.0,104.0
2015-10-08 00:00:00+00:00,1142.699951171875,1146.699951171875,1138.699951171875,1144.699951171875,138.0
2015-10-09 00:00:00+00:00,1151.5999755859375,1157.199951171875,1151.5999755859375,1156.300048828125,22.0
2015-10-12 00:00:00+00:00,1155.9000244140625,1166.800048828125,1155.9000244140625,1164.9000244140625,40.0
2015-10-13 00:00:00+00:00,1163.5,1166.199951171875,1154.9000244140625,1165.800048828125,132.0
2015-10-14 00:00:00+00:00,1172.4000244140625,1189.0,1167.300048828125,1180.0999755859375,143.0
2015-10-15 00:00:00+00:00,1184.199951171875,1188.300048828125,1177.800048828125,1187.9000244140625,143.0
2015-10-16 00:00:00+00:00,1182.5,1184.0999755859375,1176.199951171875,1183.5999755859375,243.0
2015-10-19 00:00:00+00:00,1176.5,1177.800048828125,1169.300048828125,1173.300048828125,62.0
2015-10-20 00:00:00+00:00,1168.699951171875,1179.0999755859375,1168.699951171875,1178.0,19.0
2015-10-21 00:00:00+00:00,1175.9000244140625,1176.4000244140625,1164.9000244140625,1167.5999755859375,41.0
2015-10-22 00:00:00+00:00,1166.199951171875,1168.5999755859375,1163.5,1166.5999755859375,48.0
2015-10-23 00:00:00+00:00,1166.199951171875,1178.699951171875,1163.300048828125,1163.300048828125,38.0
2015-10-26 00:00:00+00:00,1165.0999755859375,1170.0,1163.800048828125,1167.0,176.0
2015-10-27 00:00:00+00:00,1164.5,1166.800048828125,1162.0,1166.800048828125,302.0
2015-10-28 00:00:00+00:00,1175.0999755859375,1182.699951171875,1175.0999755859375,1177.0999755859375,217.0
2015-10-29 00:00:00+00:00,1158.0,1162.0,1144.9000244140625,1147.199951171875,329.0
2015-10-30 00:00:00+00:00,1147.5,1147.5999755859375,1139.199951171875,1141.5,249.0
2015-11-02 00:00:00+00:00,1137.9000244140625,1138.699951171875,1132.5999755859375,1135.800048828125,180.0
2015-11-03 00:00:00+00:00,1133.300048828125,1134.699951171875,1114.199951171875,1114.199951171875,185.0
2015-11-04 00:00:00+00:00,1119.0,1121.9000244140625,1106.5,1106.5,141.0
2015-11-05 00:00:00+00:00,1107.9000244140625,1110.699951171875,1104.4000244140625,1104.4000244140625,84.0
2015-11-06 00:00:00+00:00,1105.199951171875,1109.5,1084.800048828125,1087.5999755859375,78.0
2015-11-09 00:00:00+00:00,1088.5999755859375,1088.5999755859375,1087.9000244140625,1087.9000244140625,5.0
2015-11-10 00:00:00+00:00,1090.0999755859375,1091.300048828125,1085.0,1088.199951171875,18.0
2015-11-11 00:00:00+00:00,1091.4000244140625,1091.4000244140625,1084.199951171875,1084.699951171875,15.0
2015-11-12 00:00:00+00:00,1086.0,1086.5999755859375,1080.800048828125,1080.800048828125,4.0
2015-11-13 00:00:00+00:00,1083.0999755859375,1085.9000244140625,1080.800048828125,1080.800048828125,23.0
2015-11-16 00:00:00+00:00,1092.0,1092.4000244140625,1083.699951171875,1083.699951171875,11.0
2015-11-17 00:00:00+00:00,1075.5,1075.800048828125,1065.0999755859375,1068.699951171875,6.0
2015-11-18 00:00:00+00:00,1064.0,1071.9000244140625,1064.0,1068.800048828125,5.0
2015-11-19 00:00:00+00:00,1077.4000244140625,1082.4000244140625,1077.4000244140625,1078.0,10.0
2015-11-20 00:00:00+00:00,1082.9000244140625,1082.9000244140625,1076.4000244140625,1076.4000244140625,5.0
2015-11-23 00:00:00+00:00,1070.0,1071.5,1066.800048828125,1066.800048828125,57.0
2015-11-24 00:00:00+00:00,1073.199951171875,1079.4000244140625,1073.199951171875,1074.300048828125,222.0
2015-11-25 00:00:00+00:00,1070.199951171875,1072.0,1068.5,1070.5,148662.0
2015-11-27 00:00:00+00:00,1070.699951171875,1074.199951171875,1051.0999755859375,1056.199951171875,52133.0
2015-11-30 00:00:00+00:00,1056.5,1068.4000244140625,1052.0999755859375,1065.800048828125,4601.0
2015-12-01 00:00:00+00:00,1064.5999755859375,1074.5999755859375,1063.4000244140625,1063.800048828125,3441.0
2015-12-02 00:00:00+00:00,1068.699951171875,1069.5,1049.5999755859375,1054.199951171875,503.0
2015-12-03 00:00:00+00:00,1054.4000244140625,1064.5999755859375,1046.199951171875,1061.699951171875,1161.0
2015-12-04 00:00:00+00:00,1063.0,1088.800048828125,1058.699951171875,1084.5,889.0
2015-12-07 00:00:00+00:00,1084.9000244140625,1086.5,1067.4000244140625,1076.4000244140625,656.0
2015-12-08 00:00:00+00:00,1071.0,1078.4000244140625,1069.5999755859375,1076.300048828125,306.0
2015-12-09 00:00:00+00:00,1075.0999755859375,1086.0,1070.5999755859375,1077.5999755859375,386.0
2015-12-10 00:00:00+00:00,1073.0,1076.300048828125,1071.699951171875,1073.0999755859375,226.0
2015-12-11 00:00:00+00:00,1067.800048828125,1079.4000244140625,1064.4000244140625,1076.9000244140625,410.0
2015-12-14 00:00:00+00:00,1074.0,1076.699951171875,1060.0,1064.699951171875,509.0
2015-12-15 00:00:00+00:00,1064.5999755859375,1066.199951171875,1061.800048828125,1062.9000244140625,220.0
2015-12-16 00:00:00+00:00,1064.800048828125,1078.699951171875,1064.300048828125,1078.0,81.0
2015-12-17 00:00:00+00:00,1072.5999755859375,1072.5999755859375,1050.5,1050.800048828125,56.0
2015-12-18 00:00:00+00:00,1053.699951171875,1070.300048828125,1052.699951171875,1066.199951171875,253.0
2015-12-21 00:00:00+00:00,1070.199951171875,1081.9000244140625,1070.199951171875,1081.9000244140625,26.0
2015-12-22 00:00:00+00:00,1078.5999755859375,1078.5999755859375,1073.800048828125,1074.800048828125,106.0
2015-12-23 00:00:00+00:00,1074.5,1074.800048828125,1069.4000244140625,1069.4000244140625,202.0
2015-12-24 00:00:00+00:00,1074.300048828125,1077.800048828125,1073.5,1077.199951171875,24.0
2015-12-28 00:00:00+00:00,1077.9000244140625,1098.800048828125,1070.5,1070.5,361.0
2015-12-29 00:00:00+00:00,1079.0999755859375,1079.699951171875,1077.5,1077.5,252.0
2015-12-30 00:00:00+00:00,1068.5999755859375,1070.199951171875,1059.699951171875,1060.0999755859375,71.0
2015-12-31 00:00:00+00:00,1061.9000244140625,1062.0,1058.5,1060.300048828125,10.0
2016-01-04 00:00:00+00:00,1063.4000244140625,1082.5,1063.199951171875,1075.0999755859375,143.0
2016-01-05 00:00:00+00:00,1075.5999755859375,1081.5,1075.300048828125,1078.4000244140625,82.0
2016-01-06 00:00:00+00:00,1081.5999755859375,1093.699951171875,1081.5999755859375,1091.9000244140625,52.0
2016-01-07 00:00:00+00:00,1091.5999755859375,1109.4000244140625,1091.5999755859375,1107.699951171875,122.0
2016-01-08 00:00:00+00:00,1111.0999755859375,1111.0999755859375,1093.0,1097.800048828125,98.0
2016-01-11 00:00:00+00:00,1105.699951171875,1107.9000244140625,1096.5,1096.5,43.0
2016-01-12 00:00:00+00:00,1093.800048828125,1098.5,1084.0,1085.5999755859375,87.0
2016-01-13 00:00:00+00:00,1081.5,1093.9000244140625,1081.5,1087.5,50.0
2016-01-14 00:00:00+00:00,1091.5,1091.5,1073.699951171875,1073.9000244140625,59.0
2016-01-15 00:00:00+00:00,1085.0,1095.800048828125,1081.800048828125,1091.5,44.0
2016-01-19 00:00:00+00:00,1089.800048828125,1094.4000244140625,1084.9000244140625,1089.9000244140625,17.0
2016-01-20 00:00:00+00:00,1099.800048828125,1109.800048828125,1099.800048828125,1107.0999755859375,30.0
2016-01-21 00:00:00+00:00,1103.5999755859375,1103.5999755859375,1094.0999755859375,1099.0999755859375,16.0
2016-01-22 00:00:00+00:00,1098.0,1103.199951171875,1097.199951171875,1097.199951171875,4.0
2016-01-25 00:00:00+00:00,1099.300048828125,1109.300048828125,1099.300048828125,1106.199951171875,8.0
2016-01-26 00:00:00+00:00,1115.0999755859375,1121.699951171875,1114.300048828125,1121.699951171875,181.0
2016-01-27 00:00:00+00:00,1117.800048828125,1117.800048828125,1115.800048828125,1116.0999755859375,168706.0
2016-01-28 00:00:00+00:00,1125.4000244140625,1125.699951171875,1109.800048828125,1115.5999755859375,52861.0
2016-01-29 00:00:00+00:00,1114.4000244140625,1118.5999755859375,1108.800048828125,1116.4000244140625,6955.0
2016-02-01 00:00:00+00:00,1116.699951171875,1130.0,1115.300048828125,1127.9000244140625,1682.0
2016-02-02 00:00:00+00:00,1128.300048828125,1131.4000244140625,1123.0,1127.300048828125,1230.0
2016-02-03 00:00:00+00:00,1128.5,1146.0,1125.0,1141.300048828125,1630.0
2016-02-04 00:00:00+00:00,1142.5,1157.5999755859375,1141.0,1157.5999755859375,771.0
2016-02-05 00:00:00+00:00,1155.5999755859375,1174.800048828125,1146.0,1157.800048828125,877.0
2016-02-08 00:00:00+00:00,1173.5,1200.4000244140625,1165.0,1197.9000244140625,931.0
2016-02-09 00:00:00+00:00,1188.699951171875,1199.199951171875,1186.699951171875,1198.699951171875,700.0
2016-02-10 00:00:00+00:00,1189.800048828125,1197.699951171875,1182.0999755859375,1194.699951171875,671.0
2016-02-11 00:00:00+00:00,1205.5999755859375,1260.800048828125,1204.5999755859375,1247.9000244140625,995.0
2016-02-12 00:00:00+00:00,1247.800048828125,1247.800048828125,1233.5,1239.0999755859375,250.0
2016-02-16 00:00:00+00:00,1233.0999755859375,1233.5999755859375,1193.5999755859375,1207.9000244140625,422.0
2016-02-17 00:00:00+00:00,1196.5,1212.9000244140625,1196.5,1211.0999755859375,53.0
2016-02-18 00:00:00+00:00,1209.5999755859375,1239.199951171875,1201.5999755859375,1226.0999755859375,315.0
2016-02-19 00:00:00+00:00,1230.800048828125,1232.800048828125,1221.800048828125,1230.4000244140625,76.0
2016-02-22 00:00:00+00:00,1226.0999755859375,1226.0999755859375,1203.0,1209.5,280.0
2016-02-23 00:00:00+00:00,1207.4000244140625,1226.0999755859375,1207.4000244140625,1222.300048828125,351.0
2016-02-24 00:00:00+00:00,1230.0,1250.0999755859375,1230.0,1238.699951171875,111.0
2016-02-25 00:00:00+00:00,1239.4000244140625,1241.5,1235.0,1238.199951171875,1349.0
2016-02-26 00:00:00+00:00,1232.4000244140625,1239.0999755859375,1212.199951171875,1219.800048828125,656.0
2016-02-29 00:00:00+00:00,1218.5999755859375,1241.0,1218.5999755859375,1233.9000244140625,580.0
2016-03-01 00:00:00+00:00,1240.5,1248.4000244140625,1229.0,1230.300048828125,477.0
2016-03-02 00:00:00+00:00,1232.800048828125,1242.5999755859375,1226.0,1241.0999755859375,267.0
2016-03-03 00:00:00+00:00,1238.4000244140625,1267.9000244140625,1238.0,1257.4000244140625,123.0
2016-03-04 00:00:00+00:00,1263.0,1279.9000244140625,1250.9000244140625,1269.9000244140625,268.0
2016-03-07 00:00:00+00:00,1259.800048828125,1272.300048828125,1259.699951171875,1263.199951171875,67.0
2016-03-08 00:00:00+00:00,1268.699951171875,1276.300048828125,1261.0,1262.0999755859375,43.0
2016-03-09 00:00:00+00:00,1254.5,1260.0,1244.800048828125,1256.5999755859375,79.0
2016-03-10 00:00:00+00:00,1250.0,1273.0,1237.5,1272.0,119.0
2016-03-11 00:00:00+00:00,1270.0,1280.699951171875,1249.4000244140625,1258.699951171875,87.0
2016-03-14 00:00:00+00:00,1256.0,1258.0,1234.5,1244.4000244140625,58.0
2016-03-15 00:00:00+00:00,1228.300048828125,1236.0,1228.0,1230.4000244140625,37.0
2016-03-16 00:00:00+00:00,1229.5,1263.800048828125,1228.9000244140625,1229.300048828125,45.0
2016-03-17 00:00:00+00:00,1261.5,1270.0999755859375,1255.9000244140625,1264.5,27.0
2016-03-18 00:00:00+00:00,1257.0999755859375,1264.4000244140625,1251.5,1253.800048828125,542.0
2016-03-21 00:00:00+00:00,1256.199951171875,1256.199951171875,1243.4000244140625,1243.800048828125,1061.0
2016-03-22 00:00:00+00:00,1244.0,1252.4000244140625,1243.800048828125,1248.199951171875,20.0
2016-03-23 00:00:00+00:00,1247.699951171875,1247.699951171875,1218.5999755859375,1223.699951171875,28.0
2016-03-24 00:00:00+00:00,1214.199951171875,1221.4000244140625,1214.199951171875,1221.4000244140625,13.0
2016-03-28 00:00:00+00:00,1211.5,1222.199951171875,1210.0,1219.9000244140625,33.0
2016-03-29 00:00:00+00:00,1217.800048828125,1235.5999755859375,1217.699951171875,1235.5999755859375,189732.0
2016-03-30 00:00:00+00:00,1241.4000244140625,1245.0,1223.4000244140625,1226.9000244140625,48248.0
2016-03-31 00:00:00+00:00,1225.5999755859375,1239.5999755859375,1224.5,1234.199951171875,3377.0
2016-04-01 00:00:00+00:00,1232.300048828125,1235.199951171875,1209.199951171875,1222.199951171875,1602.0
2016-04-04 00:00:00+00:00,1221.699951171875,1222.300048828125,1215.0,1218.0,2038.0
2016-04-05 00:00:00+00:00,1215.4000244140625,1236.699951171875,1215.4000244140625,1228.4000244140625,477.0
2016-04-06 00:00:00+00:00,1230.4000244140625,1230.4000244140625,1217.5999755859375,1222.5,248.0
2016-04-07 00:00:00+00:00,1224.800048828125,1242.9000244140625,1224.5999755859375,1236.199951171875,375.0
2016-04-08 00:00:00+00:00,1241.0,1242.800048828125,1232.0,1242.5,409.0
2016-04-11 00:00:00+00:00,1241.5,1258.699951171875,1241.5,1256.699951171875,437.0
2016-04-12 00:00:00+00:00,1260.0,1261.699951171875,1253.699951171875,1259.4000244140625,185.0
2016-04-13 00:00:00+00:00,1256.5,1256.9000244140625,1241.300048828125,1246.800048828125,203.0
2016-04-14 00:00:00+00:00,1231.4000244140625,1243.699951171875,1224.5,1225.0,264.0
2016-04-15 00:00:00+00:00,1225.699951171875,1235.0,1225.699951171875,1233.0999755859375,97.0
2016-04-18 00:00:00+00:00,1238.699951171875,1241.0999755859375,1232.199951171875,1233.5999755859375,304.0
2016-04-19 00:00:00+00:00,1231.5999755859375,1256.199951171875,1228.800048828125,1253.0,386.0
2016-04-20 00:00:00+00:00,1256.0999755859375,1256.0999755859375,1243.0,1253.199951171875,180.0
2016-04-21 00:00:00+00:00,1247.699951171875,1270.5999755859375,1247.5999755859375,1249.0,124.0
2016-04-22 00:00:00+00:00,1248.5,1248.5,1228.0,1228.699951171875,188.0
2016-04-25 00:00:00+00:00,1231.5999755859375,1240.9000244140625,1231.5999755859375,1238.9000244140625,442.0
2016-04-26 00:00:00+00:00,1239.800048828125,1244.199951171875,1233.0,1242.199951171875,97.0
2016-04-27 00:00:00+00:00,1248.5999755859375,1249.5,1248.5999755859375,1249.199951171875,547.0
2016-04-28 00:00:00+00:00,1245.9000244140625,1270.0999755859375,1238.5,1265.5,887.0
2016-04-29 00:00:00+00:00,1267.300048828125,1295.5,1267.199951171875,1289.199951171875,464.0
2016-05-02 00:00:00+00:00,1292.0999755859375,1304.4000244140625,1290.4000244140625,1294.699951171875,192.0
2016-05-03 00:00:00+00:00,1292.699951171875,1301.5,1284.5,1290.699951171875,151.0
2016-05-04 00:00:00+00:00,1286.9000244140625,1290.0,1273.0,1273.300048828125,109.0
2016-05-05 00:00:00+00:00,1282.9000244140625,1286.0,1270.800048828125,1271.4000244140625,330.0
2016-05-06 00:00:00+00:00,1278.5999755859375,1295.5999755859375,1276.9000244140625,1292.9000244140625,305.0
2016-05-09 00:00:00+00:00,1286.5,1286.5,1262.300048828125,1265.5999755859375,341.0
2016-05-10 00:00:00+00:00,1265.0999755859375,1267.4000244140625,1258.699951171875,1263.9000244140625,23.0
2016-05-11 00:00:00+00:00,1266.9000244140625,1279.199951171875,1266.9000244140625,1274.5999755859375,50.0
2016-05-12 00:00:00+00:00,1267.0,1281.199951171875,1264.0,1270.300048828125,101.0
2016-05-13 00:00:00+00:00,1271.4000244140625,1275.699951171875,1264.5999755859375,1271.9000244140625,66.0
2016-05-16 00:00:00+00:00,1272.800048828125,1287.800048828125,1272.800048828125,1273.4000244140625,44.0
2016-05-17 00:00:00+00:00,1272.5,1281.5999755859375,1270.800048828125,1276.199951171875,16.0
2016-05-18 00:00:00+00:00,1276.4000244140625,1276.4000244140625,1256.800048828125,1273.699951171875,17.0
2016-05-19 00:00:00+00:00,1248.0,1255.5,1247.5,1254.199951171875,69.0
2016-05-20 00:00:00+00:00,1256.5999755859375,1256.5999755859375,1252.4000244140625,1252.4000244140625,44.0
2016-05-23 00:00:00+00:00,1251.5999755859375,1251.5999755859375,1247.5,1251.0999755859375,56.0
2016-05-24 00:00:00+00:00,1240.0,1240.0,1228.199951171875,1228.9000244140625,20.0
2016-05-25 00:00:00+00:00,1219.300048828125,1223.5,1218.5999755859375,1223.5,5.0
2016-05-26 00:00:00+00:00,1232.5999755859375,1232.5999755859375,1220.0999755859375,1220.0999755859375,199778.0
2016-05-27 00:00:00+00:00,1220.300048828125,1223.199951171875,1206.4000244140625,1213.800048828125,63739.0
2016-05-31 00:00:00+00:00,1212.5,1217.5999755859375,1199.0,1214.800048828125,6432.0
2016-06-01 00:00:00+00:00,1215.699951171875,1219.800048828125,1205.4000244140625,1211.9000244140625,2717.0
2016-06-02 00:00:00+00:00,1212.4000244140625,1217.0,1209.5999755859375,1209.800048828125,1627.0
2016-06-03 00:00:00+00:00,1209.0999755859375,1244.5,1206.4000244140625,1240.0999755859375,1622.0
2016-06-06 00:00:00+00:00,1244.4000244140625,1247.300048828125,1240.0,1244.5999755859375,1135.0
2016-06-07 00:00:00+00:00,1244.0,1244.9000244140625,1236.5,1244.4000244140625,281.0
2016-06-08 00:00:00+00:00,1247.5999755859375,1264.0,1247.300048828125,1259.800048828125,406.0
2016-06-09 00:00:00+00:00,1262.5,1271.4000244140625,1258.0999755859375,1270.199951171875,381.0
2016-06-10 00:00:00+00:00,1267.5999755859375,1278.0,1265.300048828125,1273.4000244140625,397.0
2016-06-13 00:00:00+00:00,1276.199951171875,1287.300048828125,1273.0,1284.4000244140625,328.0
2016-06-14 00:00:00+00:00,1281.800048828125,1289.699951171875,1277.800048828125,1285.5999755859375,554.0
2016-06-15 00:00:00+00:00,1284.5999755859375,1296.199951171875,1278.800048828125,1285.800048828125,162.0
2016-06-16 00:00:00+00:00,1296.300048828125,1316.4000244140625,1281.0999755859375,1296.0999755859375,251.0
2016-06-17 00:00:00+00:00,1280.300048828125,1300.0999755859375,1280.300048828125,1292.5,129.0
2016-06-20 00:00:00+00:00,1288.9000244140625,1291.199951171875,1280.300048828125,1290.0,153.0
2016-06-21 00:00:00+00:00,1293.9000244140625,1293.9000244140625,1266.300048828125,1270.5,134.0
2016-06-22 00:00:00+00:00,1267.0,1269.199951171875,1264.9000244140625,1268.0,53.0
2016-06-23 00:00:00+00:00,1263.4000244140625,1270.5,1255.199951171875,1261.199951171875,218.0
2016-06-24 00:00:00+00:00,1253.699951171875,1355.5999755859375,1253.699951171875,1320.0,694.0
2016-06-27 00:00:00+00:00,1330.0,1331.699951171875,1320.0,1322.5,92.0
2016-06-28 00:00:00+00:00,1314.800048828125,1315.5999755859375,1314.0999755859375,1315.300048828125,1072.0
2016-06-29 00:00:00+00:00,1311.5999755859375,1327.4000244140625,1311.5999755859375,1323.9000244140625,414.0
2016-06-30 00:00:00+00:00,1315.800048828125,1323.5,1314.5,1318.4000244140625,560.0
2016-07-01 00:00:00+00:00,1324.5,1344.199951171875,1321.9000244140625,1336.699951171875,137.0
2016-07-05 00:00:00+00:00,1342.199951171875,1356.800048828125,1339.699951171875,1356.4000244140625,90.0
2016-07-06 00:00:00+00:00,1359.0,1374.9000244140625,1359.0,1364.9000244140625,130.0
2016-07-07 00:00:00+00:00,1366.800048828125,1368.5999755859375,1350.5,1360.0999755859375,207.0
2016-07-08 00:00:00+00:00,1361.300048828125,1365.800048828125,1335.0,1356.5999755859375,249.0
2016-07-11 00:00:00+00:00,1371.699951171875,1371.800048828125,1353.0,1355.0,26.0
2016-07-12 00:00:00+00:00,1353.5999755859375,1356.0,1330.300048828125,1334.0999755859375,252.0
2016-07-13 00:00:00+00:00,1341.5,1342.4000244140625,1336.699951171875,1342.4000244140625,7.0
2016-07-14 00:00:00+00:00,1341.4000244140625,1341.4000244140625,1322.699951171875,1331.300048828125,20.0
2016-07-15 00:00:00+00:00,1333.699951171875,1333.699951171875,1322.9000244140625,1326.5,52.0
2016-07-18 00:00:00+00:00,1327.5,1335.0,1326.199951171875,1328.4000244140625,54.0
2016-07-19 00:00:00+00:00,1328.5,1333.199951171875,1326.4000244140625,1331.5,322.0
2016-07-20 00:00:00+00:00,1331.0,1337.5,1315.5,1318.800048828125,751.0
2016-07-21 00:00:00+00:00,1312.800048828125,1330.5,1312.800048828125,1330.5,318.0
2016-07-22 00:00:00+00:00,1330.699951171875,1330.699951171875,1320.4000244140625,1323.0999755859375,55.0
2016-07-25 00:00:00+00:00,1315.699951171875,1319.300048828125,1313.800048828125,1319.300048828125,548.0
2016-07-26 00:00:00+00:00,1315.199951171875,1320.699951171875,1315.199951171875,1320.699951171875,63.0
2016-07-27 00:00:00+00:00,1326.0,1326.5999755859375,1326.0,1326.5999755859375,215388.0
2016-07-28 00:00:00+00:00,1339.5,1344.300048828125,1330.0999755859375,1332.300048828125,56908.0
2016-07-29 00:00:00+00:00,1333.199951171875,1353.300048828125,1325.800048828125,1349.0,6076.0
2016-08-01 00:00:00+00:00,1348.800048828125,1353.5,1345.5999755859375,1351.4000244140625,1257.0
2016-08-02 00:00:00+00:00,1352.0999755859375,1366.0,1346.5999755859375,1364.4000244140625,2941.0
2016-08-03 00:00:00+00:00,1362.4000244140625,1364.699951171875,1353.300048828125,1356.0999755859375,715.0
2016-08-04 00:00:00+00:00,1354.4000244140625,1361.5999755859375,1347.0,1358.800048828125,381.0
2016-08-05 00:00:00+00:00,1357.5999755859375,1360.800048828125,1333.699951171875,1336.4000244140625,1107.0
2016-08-08 00:00:00+00:00,1330.0,1335.4000244140625,1327.800048828125,1333.4000244140625,587.0
2016-08-09 00:00:00+00:00,1331.800048828125,1339.4000244140625,1328.5,1339.0,620.0
2016-08-10 00:00:00+00:00,1344.800048828125,1354.199951171875,1344.300048828125,1344.300048828125,110.0
2016-08-11 00:00:00+00:00,1341.5999755859375,1350.4000244140625,1334.800048828125,1342.5,666.0
2016-08-12 00:00:00+00:00,1336.800048828125,1351.800048828125,1333.199951171875,1335.800048828125,113.0
2016-08-15 00:00:00+00:00,1336.5,1340.5999755859375,1333.5999755859375,1340.300048828125,62.0
2016-08-16 00:00:00+00:00,1342.199951171875,1355.0,1341.0,1350.5,338.0
2016-08-17 00:00:00+00:00,1345.5,1347.300048828125,1338.5999755859375,1342.699951171875,135.0
2016-08-18 00:00:00+00:00,1351.300048828125,1354.4000244140625,1348.199951171875,1351.199951171875,140.0
2016-08-19 00:00:00+00:00,1350.0999755859375,1350.0999755859375,1338.5999755859375,1340.4000244140625,197.0
2016-08-22 00:00:00+00:00,1334.4000244140625,1337.699951171875,1333.300048828125,1337.699951171875,117.0
2016-08-23 00:00:00+00:00,1337.0,1341.199951171875,1334.300048828125,1340.5999755859375,551.0
2016-08-24 00:00:00+00:00,1337.199951171875,1337.199951171875,1322.9000244140625,1324.4000244140625,262.0
2016-08-25 00:00:00+00:00,1321.4000244140625,1324.0,1317.0,1320.0999755859375,58.0
2016-08-26 00:00:00+00:00,1323.800048828125,1340.5,1320.0999755859375,1321.5,141.0
2016-08-29 00:00:00+00:00,1315.0,1323.0,1315.0,1322.9000244140625,437.0
2016-08-30 00:00:00+00:00,1322.0,1322.0999755859375,1308.0,1311.699951171875,705.0
2016-08-31 00:00:00+00:00,1310.300048828125,1313.699951171875,1306.300048828125,1306.9000244140625,214.0
2016-09-01 00:00:00+00:00,1305.300048828125,1313.0999755859375,1301.5,1312.199951171875,225.0
2016-09-02 00:00:00+00:00,1309.5999755859375,1326.699951171875,1309.199951171875,1322.0999755859375,55.0
2016-09-06 00:00:00+00:00,1323.300048828125,1349.4000244140625,1323.199951171875,1349.4000244140625,46.0
2016-09-07 00:00:00+00:00,1348.4000244140625,1350.5,1343.9000244140625,1344.300048828125,14.0
2016-09-08 00:00:00+00:00,1344.800048828125,1345.4000244140625,1335.699951171875,1336.800048828125,30.0
2016-09-09 00:00:00+00:00,1338.5,1338.5,1328.0,1330.0999755859375,35.0
2016-09-12 00:00:00+00:00,1327.0,1329.300048828125,1319.9000244140625,1321.0,177.0
2016-09-13 00:00:00+00:00,1324.5999755859375,1324.5999755859375,1315.0,1319.0,79.0
2016-09-14 00:00:00+00:00,1319.199951171875,1322.300048828125,1319.199951171875,1321.5,73.0
2016-09-15 00:00:00+00:00,1320.699951171875,1320.699951171875,1310.800048828125,1313.5,37.0
2016-09-16 00:00:00+00:00,1312.199951171875,1312.5999755859375,1305.800048828125,1305.800048828125,4.0
2016-09-19 00:00:00+00:00,1313.5,1313.5,1313.5,1313.5,20.0
2016-09-20 00:00:00+00:00,1313.699951171875,1313.699951171875,1313.699951171875,1313.699951171875,97.0
2016-09-21 00:00:00+00:00,1326.300048828125,1326.9000244140625,1324.0,1326.9000244140625,76.0
2016-09-22 00:00:00+00:00,1338.5999755859375,1340.4000244140625,1338.199951171875,1340.4000244140625,23.0
2016-09-23 00:00:00+00:00,1337.199951171875,1337.199951171875,1337.199951171875,1337.199951171875,40.0
2016-09-26 00:00:00+00:00,1335.199951171875,1341.800048828125,1335.199951171875,1339.699951171875,24.0
2016-09-27 00:00:00+00:00,1328.0,1328.699951171875,1325.9000244140625,1325.9000244140625,48.0
2016-09-28 00:00:00+00:00,1319.4000244140625,1319.4000244140625,1319.4000244140625,1319.4000244140625,10551.0
2016-09-29 00:00:00+00:00,1321.199951171875,1325.0,1314.699951171875,1321.699951171875,6108.0
2016-09-30 00:00:00+00:00,1320.5999755859375,1327.699951171875,1312.9000244140625,1313.300048828125,868.0
2016-10-03 00:00:00+00:00,1313.5,1316.800048828125,1308.199951171875,1309.0,299.0
2016-10-04 00:00:00+00:00,1307.5999755859375,1310.199951171875,1266.300048828125,1266.300048828125,1893.0
2016-10-05 00:00:00+00:00,1272.0999755859375,1274.0,1261.300048828125,1265.199951171875,246.0
2016-10-06 00:00:00+00:00,1265.300048828125,1265.300048828125,1249.800048828125,1249.800048828125,114.0
2016-10-07 00:00:00+00:00,1253.9000244140625,1263.5999755859375,1248.9000244140625,1248.9000244140625,169.0
2016-10-11 00:00:00+00:00,1258.9000244140625,1258.9000244140625,1253.0,1253.0,26.0
2016-10-12 00:00:00+00:00,1251.699951171875,1254.0,1251.0999755859375,1251.0999755859375,127.0
2016-10-13 00:00:00+00:00,1258.699951171875,1259.0,1255.0,1255.0,315.0
2016-10-14 00:00:00+00:00,1253.9000244140625,1253.9000244140625,1250.5999755859375,1253.0999755859375,311.0
2016-10-17 00:00:00+00:00,1249.9000244140625,1255.0,1249.9000244140625,1254.4000244140625,41.0
2016-10-18 00:00:00+00:00,1260.9000244140625,1261.699951171875,1260.800048828125,1260.800048828125,11.0
2016-10-19 00:00:00+00:00,1262.9000244140625,1271.5,1262.9000244140625,1267.9000244140625,219.0
2016-10-20 00:00:00+00:00,1270.0,1270.5,1265.5,1265.5999755859375,415.0
2016-10-21 00:00:00+00:00,1265.9000244140625,1265.9000244140625,1265.9000244140625,1265.9000244140625,224.0
2016-10-24 00:00:00+00:00,1269.199951171875,1269.199951171875,1261.800048828125,1262.0,42.0
2016-10-25 00:00:00+00:00,1264.0999755859375,1274.0999755859375,1264.0999755859375,1271.9000244140625,61.0
2016-10-26 00:00:00+00:00,1274.0,1274.0,1264.800048828125,1264.800048828125,279.0
2016-10-27 00:00:00+00:00,1269.4000244140625,1269.4000244140625,1267.9000244140625,1267.9000244140625,338.0
2016-10-28 00:00:00+00:00,1270.300048828125,1281.5,1262.0,1275.5,560.0
2016-10-31 00:00:00+00:00,1276.5999755859375,1276.5999755859375,1271.5,1271.5,58.0
2016-11-01 00:00:00+00:00,1279.300048828125,1290.699951171875,1279.0,1286.4000244140625,49.0
2016-11-02 00:00:00+00:00,1288.300048828125,1307.0,1288.300048828125,1306.800048828125,30.0
2016-11-03 00:00:00+00:00,1296.4000244140625,1303.0999755859375,1287.300048828125,1302.0999755859375,73.0
2016-11-04 00:00:00+00:00,1300.0,1303.300048828125,1296.699951171875,1303.300048828125,11.0
2016-11-07 00:00:00+00:00,1292.0,1294.5,1278.300048828125,1278.300048828125,34.0
2016-11-08 00:00:00+00:00,1284.0999755859375,1289.4000244140625,1273.199951171875,1273.4000244140625,50.0
2016-11-09 00:00:00+00:00,1272.199951171875,1318.5999755859375,1270.0,1272.5999755859375,108.0
2016-11-10 00:00:00+00:00,1274.4000244140625,1287.5,1253.300048828125,1265.5,63.0
2016-11-14 00:00:00+00:00,1227.800048828125,1229.5,1210.4000244140625,1221.199951171875,216.0
2016-11-15 00:00:00+00:00,1224.300048828125,1226.0,1222.5,1224.0,20.0
2016-11-16 00:00:00+00:00,1229.300048828125,1229.300048828125,1223.0,1223.4000244140625,66.0
2016-11-17 00:00:00+00:00,1224.5999755859375,1225.0,1211.0,1216.5,1139.0
2016-11-18 00:00:00+00:00,1211.9000244140625,1211.9000244140625,1207.199951171875,1208.5,607.0
2016-11-21 00:00:00+00:00,1209.5999755859375,1209.5999755859375,1209.5999755859375,1209.5999755859375,19.0
2016-11-22 00:00:00+00:00,1210.4000244140625,1211.0999755859375,1207.5999755859375,1211.0,19.0
2016-11-23 00:00:00+00:00,1212.800048828125,1213.800048828125,1186.800048828125,1189.0999755859375,309.0
2016-11-25 00:00:00+00:00,1177.0,1189.300048828125,1177.0,1178.199951171875,14.0
2016-11-28 00:00:00+00:00,1188.0,1190.5999755859375,1188.0,1190.5999755859375,189914.0
2016-11-29 00:00:00+00:00,1193.199951171875,1194.800048828125,1179.4000244140625,1187.9000244140625,42124.0
2016-11-30 00:00:00+00:00,1187.0999755859375,1193.300048828125,1167.9000244140625,1170.800048828125,7158.0
2016-12-01 00:00:00+00:00,1172.699951171875,1174.5999755859375,1160.0,1166.9000244140625,1588.0
2016-12-02 00:00:00+00:00,1172.300048828125,1177.300048828125,1166.4000244140625,1175.0999755859375,1521.0
2016-12-05 00:00:00+00:00,1181.800048828125,1186.699951171875,1157.0,1174.0,358.0
2016-12-06 00:00:00+00:00,1170.9000244140625,1174.5,1167.0999755859375,1167.5999755859375,652.0
2016-12-07 00:00:00+00:00,1167.699951171875,1178.5,1166.4000244140625,1175.0,182.0
2016-12-08 00:00:00+00:00,1173.800048828125,1177.800048828125,1169.0999755859375,1169.800048828125,322.0
2016-12-09 00:00:00+00:00,1166.5999755859375,1168.800048828125,1156.0,1159.4000244140625,365.0
2016-12-12 00:00:00+00:00,1158.300048828125,1163.9000244140625,1153.0,1163.5,331.0
2016-12-13 00:00:00+00:00,1163.5,1164.0,1155.4000244140625,1156.699951171875,637.0
2016-12-14 00:00:00+00:00,1159.800048828125,1164.0,1142.0,1161.300048828125,487.0
2016-12-15 00:00:00+00:00,1139.800048828125,1143.300048828125,1123.9000244140625,1127.800048828125,244.0
2016-12-16 00:00:00+00:00,1126.9000244140625,1140.9000244140625,1126.9000244140625,1135.300048828125,146.0
2016-12-19 00:00:00+00:00,1139.4000244140625,1140.699951171875,1137.9000244140625,1140.5,249.0
2016-12-20 00:00:00+00:00,1133.5,1133.5,1126.5,1131.5,46.0
2016-12-21 00:00:00+00:00,1136.0999755859375,1136.0999755859375,1130.0,1131.0999755859375,50.0
2016-12-22 00:00:00+00:00,1131.199951171875,1132.800048828125,1128.300048828125,1128.800048828125,104.0
2016-12-23 00:00:00+00:00,1130.9000244140625,1132.800048828125,1130.300048828125,1131.9000244140625,70.0
2016-12-27 00:00:00+00:00,1134.300048828125,1142.199951171875,1134.300048828125,1137.300048828125,84.0
2016-12-28 00:00:00+00:00,1141.199951171875,1141.199951171875,1138.0,1139.4000244140625,1570.0
2016-12-29 00:00:00+00:00,1143.800048828125,1158.800048828125,1143.5999755859375,1156.4000244140625,950.0
2016-12-30 00:00:00+00:00,1162.0,1162.0,1150.0,1150.0,16.0
2017-01-03 00:00:00+00:00,1155.199951171875,1160.800048828125,1146.5,1160.4000244140625,52.0
2017-01-04 00:00:00+00:00,1156.300048828125,1165.0,1156.300048828125,1163.800048828125,36.0
2017-01-05 00:00:00+00:00,1172.0,1183.300048828125,1171.5,1179.699951171875,500.0
2017-01-06 00:00:00+00:00,1176.5,1176.5,1171.9000244140625,1171.9000244140625,16.0
2017-01-09 00:00:00+00:00,1173.9000244140625,1183.5999755859375,1173.0,1183.5,62.0
2017-01-10 00:00:00+00:00,1184.300048828125,1188.9000244140625,1182.300048828125,1184.199951171875,8.0
2017-01-11 00:00:00+00:00,1187.5,1197.0,1176.5,1195.5999755859375,20.0
2017-01-12 00:00:00+00:00,1192.699951171875,1204.300048828125,1192.300048828125,1198.9000244140625,110.0
2017-01-13 00:00:00+00:00,1195.699951171875,1196.0,1187.699951171875,1195.300048828125,65.0
2017-01-17 00:00:00+00:00,1205.5,1214.5999755859375,1200.800048828125,1212.0,79.0
2017-01-18 00:00:00+00:00,1213.5999755859375,1214.699951171875,1203.0999755859375,1211.300048828125,114.0
2017-01-19 00:00:00+00:00,1200.5,1204.0,1195.800048828125,1200.9000244140625,26.0
2017-01-20 00:00:00+00:00,1202.800048828125,1212.0999755859375,1202.800048828125,1204.300048828125,38.0
2017-01-23 00:00:00+00:00,1212.0,1215.0,1210.0,1215.0,16.0
2017-01-24 00:00:00+00:00,1219.0,1219.0,1207.699951171875,1210.300048828125,24.0
2017-01-25 00:00:00+00:00,1202.0,1202.800048828125,1194.9000244140625,1197.300048828125,403.0
2017-01-26 00:00:00+00:00,1199.699951171875,1199.699951171875,1185.5999755859375,1189.5,19.0
2017-01-27 00:00:00+00:00,1187.9000244140625,1188.300048828125,1187.9000244140625,1188.0999755859375,234352.0
2017-01-30 00:00:00+00:00,1191.699951171875,1198.5,1187.0999755859375,1193.199951171875,50503.0
2017-01-31 00:00:00+00:00,1194.9000244140625,1214.699951171875,1193.5,1208.5999755859375,3212.0
2017-02-01 00:00:00+00:00,1211.9000244140625,1211.9000244140625,1197.9000244140625,1205.5999755859375,1145.0
2017-02-02 00:00:00+00:00,1209.699951171875,1224.199951171875,1208.9000244140625,1216.699951171875,1512.0
2017-02-03 00:00:00+00:00,1214.9000244140625,1220.5999755859375,1206.199951171875,1218.5,865.0
2017-02-06 00:00:00+00:00,1221.9000244140625,1235.4000244140625,1218.5,1230.0,908.0
2017-02-07 00:00:00+00:00,1234.199951171875,1236.199951171875,1228.5,1234.199951171875,1177.0
2017-02-08 00:00:00+00:00,1232.0999755859375,1243.9000244140625,1231.0,1237.5999755859375,288.0
2017-02-09 00:00:00+00:00,1239.4000244140625,1243.5,1226.9000244140625,1235.0999755859375,885.0
2017-02-10 00:00:00+00:00,1227.5999755859375,1234.4000244140625,1221.5,1234.4000244140625,391.0
2017-02-13 00:00:00+00:00,1230.5,1231.0999755859375,1219.0,1224.4000244140625,398.0
2017-02-14 00:00:00+00:00,1225.9000244140625,1233.5,1222.0999755859375,1223.9000244140625,159.0
2017-02-15 00:00:00+00:00,1225.5,1231.699951171875,1217.300048828125,1231.699951171875,175.0
2017-02-16 00:00:00+00:00,1234.5,1240.699951171875,1233.199951171875,1240.0,87.0
2017-02-17 00:00:00+00:00,1240.699951171875,1241.199951171875,1234.800048828125,1237.5999755859375,301.0
2017-02-21 00:00:00+00:00,1237.300048828125,1237.5,1228.0999755859375,1237.5,119.0
2017-02-22 00:00:00+00:00,1236.0999755859375,1238.5999755859375,1231.800048828125,1232.0,36.0
2017-02-23 00:00:00+00:00,1236.0999755859375,1250.300048828125,1236.0999755859375,1250.199951171875,112.0
2017-02-24 00:00:00+00:00,1250.0,1258.800048828125,1250.0,1256.9000244140625,1264.0
2017-02-27 00:00:00+00:00,1254.699951171875,1263.0999755859375,1250.4000244140625,1257.4000244140625,544.0
2017-02-28 00:00:00+00:00,1253.5999755859375,1257.300048828125,1247.199951171875,1252.5999755859375,721.0
2017-03-01 00:00:00+00:00,1247.800048828125,1248.9000244140625,1236.9000244140625,1248.9000244140625,138.0
2017-03-02 00:00:00+00:00,1247.199951171875,1247.5999755859375,1230.699951171875,1231.9000244140625,79.0
2017-03-03 00:00:00+00:00,1231.699951171875,1235.199951171875,1222.9000244140625,1225.5,121.0
2017-03-06 00:00:00+00:00,1235.199951171875,1235.199951171875,1224.5,1224.5,29.0
2017-03-07 00:00:00+00:00,1224.300048828125,1225.4000244140625,1213.699951171875,1215.0999755859375,53.0
2017-03-08 00:00:00+00:00,1212.199951171875,1212.199951171875,1206.699951171875,1208.5,24.0
2017-03-09 00:00:00+00:00,1204.5,1205.5999755859375,1202.300048828125,1202.4000244140625,37.0
2017-03-10 00:00:00+00:00,1196.199951171875,1203.300048828125,1196.199951171875,1200.699951171875,3.0
2017-03-13 00:00:00+00:00,1206.199951171875,1210.0,1202.300048828125,1202.4000244140625,35.0
2017-03-14 00:00:00+00:00,1203.0999755859375,1205.9000244140625,1196.800048828125,1201.9000244140625,22.0
2017-03-15 00:00:00+00:00,1198.199951171875,1221.199951171875,1197.699951171875,1200.0999755859375,36.0
2017-03-16 00:00:00+00:00,1222.199951171875,1231.4000244140625,1222.199951171875,1226.5,47.0
2017-03-17 00:00:00+00:00,1227.0999755859375,1230.9000244140625,1227.0999755859375,1229.800048828125,26.0
2017-03-20 00:00:00+00:00,1229.300048828125,1234.4000244140625,1229.300048828125,1233.5999755859375,23.0
2017-03-21 00:00:00+00:00,1226.4000244140625,1246.0999755859375,1226.4000244140625,1246.0999755859375,11.0
2017-03-22 00:00:00+00:00,1247.9000244140625,1249.5,1247.699951171875,1249.300048828125,3.0
2017-03-23 00:00:00+00:00,1246.4000244140625,1247.5,1244.800048828125,1246.9000244140625,16.0
2017-03-24 00:00:00+00:00,1248.0,1248.300048828125,1247.5999755859375,1248.199951171875,3.0
2017-03-27 00:00:00+00:00,1255.800048828125,1257.699951171875,1253.800048828125,1255.4000244140625,72.0
2017-03-28 00:00:00+00:00,1255.9000244140625,1255.9000244140625,1255.300048828125,1255.300048828125,19.0
2017-03-29 00:00:00+00:00,1252.199951171875,1253.4000244140625,1252.0999755859375,1253.4000244140625,190678.0
2017-03-30 00:00:00+00:00,1253.0999755859375,1253.5999755859375,1241.0999755859375,1245.0,51328.0
2017-03-31 00:00:00+00:00,1242.0999755859375,1248.800048828125,1238.699951171875,1247.300048828125,8223.0
2017-04-03 00:00:00+00:00,1247.5,1252.4000244140625,1243.5999755859375,1250.800048828125,1160.0
2017-04-04 00:00:00+00:00,1253.0999755859375,1260.300048828125,1253.0,1255.0,724.0
2017-04-05 00:00:00+00:00,1255.4000244140625,1255.4000244140625,1243.0,1245.4000244140625,907.0
2017-04-06 00:00:00+00:00,1256.0999755859375,1257.5,1249.0,1250.300048828125,169.0
2017-04-07 00:00:00+00:00,1249.5,1269.0999755859375,1249.5,1254.300048828125,445.0
2017-04-10 00:00:00+00:00,1252.699951171875,1255.199951171875,1246.800048828125,1251.0999755859375,182.0
2017-04-11 00:00:00+00:00,1254.5,1273.5,1254.5,1271.199951171875,401.0
2017-04-12 00:00:00+00:00,1275.0,1285.0999755859375,1272.0,1275.300048828125,492.0
2017-04-13 00:00:00+00:00,1285.300048828125,1287.5999755859375,1282.0,1285.9000244140625,915.0
2017-04-17 00:00:00+00:00,1291.800048828125,1294.800048828125,1284.300048828125,1289.4000244140625,73.0
2017-04-18 00:00:00+00:00,1283.9000244140625,1291.699951171875,1278.5999755859375,1291.699951171875,394.0
2017-04-19 00:00:00+00:00,1288.0,1288.0,1274.0,1281.4000244140625,194.0
2017-04-20 00:00:00+00:00,1279.699951171875,1281.9000244140625,1276.199951171875,1281.9000244140625,127.0
2017-04-21 00:00:00+00:00,1279.800048828125,1287.4000244140625,1279.199951171875,1287.4000244140625,474.0
2017-04-24 00:00:00+00:00,1275.0,1276.4000244140625,1265.0,1275.800048828125,605.0
2017-04-25 00:00:00+00:00,1275.5999755859375,1276.9000244140625,1262.0999755859375,1265.5999755859375,356.0
2017-04-26 00:00:00+00:00,1266.0,1266.0,1262.0999755859375,1262.0999755859375,1156.0
2017-04-27 00:00:00+00:00,1266.699951171875,1267.199951171875,1262.199951171875,1263.699951171875,206.0
2017-04-28 00:00:00+00:00,1265.9000244140625,1267.199951171875,1264.699951171875,1266.0999755859375,85.0
2017-05-01 00:00:00+00:00,1268.699951171875,1269.300048828125,1253.300048828125,1253.300048828125,34.0
2017-05-02 00:00:00+00:00,1256.199951171875,1256.199951171875,1251.199951171875,1255.0999755859375,90.0
2017-05-03 00:00:00+00:00,1255.0999755859375,1255.800048828125,1238.699951171875,1246.4000244140625,195.0
2017-05-04 00:00:00+00:00,1239.800048828125,1239.800048828125,1224.199951171875,1226.5,72.0
2017-05-05 00:00:00+00:00,1227.0,1233.699951171875,1224.800048828125,1224.800048828125,16.0
2017-05-08 00:00:00+00:00,1224.0,1234.0,1224.0,1225.300048828125,43.0
2017-05-09 00:00:00+00:00,1226.0999755859375,1226.199951171875,1214.0,1214.300048828125,55.0
2017-05-10 00:00:00+00:00,1219.800048828125,1220.199951171875,1217.300048828125,1217.300048828125,23.0
2017-05-11 00:00:00+00:00,1218.5,1222.699951171875,1218.300048828125,1222.699951171875,13.0
2017-05-12 00:00:00+00:00,1228.0,1229.5,1226.0999755859375,1226.199951171875,29.0
2017-05-15 00:00:00+00:00,1227.5,1232.699951171875,1227.5,1228.5999755859375,13.0
2017-05-16 00:00:00+00:00,1230.4000244140625,1237.300048828125,1230.4000244140625,1235.0,20.0
2017-05-17 00:00:00+00:00,1241.0,1259.199951171875,1240.699951171875,1257.5,26.0
2017-05-18 00:00:00+00:00,1254.800048828125,1260.0,1245.800048828125,1251.699951171875,43.0
2017-05-19 00:00:00+00:00,1252.699951171875,1252.699951171875,1252.699951171875,1252.699951171875,14.0
2017-05-22 00:00:00+00:00,1251.699951171875,1260.699951171875,1251.699951171875,1260.699951171875,14.0
2017-05-23 00:00:00+00:00,1261.5,1261.5999755859375,1250.5999755859375,1254.800048828125,20.0
2017-05-24 00:00:00+00:00,1251.9000244140625,1257.800048828125,1249.699951171875,1252.4000244140625,14.0
2017-05-25 00:00:00+00:00,1257.0999755859375,1258.300048828125,1255.800048828125,1255.800048828125,11.0
2017-05-26 00:00:00+00:00,1267.5999755859375,1267.5999755859375,1267.5999755859375,1267.5999755859375,271457.0
2017-05-30 00:00:00+00:00,1267.4000244140625,1270.0,1258.4000244140625,1262.0999755859375,129819.0
2017-05-31 00:00:00+00:00,1262.4000244140625,1273.199951171875,1258.5,1272.0,2712.0
2017-06-01 00:00:00+00:00,1268.0,1269.199951171875,1260.800048828125,1267.0,825.0
2017-06-02 00:00:00+00:00,1265.199951171875,1279.0,1259.0,1276.800048828125,1732.0
2017-06-05 00:00:00+00:00,1279.199951171875,1282.0,1277.0,1279.300048828125,433.0
2017-06-06 00:00:00+00:00,1279.4000244140625,1295.199951171875,1279.4000244140625,1294.4000244140625,942.0
2017-06-07 00:00:00+00:00,1291.5999755859375,1293.0999755859375,1284.300048828125,1290.0999755859375,641.0
2017-06-08 00:00:00+00:00,1285.4000244140625,1287.5999755859375,1268.0999755859375,1276.300048828125,319.0
2017-06-09 00:00:00+00:00,1277.9000244140625,1277.9000244140625,1264.5999755859375,1268.5,467.0
2017-06-12 00:00:00+00:00,1266.4000244140625,1269.300048828125,1263.199951171875,1266.0999755859375,255.0
2017-06-13 00:00:00+00:00,1264.0999755859375,1266.9000244140625,1259.699951171875,1265.800048828125,150.0
2017-06-14 00:00:00+00:00,1269.4000244140625,1278.0,1256.800048828125,1272.800048828125,336.0
2017-06-15 00:00:00+00:00,1263.199951171875,1264.199951171875,1250.300048828125,1252.199951171875,743.0
2017-06-16 00:00:00+00:00,1252.800048828125,1255.300048828125,1251.300048828125,1254.0,34.0
2017-06-19 00:00:00+00:00,1252.0999755859375,1252.199951171875,1241.9000244140625,1244.199951171875,108.0
2017-06-20 00:00:00+00:00,1242.199951171875,1245.5,1240.5,1241.0,75.0
2017-06-21 00:00:00+00:00,1244.0999755859375,1245.0,1240.0,1243.4000244140625,205.0
2017-06-22 00:00:00+00:00,1251.0,1252.699951171875,1246.300048828125,1247.5999755859375,156.0
2017-06-23 00:00:00+00:00,1250.0,1273.5999755859375,1249.800048828125,1256.199951171875,269.0
2017-06-26 00:00:00+00:00,1260.199951171875,1260.199951171875,1241.5999755859375,1246.300048828125,194.0
2017-06-27 00:00:00+00:00,1251.5999755859375,1251.800048828125,1245.9000244140625,1246.4000244140625,111.0
2017-06-28 00:00:00+00:00,1248.5,1248.5,1248.0,1248.0,370.0
2017-06-29 00:00:00+00:00,1248.199951171875,1250.699951171875,1238.0999755859375,1244.199951171875,540.0
2017-06-30 00:00:00+00:00,1243.699951171875,1243.699951171875,1239.0999755859375,1240.699951171875,43.0
2017-07-03 00:00:00+00:00,1236.0,1236.0,1217.9000244140625,1217.9000244140625,33.0
2017-07-05 00:00:00+00:00,1222.5,1225.0,1217.0999755859375,1220.4000244140625,40.0
2017-07-06 00:00:00+00:00,1225.0999755859375,1225.0999755859375,1222.199951171875,1222.199951171875,5.0
2017-07-07 00:00:00+00:00,1219.0999755859375,1220.4000244140625,1208.5999755859375,1208.5999755859375,116.0
2017-07-10 00:00:00+00:00,1211.4000244140625,1212.0999755859375,1209.5999755859375,1212.0999755859375,28.0
2017-07-11 00:00:00+00:00,1208.699951171875,1214.9000244140625,1208.699951171875,1213.5999755859375,12.0
2017-07-12 00:00:00+00:00,1218.300048828125,1219.4000244140625,1217.9000244140625,1218.0999755859375,7.0
2017-07-13 00:00:00+00:00,1221.4000244140625,1221.4000244140625,1216.300048828125,1216.300048828125,7.0
2017-07-14 00:00:00+00:00,1214.9000244140625,1227.5,1214.800048828125,1226.5999755859375,23.0
2017-07-17 00:00:00+00:00,1229.9000244140625,1233.4000244140625,1229.9000244140625,1232.800048828125,7.0
2017-07-18 00:00:00+00:00,1236.199951171875,1241.199951171875,1236.199951171875,1241.0999755859375,29.0
2017-07-19 00:00:00+00:00,1240.4000244140625,1241.199951171875,1240.0999755859375,1241.199951171875,3.0
2017-07-20 00:00:00+00:00,1236.5999755859375,1244.800048828125,1236.5999755859375,1244.800048828125,5.0
2017-07-21 00:00:00+00:00,1250.699951171875,1254.300048828125,1250.5,1254.300048828125,16.0
2017-07-24 00:00:00+00:00,1256.0,1256.0,1253.9000244140625,1253.9000244140625,8.0
2017-07-25 00:00:00+00:00,1252.699951171875,1253.5999755859375,1249.199951171875,1251.699951171875,18.0
2017-07-26 00:00:00+00:00,1244.800048828125,1249.0,1244.800048828125,1249.0,7.0
2017-07-27 00:00:00+00:00,1259.5999755859375,1259.5999755859375,1259.5999755859375,1259.5999755859375,220309.0
2017-07-28 00:00:00+00:00,1258.4000244140625,1270.0,1256.9000244140625,1268.4000244140625,64180.0
2017-07-31 00:00:00+00:00,1268.9000244140625,1270.800048828125,1265.800048828125,1266.5999755859375,7780.0
2017-08-01 00:00:00+00:00,1268.4000244140625,1273.300048828125,1262.0,1272.5999755859375,1061.0
2017-08-02 00:00:00+00:00,1268.5,1272.0999755859375,1262.9000244140625,1271.800048828125,393.0
2017-08-03 00:00:00+00:00,1265.9000244140625,1269.800048828125,1256.5999755859375,1267.800048828125,878.0
2017-08-04 00:00:00+00:00,1269.0,1269.5999755859375,1253.9000244140625,1258.300048828125,521.0
2017-08-07 00:00:00+00:00,1258.699951171875,1259.0999755859375,1255.300048828125,1258.199951171875,260.0
2017-08-08 00:00:00+00:00,1256.9000244140625,1264.0999755859375,1251.4000244140625,1256.4000244140625,555.0
2017-08-09 00:00:00+00:00,1260.199951171875,1277.800048828125,1260.199951171875,1273.0,574.0
2017-08-10 00:00:00+00:00,1276.5999755859375,1287.4000244140625,1274.9000244140625,1283.699951171875,608.0
2017-08-11 00:00:00+00:00,1286.300048828125,1291.0999755859375,1282.0,1287.699951171875,139.0
2017-08-14 00:00:00+00:00,1288.4000244140625,1288.4000244140625,1278.800048828125,1284.199951171875,338.0
2017-08-15 00:00:00+00:00,1280.5,1280.5,1267.4000244140625,1273.699951171875,188.0
2017-08-16 00:00:00+00:00,1271.300048828125,1282.5999755859375,1269.4000244140625,1276.9000244140625,110.0
2017-08-17 00:00:00+00:00,1283.800048828125,1288.5,1283.199951171875,1286.4000244140625,43.0
2017-08-18 00:00:00+00:00,1288.5999755859375,1300.699951171875,1284.300048828125,1285.699951171875,358.0
2017-08-21 00:00:00+00:00,1285.199951171875,1290.800048828125,1284.699951171875,1290.800048828125,18.0
2017-08-22 00:00:00+00:00,1287.199951171875,1288.4000244140625,1283.199951171875,1285.0999755859375,100.0
2017-08-23 00:00:00+00:00,1289.4000244140625,1289.4000244140625,1286.9000244140625,1288.9000244140625,250.0
2017-08-24 00:00:00+00:00,1288.699951171875,1288.699951171875,1284.0,1286.5,550.0
2017-08-25 00:00:00+00:00,1285.4000244140625,1292.699951171875,1280.300048828125,1292.5,280.0
2017-08-28 00:00:00+00:00,1293.5,1311.300048828125,1293.5,1309.699951171875,145.0
2017-08-29 00:00:00+00:00,1318.800048828125,1323.800048828125,1313.0999755859375,1313.0999755859375,1178.0
2017-08-30 00:00:00+00:00,1308.199951171875,1312.5,1304.9000244140625,1308.0999755859375,1178.0
2017-08-31 00:00:00+00:00,1306.5999755859375,1322.300048828125,1301.699951171875,1316.199951171875,373.0
2017-09-01 00:00:00+00:00,1320.199951171875,1327.699951171875,1316.9000244140625,1324.5,313.0
2017-09-05 00:00:00+00:00,1335.199951171875,1339.199951171875,1328.5999755859375,1339.199951171875,39.0
2017-09-06 00:00:00+00:00,1340.0,1340.300048828125,1332.5999755859375,1333.9000244140625,20.0
2017-09-07 00:00:00+00:00,1336.4000244140625,1349.0,1336.4000244140625,1345.0999755859375,26.0
2017-09-08 00:00:00+00:00,1351.0,1355.800048828125,1345.5999755859375,1346.0,37.0
2017-09-11 00:00:00+00:00,1331.0,1331.0,1327.300048828125,1331.0,9.0
2017-09-12 00:00:00+00:00,1327.0,1328.0,1325.199951171875,1328.0,15.0
2017-09-13 00:00:00+00:00,1323.4000244140625,1323.4000244140625,1323.4000244140625,1323.4000244140625,16.0
2017-09-14 00:00:00+00:00,1319.5999755859375,1329.300048828125,1319.5999755859375,1324.699951171875,316.0
2017-09-15 00:00:00+00:00,1320.5999755859375,1321.199951171875,1319.800048828125,1320.4000244140625,15.0
2017-09-18 00:00:00+00:00,1309.800048828125,1310.4000244140625,1306.0,1306.300048828125,129.0
2017-09-19 00:00:00+00:00,1307.9000244140625,1310.300048828125,1305.0999755859375,1306.199951171875,20.0
2017-09-20 00:00:00+00:00,1312.0,1312.0,1298.699951171875,1312.0,12.0
2017-09-21 00:00:00+00:00,1299.0999755859375,1304.0999755859375,1290.300048828125,1290.5999755859375,336.0
2017-09-22 00:00:00+00:00,1295.0,1295.699951171875,1293.300048828125,1293.300048828125,209.0
2017-09-25 00:00:00+00:00,1293.0999755859375,1309.199951171875,1291.0,1306.800048828125,51.0
2017-09-26 00:00:00+00:00,1304.5,1305.5999755859375,1297.0,1297.0,39.0
2017-09-27 00:00:00+00:00,1283.4000244140625,1283.4000244140625,1283.4000244140625,1283.4000244140625,19488.0
2017-09-28 00:00:00+00:00,1283.0999755859375,1288.0,1277.0,1285.5,5226.0
2017-09-29 00:00:00+00:00,1284.199951171875,1289.4000244140625,1281.5,1281.5,492.0
2017-10-02 00:00:00+00:00,1275.0,1276.0999755859375,1270.4000244140625,1272.699951171875,136.0
2017-10-03 00:00:00+00:00,1269.699951171875,1273.300048828125,1268.5999755859375,1271.5,192.0
2017-10-04 00:00:00+00:00,1273.800048828125,1280.800048828125,1270.0,1273.699951171875,218.0
2017-10-05 00:00:00+00:00,1277.800048828125,1277.800048828125,1267.5999755859375,1269.9000244140625,36.0
2017-10-06 00:00:00+00:00,1267.5999755859375,1272.0,1260.5,1271.5999755859375,46.0
2017-10-09 00:00:00+00:00,1280.5999755859375,1284.0,1279.0,1281.800048828125,19.0
2017-10-10 00:00:00+00:00,1282.5999755859375,1293.0,1281.699951171875,1290.5999755859375,18.0
2017-10-11 00:00:00+00:00,1287.300048828125,1292.0,1284.9000244140625,1285.800048828125,21.0
2017-10-12 00:00:00+00:00,1291.5,1294.5,1289.300048828125,1293.300048828125,14.0
2017-10-13 00:00:00+00:00,1293.300048828125,1301.699951171875,1291.699951171875,1301.5,74.0
2017-10-16 00:00:00+00:00,1302.0,1303.800048828125,1291.9000244140625,1299.9000244140625,173.0
2017-10-17 00:00:00+00:00,1295.0999755859375,1295.0999755859375,1283.0,1283.0,571.0
2017-10-18 00:00:00+00:00,1279.9000244140625,1279.9000244140625,1279.9000244140625,1279.9000244140625,163.0
2017-10-19 00:00:00+00:00,1286.4000244140625,1286.9000244140625,1285.0999755859375,1286.9000244140625,134.0
2017-10-20 00:00:00+00:00,1279.5999755859375,1279.5999755859375,1277.4000244140625,1277.4000244140625,304.0
2017-10-23 00:00:00+00:00,1274.699951171875,1280.800048828125,1271.5,1277.699951171875,115.0
2017-10-24 00:00:00+00:00,1275.5,1275.5,1273.699951171875,1275.0,111.0
2017-10-25 00:00:00+00:00,1269.9000244140625,1275.4000244140625,1269.9000244140625,1275.4000244140625,105.0
2017-10-26 00:00:00+00:00,1273.5,1273.5,1264.699951171875,1266.300048828125,39.0
2017-10-27 00:00:00+00:00,1268.4000244140625,1268.5,1267.0999755859375,1268.5,567.0
2017-10-30 00:00:00+00:00,1270.0,1274.0999755859375,1267.9000244140625,1274.0999755859375,222.0
2017-10-31 00:00:00+00:00,1273.0999755859375,1274.5999755859375,1266.0999755859375,1267.0,235.0
2017-11-01 00:00:00+00:00,1272.199951171875,1274.800048828125,1270.300048828125,1274.0999755859375,78.0
2017-11-02 00:00:00+00:00,1274.9000244140625,1274.9000244140625,1274.9000244140625,1274.9000244140625,70.0
2017-11-03 00:00:00+00:00,1265.300048828125,1267.9000244140625,1265.300048828125,1266.5,75.0
2017-11-06 00:00:00+00:00,1269.0,1280.5,1269.0,1279.4000244140625,128.0
2017-11-07 00:00:00+00:00,1276.800048828125,1276.800048828125,1270.4000244140625,1273.699951171875,11.0
2017-11-08 00:00:00+00:00,1275.9000244140625,1284.9000244140625,1274.699951171875,1281.5999755859375,15.0
2017-11-09 00:00:00+00:00,1279.699951171875,1286.9000244140625,1279.699951171875,1285.5999755859375,18.0
2017-11-10 00:00:00+00:00,1283.5,1283.5,1272.4000244140625,1272.4000244140625,10.0
2017-11-13 00:00:00+00:00,1277.300048828125,1277.300048828125,1277.0,1277.300048828125,3.0
2017-11-14 00:00:00+00:00,1276.9000244140625,1281.5,1276.9000244140625,1281.5,4.0
2017-11-15 00:00:00+00:00,1281.4000244140625,1284.699951171875,1275.9000244140625,1276.5,13.0
2017-11-16 00:00:00+00:00,1277.5,1277.5,1277.4000244140625,1277.4000244140625,43.0
2017-11-17 00:00:00+00:00,1288.300048828125,1295.800048828125,1288.300048828125,1295.800048828125,1.0
2017-11-20 00:00:00+00:00,1274.5999755859375,1275.9000244140625,1274.5999755859375,1274.5999755859375,1.0
2017-11-21 00:00:00+00:00,1281.0999755859375,1281.0999755859375,1281.0999755859375,1281.0999755859375,4.0
2017-11-22 00:00:00+00:00,1284.699951171875,1291.5999755859375,1282.9000244140625,1291.5999755859375,4.0
2017-11-24 00:00:00+00:00,1286.699951171875,1286.699951171875,1286.699951171875,1286.699951171875,0.0
2017-11-27 00:00:00+00:00,1293.800048828125,1293.800048828125,1293.800048828125,1293.800048828125,1.0
2017-11-28 00:00:00+00:00,1294.699951171875,1294.699951171875,1294.699951171875,1294.699951171875,275442.0
2017-11-29 00:00:00+00:00,1293.4000244140625,1296.199951171875,1281.0999755859375,1282.0999755859375,47244.0
2017-11-30 00:00:00+00:00,1283.0999755859375,1284.5,1269.699951171875,1273.199951171875,3049.0
2017-12-01 00:00:00+00:00,1274.0999755859375,1288.5999755859375,1271.0,1278.800048828125,823.0
2017-12-04 00:00:00+00:00,1272.5,1276.0999755859375,1270.300048828125,1274.300048828125,850.0
2017-12-05 00:00:00+00:00,1275.4000244140625,1275.800048828125,1260.0,1261.5999755859375,1499.0
2017-12-06 00:00:00+00:00,1264.9000244140625,1267.800048828125,1261.5999755859375,1262.800048828125,373.0
2017-12-07 00:00:00+00:00,1262.300048828125,1262.4000244140625,1243.9000244140625,1249.800048828125,358.0
2017-12-08 00:00:00+00:00,1246.300048828125,1249.300048828125,1241.5,1245.199951171875,157.0
2017-12-11 00:00:00+00:00,1248.4000244140625,1249.199951171875,1239.9000244140625,1243.699951171875,146.0
2017-12-12 00:00:00+00:00,1241.300048828125,1244.4000244140625,1236.5,1238.5,692.0
2017-12-13 00:00:00+00:00,1241.9000244140625,1254.5,1239.800048828125,1245.4000244140625,349.0
2017-12-14 00:00:00+00:00,1252.9000244140625,1257.699951171875,1250.300048828125,1253.800048828125,139.0
2017-12-15 00:00:00+00:00,1253.0999755859375,1260.300048828125,1253.0999755859375,1254.300048828125,578.0
2017-12-18 00:00:00+00:00,1256.199951171875,1262.4000244140625,1255.699951171875,1262.199951171875,45.0
2017-12-19 00:00:00+00:00,1261.0999755859375,1264.300048828125,1259.5,1260.699951171875,329.0
2017-12-20 00:00:00+00:00,1261.300048828125,1266.5999755859375,1261.300048828125,1266.0999755859375,63.0
2017-12-21 00:00:00+00:00,1266.4000244140625,1267.4000244140625,1264.300048828125,1267.300048828125,226.0
2017-12-22 00:00:00+00:00,1266.300048828125,1276.300048828125,1266.300048828125,1275.4000244140625,119.0
2017-12-26 00:00:00+00:00,1282.4000244140625,1284.0999755859375,1281.800048828125,1284.0999755859375,84.0
2017-12-27 00:00:00+00:00,1284.0,1287.0,1284.0,1287.0,456.0
2017-12-28 00:00:00+00:00,1288.199951171875,1294.0999755859375,1288.199951171875,1294.0999755859375,245.0
2017-12-29 00:00:00+00:00,1294.199951171875,1306.300048828125,1294.0,1306.300048828125,65.0
2018-01-02 00:00:00+00:00,1302.300048828125,1317.5999755859375,1302.300048828125,1313.699951171875,68.0
2018-01-03 00:00:00+00:00,1320.0,1320.0999755859375,1312.0999755859375,1316.199951171875,42.0
2018-01-04 00:00:00+00:00,1319.4000244140625,1322.0,1319.4000244140625,1319.4000244140625,2.0
2018-01-05 00:00:00+00:00,1320.300048828125,1320.300048828125,1320.300048828125,1320.300048828125,1.0
2018-01-08 00:00:00+00:00,1319.9000244140625,1319.9000244140625,1314.5999755859375,1318.5999755859375,41.0
2018-01-09 00:00:00+00:00,1309.5999755859375,1311.699951171875,1309.5999755859375,1311.699951171875,16.0
2018-01-10 00:00:00+00:00,1320.300048828125,1320.699951171875,1315.300048828125,1317.4000244140625,70.0
2018-01-11 00:00:00+00:00,1317.0999755859375,1320.5999755859375,1316.300048828125,1320.5999755859375,9.0
2018-01-12 00:00:00+00:00,1327.800048828125,1338.199951171875,1327.800048828125,1333.4000244140625,14.0
2018-01-16 00:00:00+00:00,1331.0999755859375,1335.4000244140625,1331.0,1335.4000244140625,13.0
2018-01-17 00:00:00+00:00,1334.4000244140625,1338.0,1326.800048828125,1338.0,27.0
2018-01-18 00:00:00+00:00,1328.9000244140625,1328.9000244140625,1326.0,1326.0,211.0
2018-01-19 00:00:00+00:00,1330.0999755859375,1333.0,1330.0999755859375,1331.9000244140625,50.0
2018-01-22 00:00:00+00:00,1328.4000244140625,1330.9000244140625,1328.4000244140625,1330.9000244140625,162.0
2018-01-23 00:00:00+00:00,1335.800048828125,1335.9000244140625,1335.699951171875,1335.699951171875,47.0
2018-01-24 00:00:00+00:00,1355.9000244140625,1357.199951171875,1355.9000244140625,1355.9000244140625,18.0
2018-01-25 00:00:00+00:00,1356.300048828125,1362.4000244140625,1346.699951171875,1362.4000244140625,4.0
2018-01-26 00:00:00+00:00,1351.5999755859375,1352.0,1350.9000244140625,1351.5999755859375,280546.0
2018-01-30 00:00:00+00:00,1338.699951171875,1347.800048828125,1332.800048828125,1335.4000244140625,52100.0
2018-01-31 00:00:00+00:00,1337.5,1346.9000244140625,1331.800048828125,1339.0,4881.0
2018-02-01 00:00:00+00:00,1343.800048828125,1350.5999755859375,1336.800048828125,1344.300048828125,1680.0
2018-02-02 00:00:00+00:00,1348.5,1352.0999755859375,1327.699951171875,1333.699951171875,2841.0
2018-02-05 00:00:00+00:00,1331.0999755859375,1340.199951171875,1329.0,1333.0,641.0
2018-02-06 00:00:00+00:00,1338.199951171875,1343.699951171875,1319.5,1326.0999755859375,529.0
2018-02-07 00:00:00+00:00,1325.4000244140625,1331.0999755859375,1310.5,1311.5999755859375,491.0
2018-02-08 00:00:00+00:00,1317.0999755859375,1321.0999755859375,1307.0,1316.9000244140625,459.0
2018-02-09 00:00:00+00:00,1320.9000244140625,1322.0,1311.9000244140625,1313.0999755859375,451.0
2018-02-12 00:00:00+00:00,1323.800048828125,1325.5,1318.0,1324.199951171875,140.0
2018-02-13 00:00:00+00:00,1324.5,1329.5999755859375,1323.4000244140625,1328.0999755859375,71.0
2018-02-14 00:00:00+00:00,1332.800048828125,1355.5,1324.0,1355.5,400.0
2018-02-15 00:00:00+00:00,1352.0,1355.9000244140625,1349.699951171875,1352.0999755859375,111.0
2018-02-16 00:00:00+00:00,1354.0,1361.4000244140625,1344.9000244140625,1353.199951171875,110.0
2018-02-20 00:00:00+00:00,1348.4000244140625,1350.199951171875,1328.5,1328.800048828125,283.0
2018-02-21 00:00:00+00:00,1326.800048828125,1331.5,1324.4000244140625,1330.0,119.0
2018-02-22 00:00:00+00:00,1322.0,1331.4000244140625,1322.0,1330.5999755859375,70.0
2018-02-23 00:00:00+00:00,1328.0,1332.0999755859375,1327.699951171875,1328.199951171875,427.0
2018-02-26 00:00:00+00:00,1335.0,1340.5,1330.699951171875,1330.699951171875,652.0
2018-02-27 00:00:00+00:00,1331.699951171875,1332.5999755859375,1312.699951171875,1315.5,710.0
2018-02-28 00:00:00+00:00,1315.4000244140625,1321.0,1315.4000244140625,1315.5,58.0
2018-03-01 00:00:00+00:00,1310.4000244140625,1318.0999755859375,1301.800048828125,1302.9000244140625,43.0
2018-03-02 00:00:00+00:00,1314.300048828125,1323.199951171875,1314.300048828125,1321.0999755859375,155.0
2018-03-05 00:00:00+00:00,1323.5,1325.9000244140625,1318.0999755859375,1318.0999755859375,18.0
2018-03-06 00:00:00+00:00,1321.5999755859375,1333.5999755859375,1321.4000244140625,1333.5999755859375,18.0
2018-03-07 00:00:00+00:00,1338.0999755859375,1338.0999755859375,1326.0,1326.0,27.0
2018-03-08 00:00:00+00:00,1324.800048828125,1326.800048828125,1319.300048828125,1319.9000244140625,62.0
2018-03-09 00:00:00+00:00,1316.800048828125,1322.4000244140625,1313.0,1322.4000244140625,88.0
2018-03-12 00:00:00+00:00,1319.4000244140625,1319.4000244140625,1319.4000244140625,1319.4000244140625,0.0
2018-03-13 00:00:00+00:00,1325.9000244140625,1325.9000244140625,1325.300048828125,1325.9000244140625,13.0
2018-03-14 00:00:00+00:00,1322.199951171875,1324.4000244140625,1322.199951171875,1324.4000244140625,19.0
2018-03-15 00:00:00+00:00,1316.800048828125,1316.800048828125,1316.800048828125,1316.800048828125,0.0
2018-03-16 00:00:00+00:00,1310.0999755859375,1311.300048828125,1310.0999755859375,1311.300048828125,34.0
2018-03-19 00:00:00+00:00,1309.4000244140625,1316.9000244140625,1307.300048828125,1316.800048828125,6.0
2018-03-20 00:00:00+00:00,1311.0999755859375,1311.0999755859375,1311.0999755859375,1311.0999755859375,4.0
2018-03-21 00:00:00+00:00,1312.4000244140625,1328.800048828125,1312.4000244140625,1320.699951171875,34.0
2018-03-22 00:00:00+00:00,1326.5999755859375,1326.5999755859375,1326.5999755859375,1326.5999755859375,0.0
2018-03-23 00:00:00+00:00,1343.199951171875,1349.300048828125,1343.199951171875,1349.300048828125,8.0
2018-03-26 00:00:00+00:00,1348.5,1354.4000244140625,1345.0999755859375,1354.4000244140625,10.0
2018-03-27 00:00:00+00:00,1341.0,1341.300048828125,1341.0,1341.300048828125,290889.0
2018-03-28 00:00:00+00:00,1345.0,1346.4000244140625,1322.4000244140625,1324.199951171875,59284.0
2018-03-29 00:00:00+00:00,1324.0,1327.0999755859375,1321.699951171875,1322.800048828125,5585.0
2018-04-02 00:00:00+00:00,1327.0,1344.199951171875,1324.699951171875,1342.0999755859375,649.0
2018-04-03 00:00:00+00:00,1340.4000244140625,1341.5,1328.5,1332.800048828125,702.0
2018-04-04 00:00:00+00:00,1331.800048828125,1347.300048828125,1331.5999755859375,1335.800048828125,718.0
2018-04-05 00:00:00+00:00,1333.5,1333.699951171875,1322.5999755859375,1324.300048828125,258.0
2018-04-06 00:00:00+00:00,1326.5,1333.0,1319.0,1331.9000244140625,348.0
2018-04-09 00:00:00+00:00,1333.0,1337.5,1327.0,1336.300048828125,290.0
2018-04-10 00:00:00+00:00,1335.199951171875,1342.0,1333.0,1342.0,105.0
2018-04-11 00:00:00+00:00,1340.0999755859375,1365.4000244140625,1340.0999755859375,1356.5,118.0
2018-04-12 00:00:00+00:00,1351.199951171875,1351.5,1334.5999755859375,1338.4000244140625,34.0
2018-04-13 00:00:00+00:00,1335.9000244140625,1346.0,1335.9000244140625,1344.800048828125,67.0
2018-04-16 00:00:00+00:00,1341.0,1348.800048828125,1341.0,1347.5,60.0
2018-04-17 00:00:00+00:00,1348.0,1348.0999755859375,1339.0,1347.199951171875,409.0
2018-04-18 00:00:00+00:00,1343.5,1354.199951171875,1343.5,1351.199951171875,45.0
2018-04-19 00:00:00+00:00,1348.5999755859375,1355.199951171875,1341.5999755859375,1346.800048828125,387.0
2018-04-20 00:00:00+00:00,1342.5,1343.4000244140625,1335.300048828125,1336.699951171875,310.0
2018-04-23 00:00:00+00:00,1334.0,1334.4000244140625,1322.5,1322.5,68.0
2018-04-24 00:00:00+00:00,1326.4000244140625,1331.699951171875,1326.199951171875,1331.4000244140625,28.0
2018-04-25 00:00:00+00:00,1324.0,1325.0,1320.0,1321.199951171875,278.0
2018-04-26 00:00:00+00:00,1315.699951171875,1316.300048828125,1315.699951171875,1316.300048828125,569.0
2018-04-27 00:00:00+00:00,1315.300048828125,1321.699951171875,1312.800048828125,1320.300048828125,622.0
2018-04-30 00:00:00+00:00,1309.5999755859375,1316.199951171875,1309.5999755859375,1316.199951171875,49.0
2018-05-01 00:00:00+00:00,1313.199951171875,1313.800048828125,1303.4000244140625,1303.800048828125,28.0
2018-05-02 00:00:00+00:00,1309.0,1309.300048828125,1302.5999755859375,1302.5999755859375,23.0
2018-05-03 00:00:00+00:00,1310.699951171875,1310.699951171875,1310.699951171875,1310.699951171875,4.0
2018-05-04 00:00:00+00:00,1312.699951171875,1312.699951171875,1312.699951171875,1312.699951171875,0.0
2018-05-07 00:00:00+00:00,1310.5999755859375,1312.5,1310.199951171875,1312.199951171875,4.0
2018-05-08 00:00:00+00:00,1310.0999755859375,1312.0,1308.5,1312.0,337.0
2018-05-09 00:00:00+00:00,1311.300048828125,1311.300048828125,1311.300048828125,1311.300048828125,70.0
2018-05-10 00:00:00+00:00,1312.199951171875,1320.800048828125,1312.199951171875,1320.800048828125,8.0
2018-05-11 00:00:00+00:00,1319.0,1319.0,1319.0,1319.0,3.0
2018-05-14 00:00:00+00:00,1319.9000244140625,1319.9000244140625,1316.5,1316.5,4.0
2018-05-15 00:00:00+00:00,1304.5999755859375,1304.699951171875,1288.9000244140625,1288.9000244140625,8.0
2018-05-16 00:00:00+00:00,1290.9000244140625,1294.0,1285.4000244140625,1290.199951171875,26.0
2018-05-17 00:00:00+00:00,1291.300048828125,1291.300048828125,1288.199951171875,1288.199951171875,2.0
2018-05-18 00:00:00+00:00,1285.199951171875,1290.199951171875,1285.199951171875,1290.199951171875,2.0
2018-05-21 00:00:00+00:00,1287.4000244140625,1292.0999755859375,1287.4000244140625,1290.199951171875,52.0
2018-05-22 00:00:00+00:00,1291.699951171875,1291.699951171875,1291.699951171875,1291.699951171875,50.0
2018-05-23 00:00:00+00:00,1289.300048828125,1289.300048828125,1289.300048828125,1289.300048828125,10.0
2018-05-24 00:00:00+00:00,1303.699951171875,1303.699951171875,1303.699951171875,1303.699951171875,0.0
2018-05-25 00:00:00+00:00,1303.300048828125,1303.300048828125,1303.300048828125,1303.300048828125,1.0
2018-05-29 00:00:00+00:00,1298.699951171875,1298.699951171875,1298.699951171875,1298.699951171875,386334.0
2018-05-30 00:00:00+00:00,1298.0,1303.699951171875,1295.199951171875,1301.5,50845.0
2018-05-31 00:00:00+00:00,1301.0,1306.800048828125,1296.5999755859375,1300.0999755859375,4082.0
2018-06-01 00:00:00+00:00,1298.5999755859375,1299.5,1288.9000244140625,1294.800048828125,663.0
2018-06-04 00:00:00+00:00,1293.9000244140625,1297.0999755859375,1290.0,1293.0999755859375,144.0
2018-06-05 00:00:00+00:00,1292.0999755859375,1299.800048828125,1289.9000244140625,1297.5,357.0
2018-06-06 00:00:00+00:00,1296.0999755859375,1300.4000244140625,1294.0999755859375,1297.0999755859375,373.0
2018-06-07 00:00:00+00:00,1298.4000244140625,1302.800048828125,1296.199951171875,1298.699951171875,79.0
2018-06-08 00:00:00+00:00,1295.300048828125,1299.4000244140625,1294.800048828125,1298.0999755859375,650.0
2018-06-11 00:00:00+00:00,1299.300048828125,1302.0,1295.199951171875,1298.9000244140625,71.0
2018-06-12 00:00:00+00:00,1297.800048828125,1298.0999755859375,1292.699951171875,1295.0999755859375,153.0
2018-06-13 00:00:00+00:00,1294.0,1299.4000244140625,1290.9000244140625,1296.9000244140625,135.0
2018-06-14 00:00:00+00:00,1297.199951171875,1307.699951171875,1297.199951171875,1304.0,42.0
2018-06-15 00:00:00+00:00,1297.199951171875,1307.699951171875,1274.0,1274.5999755859375,589.0
2018-06-18 00:00:00+00:00,1280.699951171875,1280.699951171875,1276.199951171875,1276.199951171875,35.0
2018-06-19 00:00:00+00:00,1278.699951171875,1281.800048828125,1269.9000244140625,1275.5999755859375,34.0
2018-06-20 00:00:00+00:00,1274.4000244140625,1274.4000244140625,1271.199951171875,1271.199951171875,7.0
2018-06-21 00:00:00+00:00,1262.699951171875,1268.9000244140625,1260.0,1267.199951171875,46.0
2018-06-22 00:00:00+00:00,1268.0999755859375,1270.199951171875,1267.0,1267.4000244140625,74.0
2018-06-25 00:00:00+00:00,1270.5999755859375,1271.199951171875,1265.5999755859375,1265.5999755859375,37.0
2018-06-26 00:00:00+00:00,1267.199951171875,1267.199951171875,1256.5999755859375,1256.5999755859375,89.0
2018-06-27 00:00:00+00:00,1255.5,1255.5,1252.300048828125,1252.800048828125,1162.0
2018-06-28 00:00:00+00:00,1251.699951171875,1251.699951171875,1244.800048828125,1247.800048828125,378.0
2018-06-29 00:00:00+00:00,1250.300048828125,1253.300048828125,1249.0999755859375,1251.300048828125,48.0
2018-07-02 00:00:00+00:00,1249.9000244140625,1249.9000244140625,1239.800048828125,1239.800048828125,29.0
2018-07-03 00:00:00+00:00,1238.0999755859375,1254.0999755859375,1237.0,1251.5999755859375,36.0
2018-07-05 00:00:00+00:00,1255.5,1257.300048828125,1253.5999755859375,1257.300048828125,9.0
2018-07-06 00:00:00+00:00,1255.5,1255.5,1254.300048828125,1254.300048828125,7.0
2018-07-09 00:00:00+00:00,1258.199951171875,1262.300048828125,1257.699951171875,1258.0999755859375,37.0
2018-07-10 00:00:00+00:00,1256.199951171875,1256.9000244140625,1249.300048828125,1253.800048828125,65.0
2018-07-11 00:00:00+00:00,1253.199951171875,1253.199951171875,1242.800048828125,1242.800048828125,30.0
2018-07-12 00:00:00+00:00,1240.9000244140625,1246.699951171875,1240.9000244140625,1245.0,7.0
2018-07-13 00:00:00+00:00,1244.699951171875,1247.0,1239.5999755859375,1239.5999755859375,2.0
2018-07-16 00:00:00+00:00,1242.699951171875,1243.800048828125,1238.0999755859375,1238.0999755859375,2.0
2018-07-17 00:00:00+00:00,1225.699951171875,1225.699951171875,1225.699951171875,1225.699951171875,0.0
2018-07-18 00:00:00+00:00,1226.699951171875,1226.699951171875,1222.199951171875,1226.300048828125,67.0
2018-07-19 00:00:00+00:00,1227.199951171875,1228.0,1211.699951171875,1222.4000244140625,33.0
2018-07-20 00:00:00+00:00,1229.5,1229.5,1229.5,1229.5,0.0
2018-07-23 00:00:00+00:00,1222.0,1224.0,1222.0,1224.0,1.0
2018-07-24 00:00:00+00:00,1223.9000244140625,1223.9000244140625,1223.9000244140625,1223.9000244140625,0.0
2018-07-25 00:00:00+00:00,1231.4000244140625,1231.4000244140625,1231.4000244140625,1231.4000244140625,0.0
2018-07-26 00:00:00+00:00,1227.800048828125,1227.800048828125,1225.300048828125,1225.300048828125,1.0
2018-07-27 00:00:00+00:00,1222.5999755859375,1222.5999755859375,1222.5999755859375,1222.5999755859375,254428.0
2018-07-30 00:00:00+00:00,1222.5,1223.9000244140625,1218.0999755859375,1221.300048828125,62239.0
2018-07-31 00:00:00+00:00,1220.4000244140625,1228.0999755859375,1213.0,1223.699951171875,2722.0
2018-08-01 00:00:00+00:00,1222.9000244140625,1223.699951171875,1214.4000244140625,1217.9000244140625,1026.0
2018-08-02 00:00:00+00:00,1214.699951171875,1219.300048828125,1205.800048828125,1210.5999755859375,411.0
2018-08-03 00:00:00+00:00,1206.5,1218.5999755859375,1205.0999755859375,1214.199951171875,784.0
2018-08-06 00:00:00+00:00,1214.4000244140625,1214.4000244140625,1206.5999755859375,1208.5999755859375,297.0
2018-08-07 00:00:00+00:00,1207.800048828125,1214.800048828125,1207.800048828125,1209.5999755859375,715.0
2018-08-08 00:00:00+00:00,1212.0,1215.199951171875,1205.9000244140625,1212.5999755859375,209.0
2018-08-09 00:00:00+00:00,1214.5,1215.300048828125,1211.5999755859375,1211.9000244140625,44.0
2018-08-10 00:00:00+00:00,1212.5,1216.4000244140625,1205.5999755859375,1211.0999755859375,75.0
2018-08-13 00:00:00+00:00,1207.0,1207.4000244140625,1191.300048828125,1191.300048828125,78.0
2018-08-14 00:00:00+00:00,1193.0999755859375,1197.5,1192.800048828125,1193.0,92.0
2018-08-15 00:00:00+00:00,1187.800048828125,1188.0999755859375,1174.5999755859375,1177.5,71.0
2018-08-16 00:00:00+00:00,1173.199951171875,1180.199951171875,1161.4000244140625,1176.199951171875,123.0
2018-08-17 00:00:00+00:00,1174.699951171875,1181.199951171875,1174.699951171875,1176.5,66.0
2018-08-20 00:00:00+00:00,1184.800048828125,1190.0,1184.4000244140625,1186.800048828125,68.0
2018-08-21 00:00:00+00:00,1189.800048828125,1192.5999755859375,1189.800048828125,1192.5999755859375,22.0
2018-08-22 00:00:00+00:00,1194.699951171875,1196.300048828125,1194.699951171875,1196.300048828125,17.0
2018-08-23 00:00:00+00:00,1189.300048828125,1190.300048828125,1184.9000244140625,1187.0,95.0
2018-08-24 00:00:00+00:00,1185.300048828125,1208.0,1185.300048828125,1206.300048828125,12.0
2018-08-27 00:00:00+00:00,1210.300048828125,1211.4000244140625,1205.199951171875,1209.0,154.0
2018-08-28 00:00:00+00:00,1209.699951171875,1217.0,1202.300048828125,1207.4000244140625,136.0
2018-08-29 00:00:00+00:00,1205.199951171875,1205.199951171875,1202.4000244140625,1204.5,817.0
2018-08-30 00:00:00+00:00,1205.4000244140625,1205.5999755859375,1196.0,1197.699951171875,493.0
2018-08-31 00:00:00+00:00,1207.0999755859375,1208.199951171875,1199.0999755859375,1200.300048828125,191.0
2018-09-04 00:00:00+00:00,1193.800048828125,1193.800048828125,1189.9000244140625,1192.699951171875,26.0
2018-09-05 00:00:00+00:00,1192.5,1196.0,1192.5,1194.9000244140625,21.0
2018-09-06 00:00:00+00:00,1202.0,1202.0,1197.9000244140625,1197.9000244140625,7.0
2018-09-07 00:00:00+00:00,1198.300048828125,1198.300048828125,1193.0999755859375,1193.5999755859375,29.0
2018-09-10 00:00:00+00:00,1193.0,1193.0,1193.0,1193.0,11.0
2018-09-11 00:00:00+00:00,1190.4000244140625,1196.300048828125,1190.4000244140625,1195.4000244140625,21.0
2018-09-12 00:00:00+00:00,1205.0,1205.0,1204.699951171875,1204.699951171875,37.0
2018-09-13 00:00:00+00:00,1203.4000244140625,1203.4000244140625,1200.0,1202.0,22.0
2018-09-14 00:00:00+00:00,1195.0,1195.0,1195.0,1195.0,1.0
2018-09-17 00:00:00+00:00,1199.699951171875,1199.699951171875,1199.699951171875,1199.699951171875,0.0
2018-09-18 00:00:00+00:00,1198.699951171875,1198.699951171875,1196.800048828125,1196.800048828125,2.0
2018-09-19 00:00:00+00:00,1202.199951171875,1202.199951171875,1202.199951171875,1202.199951171875,0.0
2018-09-20 00:00:00+00:00,1206.199951171875,1206.199951171875,1206.199951171875,1206.199951171875,0.0
2018-09-21 00:00:00+00:00,1196.199951171875,1196.199951171875,1196.199951171875,1196.199951171875,0.0
2018-09-24 00:00:00+00:00,1199.300048828125,1199.300048828125,1199.300048828125,1199.300048828125,0.0
2018-09-25 00:00:00+00:00,1202.0999755859375,1202.800048828125,1200.0,1200.0,21.0
2018-09-26 00:00:00+00:00,1194.0,1194.0,1194.0,1194.0,17857.0
2018-09-27 00:00:00+00:00,1194.5999755859375,1197.300048828125,1180.5,1182.300048828125,4947.0
2018-09-28 00:00:00+00:00,1181.699951171875,1191.9000244140625,1180.0,1191.5,404.0
2018-10-01 00:00:00+00:00,1191.5999755859375,1191.5999755859375,1185.800048828125,1187.0999755859375,180.0
2018-10-02 00:00:00+00:00,1193.0,1206.0,1190.300048828125,1202.4000244140625,451.0
2018-10-03 00:00:00+00:00,1202.5999755859375,1202.5999755859375,1196.5999755859375,1198.300048828125,76.0
2018-10-04 00:00:00+00:00,1199.300048828125,1204.5999755859375,1197.199951171875,1197.199951171875,496.0
2018-10-05 00:00:00+00:00,1197.0999755859375,1205.300048828125,1196.9000244140625,1201.199951171875,34.0
2018-10-08 00:00:00+00:00,1201.0,1201.0,1183.699951171875,1184.4000244140625,250.0
2018-10-09 00:00:00+00:00,1185.5999755859375,1189.0999755859375,1185.5999755859375,1187.199951171875,9.0
2018-10-10 00:00:00+00:00,1189.300048828125,1192.0,1189.300048828125,1189.300048828125,1078.0
2018-10-11 00:00:00+00:00,1198.0999755859375,1224.5999755859375,1196.300048828125,1223.5,126.0
2018-10-12 00:00:00+00:00,1221.5999755859375,1221.5999755859375,1216.0,1218.0999755859375,122.0
2018-10-15 00:00:00+00:00,1222.4000244140625,1232.300048828125,1222.4000244140625,1226.4000244140625,136.0
2018-10-16 00:00:00+00:00,1227.0999755859375,1230.5,1227.0999755859375,1227.300048828125,426.0
2018-10-17 00:00:00+00:00,1225.9000244140625,1225.9000244140625,1223.699951171875,1223.699951171875,1.0
2018-10-18 00:00:00+00:00,1226.5,1226.5,1226.5,1226.5,165.0
2018-10-19 00:00:00+00:00,1225.300048828125,1225.300048828125,1225.300048828125,1225.300048828125,55.0
2018-10-22 00:00:00+00:00,1224.5,1224.5,1219.5999755859375,1221.199951171875,18.0
2018-10-23 00:00:00+00:00,1224.800048828125,1237.800048828125,1224.800048828125,1233.4000244140625,33.0
2018-10-24 00:00:00+00:00,1231.5999755859375,1231.5999755859375,1227.800048828125,1227.800048828125,36.0
2018-10-25 00:00:00+00:00,1238.5999755859375,1238.5999755859375,1229.0999755859375,1229.0999755859375,7.0
2018-10-26 00:00:00+00:00,1234.300048828125,1234.800048828125,1232.5,1232.5,20.0
2018-10-29 00:00:00+00:00,1224.5,1224.5,1224.5,1224.5,214.0
2018-10-30 00:00:00+00:00,1227.699951171875,1227.699951171875,1219.800048828125,1222.5999755859375,72.0
2018-10-31 00:00:00+00:00,1216.0,1216.5999755859375,1212.0,1212.300048828125,121.0
2018-11-01 00:00:00+00:00,1215.4000244140625,1236.0,1215.4000244140625,1236.0,14.0
2018-11-02 00:00:00+00:00,1233.300048828125,1233.300048828125,1230.9000244140625,1230.9000244140625,18.0
2018-11-05 00:00:00+00:00,1230.5999755859375,1231.5,1226.699951171875,1229.800048828125,15.0
2018-11-06 00:00:00+00:00,1230.699951171875,1233.800048828125,1223.800048828125,1223.800048828125,4.0
2018-11-07 00:00:00+00:00,1228.5999755859375,1228.5999755859375,1226.199951171875,1226.199951171875,1.0
2018-11-08 00:00:00+00:00,1222.9000244140625,1222.9000244140625,1222.9000244140625,1222.9000244140625,2.0
2018-11-09 00:00:00+00:00,1207.9000244140625,1207.9000244140625,1206.4000244140625,1206.4000244140625,14.0
2018-11-12 00:00:00+00:00,1201.5999755859375,1201.5999755859375,1201.300048828125,1201.300048828125,1.0
2018-11-13 00:00:00+00:00,1196.300048828125,1201.300048828125,1196.300048828125,1199.199951171875,5.0
2018-11-14 00:00:00+00:00,1207.9000244140625,1207.9000244140625,1207.9000244140625,1207.9000244140625,0.0
2018-11-15 00:00:00+00:00,1212.800048828125,1212.800048828125,1212.800048828125,1212.800048828125,0.0
2018-11-16 00:00:00+00:00,1216.699951171875,1223.800048828125,1216.699951171875,1220.800048828125,5.0
2018-11-19 00:00:00+00:00,1223.0999755859375,1223.0999755859375,1223.0999755859375,1223.0999755859375,0.0
2018-11-20 00:00:00+00:00,1225.300048828125,1228.800048828125,1219.0,1219.0,12.0
2018-11-21 00:00:00+00:00,1225.800048828125,1225.800048828125,1225.800048828125,1225.800048828125,0.0
2018-11-23 00:00:00+00:00,1224.800048828125,1224.800048828125,1221.0,1221.0,1.0
2018-11-26 00:00:00+00:00,1220.199951171875,1222.0,1220.199951171875,1220.199951171875,2.0
2018-11-27 00:00:00+00:00,1221.9000244140625,1222.0,1211.199951171875,1211.199951171875,5.0
2018-11-28 00:00:00+00:00,1211.5,1221.4000244140625,1211.5,1221.4000244140625,247168.0
2018-11-29 00:00:00+00:00,1221.0,1228.699951171875,1220.5,1224.0999755859375,55478.0
2018-11-30 00:00:00+00:00,1224.0999755859375,1225.0,1216.0999755859375,1220.199951171875,2060.0
2018-12-03 00:00:00+00:00,1222.5,1234.0999755859375,1221.300048828125,1233.9000244140625,751.0
2018-12-04 00:00:00+00:00,1231.0,1241.4000244140625,1230.4000244140625,1241.0999755859375,474.0
2018-12-06 00:00:00+00:00,1237.5,1244.4000244140625,1234.800048828125,1238.0999755859375,434.0
2018-12-07 00:00:00+00:00,1238.300048828125,1249.800048828125,1237.5999755859375,1246.800048828125,211.0
2018-12-10 00:00:00+00:00,1249.5999755859375,1249.5999755859375,1241.699951171875,1243.699951171875,131.0
2018-12-11 00:00:00+00:00,1245.800048828125,1248.699951171875,1241.5,1241.9000244140625,117.0
2018-12-12 00:00:00+00:00,1245.300048828125,1245.5999755859375,1244.0999755859375,1244.4000244140625,84.0
2018-12-13 00:00:00+00:00,1243.5,1243.5,1241.0,1242.699951171875,194.0
2018-12-14 00:00:00+00:00,1241.699951171875,1241.699951171875,1234.0999755859375,1237.0,33.0
2018-12-17 00:00:00+00:00,1239.300048828125,1247.4000244140625,1239.300048828125,1247.4000244140625,10.0
2018-12-18 00:00:00+00:00,1248.199951171875,1249.199951171875,1245.5999755859375,1249.199951171875,31.0
2018-12-19 00:00:00+00:00,1255.800048828125,1255.800048828125,1252.0999755859375,1252.0999755859375,268.0
2018-12-20 00:00:00+00:00,1243.199951171875,1263.5999755859375,1243.199951171875,1263.5999755859375,49.0
2018-12-21 00:00:00+00:00,1260.300048828125,1261.300048828125,1253.800048828125,1253.800048828125,96.0
2018-12-24 00:00:00+00:00,1260.300048828125,1268.5,1260.300048828125,1267.5,27.0
2018-12-26 00:00:00+00:00,1269.300048828125,1277.4000244140625,1269.199951171875,1269.199951171875,63.0
2018-12-27 00:00:00+00:00,1276.699951171875,1277.300048828125,1276.699951171875,1277.300048828125,480.0
2018-12-28 00:00:00+00:00,1273.5,1280.0999755859375,1273.5,1279.9000244140625,805.0
2018-12-31 00:00:00+00:00,1278.0,1281.300048828125,1277.5999755859375,1278.300048828125,19.0
2019-01-02 00:00:00+00:00,1286.0,1286.0,1277.5999755859375,1281.0,149.0
2019-01-03 00:00:00+00:00,1286.800048828125,1292.0,1286.699951171875,1291.800048828125,10.0
2019-01-04 00:00:00+00:00,1294.199951171875,1294.199951171875,1275.300048828125,1282.699951171875,34.0
2019-01-07 00:00:00+00:00,1286.800048828125,1286.800048828125,1286.5999755859375,1286.800048828125,2.0
2019-01-08 00:00:00+00:00,1280.5,1283.199951171875,1278.199951171875,1283.199951171875,54.0
2019-01-09 00:00:00+00:00,1279.4000244140625,1289.300048828125,1279.199951171875,1289.300048828125,102.0
2019-01-10 00:00:00+00:00,1284.699951171875,1284.699951171875,1284.699951171875,1284.699951171875,0.0
2019-01-11 00:00:00+00:00,1291.199951171875,1291.199951171875,1286.300048828125,1287.0999755859375,11.0
2019-01-14 00:00:00+00:00,1292.4000244140625,1293.9000244140625,1289.0999755859375,1289.0999755859375,7.0
2019-01-15 00:00:00+00:00,1290.0999755859375,1292.699951171875,1286.199951171875,1286.199951171875,3.0
2019-01-16 00:00:00+00:00,1291.5999755859375,1291.5999755859375,1291.5999755859375,1291.5999755859375,2.0
2019-01-17 00:00:00+00:00,1291.5999755859375,1292.699951171875,1288.5,1291.0,10.0
2019-01-18 00:00:00+00:00,1281.300048828125,1281.300048828125,1281.300048828125,1281.300048828125,3.0
2019-01-22 00:00:00+00:00,1282.5,1283.300048828125,1282.5,1282.5,7.0
2019-01-23 00:00:00+00:00,1281.699951171875,1283.9000244140625,1278.699951171875,1283.0999755859375,14.0
2019-01-24 00:00:00+00:00,1279.0999755859375,1279.0999755859375,1278.5,1279.0999755859375,1.0
2019-01-25 00:00:00+00:00,1297.4000244140625,1297.4000244140625,1297.4000244140625,1297.4000244140625,0.0
2019-01-28 00:00:00+00:00,1300.800048828125,1307.0999755859375,1298.4000244140625,1302.4000244140625,54.0
2019-01-29 00:00:00+00:00,1308.199951171875,1308.199951171875,1308.199951171875,1308.199951171875,213607.0
2019-01-30 00:00:00+00:00,1310.4000244140625,1323.4000244140625,1308.0999755859375,1309.9000244140625,54958.0
2019-01-31 00:00:00+00:00,1320.0,1325.4000244140625,1316.699951171875,1319.699951171875,1970.0
2019-02-01 00:00:00+00:00,1320.300048828125,1320.699951171875,1315.4000244140625,1316.9000244140625,878.0
2019-02-04 00:00:00+00:00,1318.0999755859375,1318.0999755859375,1308.300048828125,1314.300048828125,675.0
2019-02-05 00:00:00+00:00,1311.0999755859375,1315.0999755859375,1311.0,1314.199951171875,362.0
2019-02-06 00:00:00+00:00,1312.5,1313.5,1305.0,1309.5,358.0
2019-02-07 00:00:00+00:00,1302.9000244140625,1310.4000244140625,1302.199951171875,1309.4000244140625,203.0
2019-02-08 00:00:00+00:00,1309.5,1314.0,1307.800048828125,1313.699951171875,122.0
2019-02-11 00:00:00+00:00,1313.4000244140625,1313.4000244140625,1304.699951171875,1307.0,119.0
2019-02-12 00:00:00+00:00,1310.0,1312.0,1307.5999755859375,1309.199951171875,109.0
2019-02-13 00:00:00+00:00,1311.5999755859375,1316.0,1308.0999755859375,1310.800048828125,143.0
2019-02-14 00:00:00+00:00,1305.0,1311.800048828125,1301.5999755859375,1309.800048828125,858.0
2019-02-15 00:00:00+00:00,1313.5999755859375,1318.800048828125,1313.5999755859375,1318.0999755859375,190.0
2019-02-19 00:00:00+00:00,1320.9000244140625,1340.0999755859375,1320.5,1340.0999755859375,390.0
2019-02-20 00:00:00+00:00,1342.199951171875,1344.0,1338.0,1343.300048828125,581.0
2019-02-21 00:00:00+00:00,1331.300048828125,1334.9000244140625,1320.9000244140625,1323.5,414.0
2019-02-22 00:00:00+00:00,1324.199951171875,1331.300048828125,1321.0,1329.199951171875,718.0
2019-02-25 00:00:00+00:00,1329.199951171875,1331.5999755859375,1325.5999755859375,1325.9000244140625,185.0
2019-02-26 00:00:00+00:00,1323.300048828125,1325.5,1323.300048828125,1325.0999755859375,939.0
2019-02-27 00:00:00+00:00,1327.699951171875,1327.9000244140625,1316.5,1317.699951171875,604.0
2019-02-28 00:00:00+00:00,1321.0999755859375,1323.699951171875,1311.5,1312.800048828125,141.0
2019-03-01 00:00:00+00:00,1312.199951171875,1312.199951171875,1288.9000244140625,1296.4000244140625,110.0
2019-03-04 00:00:00+00:00,1285.5,1287.0,1281.9000244140625,1284.800048828125,28.0
2019-03-05 00:00:00+00:00,1287.0,1287.0,1282.0,1282.0,114.0
2019-03-06 00:00:00+00:00,1287.0999755859375,1287.0999755859375,1282.5999755859375,1284.9000244140625,14.0
2019-03-07 00:00:00+00:00,1281.0,1284.5999755859375,1281.0,1283.800048828125,11.0
2019-03-08 00:00:00+00:00,1292.0999755859375,1297.4000244140625,1291.5999755859375,1297.0,10.0
2019-03-11 00:00:00+00:00,1291.0,1291.0,1288.800048828125,1288.800048828125,9.0
2019-03-12 00:00:00+00:00,1294.699951171875,1296.300048828125,1294.699951171875,1296.300048828125,1.0
2019-03-13 00:00:00+00:00,1307.5,1307.5,1307.5,1307.5,0.0
2019-03-14 00:00:00+00:00,1293.4000244140625,1293.4000244140625,1293.4000244140625,1293.4000244140625,1.0
2019-03-15 00:00:00+00:00,1300.9000244140625,1304.699951171875,1300.5,1301.800048828125,26.0
2019-03-18 00:00:00+00:00,1297.300048828125,1302.199951171875,1297.300048828125,1300.300048828125,8.0
2019-03-19 00:00:00+00:00,1306.9000244140625,1306.9000244140625,1304.800048828125,1305.0,20.0
2019-03-20 00:00:00+00:00,1300.699951171875,1300.699951171875,1300.5,1300.5,2.0
2019-03-21 00:00:00+00:00,1306.0999755859375,1306.0999755859375,1306.0999755859375,1306.0999755859375,0.0
2019-03-22 00:00:00+00:00,1311.5999755859375,1311.5999755859375,1311.5999755859375,1311.5999755859375,0.0
2019-03-25 00:00:00+00:00,1320.699951171875,1322.9000244140625,1320.699951171875,1321.9000244140625,19.0
2019-03-26 00:00:00+00:00,1315.5999755859375,1315.5999755859375,1314.300048828125,1314.300048828125,1.0
2019-03-27 00:00:00+00:00,1309.9000244140625,1309.9000244140625,1309.9000244140625,1309.9000244140625,206263.0
2019-03-28 00:00:00+00:00,1308.4000244140625,1311.0999755859375,1287.699951171875,1289.800048828125,87798.0
2019-03-29 00:00:00+00:00,1289.5999755859375,1298.5,1286.0999755859375,1293.0,1265.0
2019-04-01 00:00:00+00:00,1291.800048828125,1295.9000244140625,1285.699951171875,1288.4000244140625,675.0
2019-04-02 00:00:00+00:00,1286.300048828125,1290.9000244140625,1284.5,1290.0,525.0
2019-04-03 00:00:00+00:00,1291.4000244140625,1293.0999755859375,1287.5,1289.9000244140625,172.0
2019-04-04 00:00:00+00:00,1290.5999755859375,1292.5999755859375,1279.5,1289.0,269.0
2019-04-05 00:00:00+00:00,1292.0,1292.0,1283.5999755859375,1290.4000244140625,181.0
2019-04-08 00:00:00+00:00,1292.199951171875,1302.0999755859375,1291.800048828125,1297.0999755859375,63.0
2019-04-09 00:00:00+00:00,1298.5,1304.9000244140625,1298.5,1303.5,30.0
2019-04-10 00:00:00+00:00,1304.0,1309.0999755859375,1301.5,1309.0999755859375,66.0
2019-04-11 00:00:00+00:00,1307.0,1307.0999755859375,1288.5999755859375,1288.5999755859375,420.0
2019-04-12 00:00:00+00:00,1293.4000244140625,1293.4000244140625,1289.199951171875,1290.5999755859375,607.0
2019-04-15 00:00:00+00:00,1284.800048828125,1287.300048828125,1282.300048828125,1286.800048828125,523.0
2019-04-16 00:00:00+00:00,1285.199951171875,1285.199951171875,1272.199951171875,1272.5999755859375,643.0
2019-04-17 00:00:00+00:00,1273.5,1273.5,1271.5999755859375,1272.199951171875,308.0
2019-04-18 00:00:00+00:00,1270.800048828125,1273.5999755859375,1270.0999755859375,1271.9000244140625,27.0
2019-04-22 00:00:00+00:00,1273.5,1273.5,1273.5,1273.5,147.0
2019-04-23 00:00:00+00:00,1266.4000244140625,1269.800048828125,1266.0,1269.300048828125,206.0
2019-04-24 00:00:00+00:00,1268.4000244140625,1275.5,1267.800048828125,1275.5,518.0
2019-04-25 00:00:00+00:00,1280.5999755859375,1280.800048828125,1275.800048828125,1275.800048828125,95.0
2019-04-26 00:00:00+00:00,1284.9000244140625,1284.9000244140625,1284.9000244140625,1284.9000244140625,804.0
2019-04-29 00:00:00+00:00,1284.800048828125,1284.9000244140625,1277.0999755859375,1278.5999755859375,568.0
2019-04-30 00:00:00+00:00,1281.699951171875,1283.300048828125,1280.800048828125,1282.800048828125,114.0
2019-05-01 00:00:00+00:00,1278.699951171875,1283.300048828125,1278.699951171875,1281.4000244140625,70.0
2019-05-02 00:00:00+00:00,1269.199951171875,1270.800048828125,1266.5999755859375,1269.699951171875,63.0
2019-05-03 00:00:00+00:00,1270.0999755859375,1279.199951171875,1270.0999755859375,1279.199951171875,15.0
2019-05-06 00:00:00+00:00,1282.199951171875,1282.199951171875,1280.300048828125,1281.699951171875,12.0
2019-05-07 00:00:00+00:00,1280.5,1283.5,1280.5,1283.5,8.0
2019-05-08 00:00:00+00:00,1279.4000244140625,1279.4000244140625,1279.4000244140625,1279.4000244140625,5.0
2019-05-09 00:00:00+00:00,1278.9000244140625,1285.0,1278.800048828125,1283.5,38.0
2019-05-10 00:00:00+00:00,1285.4000244140625,1286.5,1283.300048828125,1285.699951171875,6.0
2019-05-13 00:00:00+00:00,1286.699951171875,1300.0999755859375,1281.800048828125,1300.0999755859375,56.0
2019-05-14 00:00:00+00:00,1297.800048828125,1297.800048828125,1294.699951171875,1294.699951171875,6.0
2019-05-15 00:00:00+00:00,1296.9000244140625,1296.9000244140625,1296.0,1296.300048828125,55.0
2019-05-16 00:00:00+00:00,1285.199951171875,1285.4000244140625,1285.0,1285.0,3.0
2019-05-17 00:00:00+00:00,1280.0,1280.0,1274.5,1274.5,1.0
2019-05-20 00:00:00+00:00,1276.0999755859375,1276.0999755859375,1276.0999755859375,1276.0999755859375,20.0
2019-05-21 00:00:00+00:00,1272.0,1272.0,1272.0,1272.0,0.0
2019-05-22 00:00:00+00:00,1273.5999755859375,1273.5999755859375,1273.5999755859375,1273.5999755859375,0.0
2019-05-23 00:00:00+00:00,1284.800048828125,1284.800048828125,1284.800048828125,1284.800048828125,0.0
2019-05-24 00:00:00+00:00,1283.0,1283.0,1283.0,1283.0,9.0
2019-05-28 00:00:00+00:00,1276.5,1276.5,1276.5,1276.5,0.0
2019-05-29 00:00:00+00:00,1280.5999755859375,1280.5999755859375,1280.5999755859375,1280.5999755859375,189694.0
2019-05-30 00:00:00+00:00,1279.4000244140625,1288.300048828125,1273.9000244140625,1287.0999755859375,55573.0
2019-05-31 00:00:00+00:00,1287.699951171875,1306.4000244140625,1287.5,1305.800048828125,2814.0
2019-06-03 00:00:00+00:00,1307.0,1327.800048828125,1307.0,1322.699951171875,812.0
2019-06-04 00:00:00+00:00,1324.300048828125,1328.5999755859375,1320.800048828125,1323.4000244140625,302.0
2019-06-05 00:00:00+00:00,1328.9000244140625,1343.300048828125,1326.300048828125,1328.300048828125,622.0
2019-06-06 00:00:00+00:00,1330.800048828125,1338.699951171875,1326.199951171875,1337.5999755859375,161.0
2019-06-07 00:00:00+00:00,1333.0999755859375,1347.699951171875,1329.800048828125,1341.199951171875,240.0
2019-06-10 00:00:00+00:00,1335.800048828125,1336.5,1324.0999755859375,1324.699951171875,268.0
2019-06-11 00:00:00+00:00,1328.4000244140625,1328.4000244140625,1319.0999755859375,1326.4000244140625,201.0
2019-06-12 00:00:00+00:00,1326.9000244140625,1334.5,1326.9000244140625,1331.9000244140625,139.0
2019-06-13 00:00:00+00:00,1331.5999755859375,1341.0999755859375,1331.5999755859375,1339.199951171875,157.0
2019-06-14 00:00:00+00:00,1345.4000244140625,1355.4000244140625,1339.300048828125,1340.0999755859375,914.0
2019-06-17 00:00:00+00:00,1339.0,1340.300048828125,1335.0,1338.699951171875,76.0
2019-06-18 00:00:00+00:00,1349.300048828125,1349.300048828125,1341.5999755859375,1346.5999755859375,29.0
2019-06-19 00:00:00+00:00,1344.0,1344.5999755859375,1344.0,1344.5999755859375,129.0
2019-06-20 00:00:00+00:00,1381.5,1392.9000244140625,1379.5,1392.9000244140625,76.0
2019-06-21 00:00:00+00:00,1406.0,1406.0,1390.300048828125,1396.199951171875,35.0
2019-06-24 00:00:00+00:00,1406.0,1420.5999755859375,1402.0999755859375,1414.300048828125,125.0
2019-06-25 00:00:00+00:00,1418.0999755859375,1433.300048828125,1414.9000244140625,1414.9000244140625,105.0
2019-06-26 00:00:00+00:00,1407.199951171875,1413.300048828125,1405.800048828125,1411.5999755859375,1333.0
2019-06-27 00:00:00+00:00,1407.0,1410.800048828125,1399.800048828125,1408.4000244140625,437.0
2019-06-28 00:00:00+00:00,1408.300048828125,1422.0,1408.300048828125,1409.699951171875,356.0
2019-07-01 00:00:00+00:00,1386.5999755859375,1395.800048828125,1382.800048828125,1385.5999755859375,214.0
2019-07-02 00:00:00+00:00,1391.0999755859375,1418.4000244140625,1390.800048828125,1404.5999755859375,38.0
2019-07-03 00:00:00+00:00,1431.0,1434.0,1413.0999755859375,1417.699951171875,46.0
2019-07-05 00:00:00+00:00,1418.300048828125,1418.300048828125,1390.199951171875,1396.699951171875,20.0
2019-07-08 00:00:00+00:00,1395.9000244140625,1397.0,1393.5999755859375,1397.0,14.0
2019-07-09 00:00:00+00:00,1394.5,1397.5,1386.199951171875,1397.5,53.0
2019-07-10 00:00:00+00:00,1409.9000244140625,1410.0999755859375,1409.9000244140625,1410.0999755859375,50.0
2019-07-11 00:00:00+00:00,1424.0,1424.0,1404.300048828125,1404.300048828125,6.0
2019-07-12 00:00:00+00:00,1405.5999755859375,1410.0999755859375,1405.5999755859375,1409.9000244140625,8.0
2019-07-15 00:00:00+00:00,1414.4000244140625,1415.0,1411.4000244140625,1411.4000244140625,25.0
2019-07-16 00:00:00+00:00,1413.5999755859375,1413.699951171875,1405.0,1409.199951171875,13.0
2019-07-17 00:00:00+00:00,1404.5999755859375,1421.300048828125,1404.5999755859375,1421.300048828125,6.0
2019-07-18 00:00:00+00:00,1422.300048828125,1444.199951171875,1419.5,1426.0999755859375,66.0
2019-07-19 00:00:00+00:00,1440.5,1442.0,1425.0999755859375,1425.0999755859375,22.0
2019-07-22 00:00:00+00:00,1425.300048828125,1425.300048828125,1424.0,1425.300048828125,1.0
2019-07-23 00:00:00+00:00,1418.5999755859375,1421.300048828125,1416.300048828125,1420.0999755859375,5.0
2019-07-24 00:00:00+00:00,1422.800048828125,1422.800048828125,1422.800048828125,1422.800048828125,20.0
2019-07-25 00:00:00+00:00,1413.9000244140625,1413.9000244140625,1413.9000244140625,1413.9000244140625,4.0
2019-07-26 00:00:00+00:00,1422.800048828125,1423.0,1418.5,1418.5,5.0
2019-07-29 00:00:00+00:00,1419.5999755859375,1419.5999755859375,1419.5999755859375,1419.5999755859375,224267.0
2019-07-30 00:00:00+00:00,1426.300048828125,1433.9000244140625,1422.0999755859375,1429.699951171875,73874.0
2019-07-31 00:00:00+00:00,1431.300048828125,1435.800048828125,1411.199951171875,1426.0999755859375,3294.0
2019-08-01 00:00:00+00:00,1411.300048828125,1445.199951171875,1400.9000244140625,1420.9000244140625,2431.0
2019-08-02 00:00:00+00:00,1448.0,1448.0,1432.300048828125,1445.5999755859375,1873.0
2019-08-05 00:00:00+00:00,1440.4000244140625,1469.699951171875,1440.4000244140625,1464.5999755859375,1008.0
2019-08-06 00:00:00+00:00,1469.699951171875,1475.0,1457.699951171875,1472.4000244140625,460.0
2019-08-07 00:00:00+00:00,1473.5,1509.9000244140625,1473.199951171875,1507.300048828125,824.0
2019-08-08 00:00:00+00:00,1498.4000244140625,1508.5,1492.0,1497.699951171875,367.0
2019-08-09 00:00:00+00:00,1506.199951171875,1507.5,1495.5999755859375,1496.5999755859375,74.0
2019-08-12 00:00:00+00:00,1496.0,1514.9000244140625,1488.0999755859375,1505.300048828125,257.0
2019-08-13 00:00:00+00:00,1510.4000244140625,1531.4000244140625,1483.699951171875,1502.199951171875,672.0
2019-08-14 00:00:00+00:00,1500.0,1520.5,1497.0,1515.9000244140625,328.0
2019-08-15 00:00:00+00:00,1519.800048828125,1522.699951171875,1510.5999755859375,1519.5999755859375,87.0
2019-08-16 00:00:00+00:00,1524.5999755859375,1524.5999755859375,1504.699951171875,1512.5,1815.0
2019-08-19 00:00:00+00:00,1507.199951171875,1507.5999755859375,1492.9000244140625,1500.4000244140625,205.0
2019-08-20 00:00:00+00:00,1497.5,1506.0999755859375,1497.5,1504.5999755859375,486.0
2019-08-21 00:00:00+00:00,1504.9000244140625,1505.0,1498.800048828125,1504.5999755859375,350.0
2019-08-22 00:00:00+00:00,1495.0999755859375,1497.300048828125,1493.800048828125,1497.300048828125,686.0
2019-08-23 00:00:00+00:00,1493.5,1527.5999755859375,1493.5,1526.5999755859375,983.0
2019-08-26 00:00:00+00:00,1543.199951171875,1543.300048828125,1524.300048828125,1526.300048828125,334.0
2019-08-27 00:00:00+00:00,1530.5,1542.0999755859375,1528.5,1541.0,166.0
2019-08-28 00:00:00+00:00,1538.0999755859375,1538.0999755859375,1537.800048828125,1537.800048828125,2756.0
2019-08-29 00:00:00+00:00,1537.5,1549.300048828125,1519.5999755859375,1526.5,704.0
2019-08-30 00:00:00+00:00,1524.5999755859375,1530.4000244140625,1516.699951171875,1519.0999755859375,276.0
2019-09-03 00:00:00+00:00,1522.9000244140625,1547.300048828125,1521.0,1545.9000244140625,139.0
2019-09-04 00:00:00+00:00,1549.0,1553.199951171875,1534.800048828125,1550.300048828125,46.0
2019-09-05 00:00:00+00:00,1551.0,1551.0999755859375,1511.0999755859375,1515.4000244140625,125.0
2019-09-06 00:00:00+00:00,1517.300048828125,1526.0,1504.5,1506.199951171875,54.0
2019-09-09 00:00:00+00:00,1509.0,1513.0,1498.0,1502.199951171875,69.0
2019-09-10 00:00:00+00:00,1498.5,1498.5,1486.9000244140625,1490.300048828125,23.0
2019-09-11 00:00:00+00:00,1491.699951171875,1496.5999755859375,1490.199951171875,1494.4000244140625,8.0
2019-09-12 00:00:00+00:00,1499.5,1515.4000244140625,1498.699951171875,1498.699951171875,27.0
2019-09-13 00:00:00+00:00,1490.9000244140625,1490.9000244140625,1486.9000244140625,1490.9000244140625,1.0
2019-09-16 00:00:00+00:00,1506.5999755859375,1506.800048828125,1496.9000244140625,1503.0999755859375,21.0
2019-09-17 00:00:00+00:00,1497.9000244140625,1505.0999755859375,1497.9000244140625,1505.0999755859375,3.0
2019-09-18 00:00:00+00:00,1508.9000244140625,1509.4000244140625,1489.300048828125,1507.5,8.0
2019-09-19 00:00:00+00:00,1496.0999755859375,1502.4000244140625,1496.0999755859375,1498.4000244140625,10.0
2019-09-20 00:00:00+00:00,1503.0,1507.300048828125,1503.0,1507.300048828125,2.0
2019-09-23 00:00:00+00:00,1515.5,1523.699951171875,1515.5,1523.699951171875,5.0
2019-09-24 00:00:00+00:00,1515.0999755859375,1533.0,1515.0999755859375,1532.0999755859375,25.0
2019-09-25 00:00:00+00:00,1527.5999755859375,1527.9000244140625,1504.5999755859375,1504.5999755859375,25.0
2019-09-26 00:00:00+00:00,1507.5,1507.5,1507.5,1507.5,8178.0
2019-09-27 00:00:00+00:00,1504.199951171875,1506.0999755859375,1485.5999755859375,1499.0999755859375,7827.0
2019-09-30 00:00:00+00:00,1495.9000244140625,1495.9000244140625,1463.5,1465.699951171875,1078.0
2019-10-01 00:00:00+00:00,1468.699951171875,1485.5,1458.300048828125,1482.0,219.0
2019-10-02 00:00:00+00:00,1476.5999755859375,1503.699951171875,1474.0999755859375,1501.0,205.0
2019-10-03 00:00:00+00:00,1497.4000244140625,1518.199951171875,1496.5999755859375,1507.0999755859375,1213.0
2019-10-04 00:00:00+00:00,1505.5999755859375,1508.699951171875,1497.0999755859375,1506.199951171875,233.0
2019-10-07 00:00:00+00:00,1504.800048828125,1505.800048828125,1489.0999755859375,1497.699951171875,121.0
2019-10-08 00:00:00+00:00,1489.4000244140625,1506.300048828125,1489.300048828125,1497.199951171875,46.0
2019-10-09 00:00:00+00:00,1507.699951171875,1507.699951171875,1498.4000244140625,1506.0999755859375,120.0
2019-10-10 00:00:00+00:00,1511.199951171875,1511.199951171875,1490.5999755859375,1494.800048828125,78.0
2019-10-11 00:00:00+00:00,1491.9000244140625,1494.9000244140625,1476.9000244140625,1482.699951171875,57.0
2019-10-14 00:00:00+00:00,1484.4000244140625,1493.5,1481.300048828125,1491.699951171875,400.0
2019-10-15 00:00:00+00:00,1488.9000244140625,1495.4000244140625,1476.5999755859375,1477.5999755859375,367.0
2019-10-16 00:00:00+00:00,1482.0,1488.0,1480.0,1488.0,383.0
2019-10-17 00:00:00+00:00,1486.199951171875,1493.199951171875,1485.800048828125,1492.300048828125,271.0
2019-10-18 00:00:00+00:00,1487.300048828125,1489.0999755859375,1486.5999755859375,1488.199951171875,82.0
2019-10-21 00:00:00+00:00,1489.9000244140625,1489.9000244140625,1481.5,1482.4000244140625,72.0
2019-10-22 00:00:00+00:00,1483.4000244140625,1483.5,1481.699951171875,1481.699951171875,99.0
2019-10-23 00:00:00+00:00,1486.4000244140625,1490.300048828125,1486.4000244140625,1489.9000244140625,67.0
2019-10-24 00:00:00+00:00,1490.5,1501.199951171875,1485.9000244140625,1498.9000244140625,115.0
2019-10-25 00:00:00+00:00,1501.4000244140625,1514.300048828125,1499.0,1499.5,93.0
2019-10-28 00:00:00+00:00,1504.0999755859375,1504.0999755859375,1490.0,1490.0,37.0
2019-10-29 00:00:00+00:00,1485.9000244140625,1487.0,1485.9000244140625,1487.0,425.0
2019-10-30 00:00:00+00:00,1487.199951171875,1495.4000244140625,1481.0,1493.199951171875,320.0
2019-10-31 00:00:00+00:00,1496.0999755859375,1513.0999755859375,1496.0999755859375,1511.4000244140625,210.0
2019-11-01 00:00:00+00:00,1511.0,1511.5999755859375,1503.0,1508.0,235.0
2019-11-04 00:00:00+00:00,1511.5999755859375,1511.5999755859375,1508.0,1508.0,101.0
2019-11-05 00:00:00+00:00,1507.0999755859375,1507.0999755859375,1480.800048828125,1480.800048828125,31.0
2019-11-06 00:00:00+00:00,1483.199951171875,1491.0,1483.199951171875,1490.199951171875,567.0
2019-11-07 00:00:00+00:00,1489.0999755859375,1489.0999755859375,1464.199951171875,1464.199951171875,581.0
2019-11-08 00:00:00+00:00,1469.0999755859375,1469.0999755859375,1461.300048828125,1461.300048828125,21.0
2019-11-11 00:00:00+00:00,1461.0,1461.0,1449.300048828125,1455.5,22.0
2019-11-12 00:00:00+00:00,1454.9000244140625,1454.9000244140625,1447.0999755859375,1452.0999755859375,6.0
2019-11-13 00:00:00+00:00,1456.800048828125,1463.300048828125,1456.800048828125,1461.699951171875,56.0
2019-11-14 00:00:00+00:00,1463.800048828125,1471.800048828125,1463.699951171875,1471.800048828125,83.0
2019-11-15 00:00:00+00:00,1469.0999755859375,1469.0999755859375,1467.300048828125,1467.300048828125,13.0
2019-11-18 00:00:00+00:00,1472.0,1472.0,1469.699951171875,1470.9000244140625,141.0
2019-11-19 00:00:00+00:00,1467.699951171875,1474.300048828125,1467.699951171875,1473.300048828125,18.0
2019-11-20 00:00:00+00:00,1472.5999755859375,1474.5,1467.300048828125,1473.300048828125,31.0
2019-11-21 00:00:00+00:00,1463.0999755859375,1463.0999755859375,1463.0999755859375,1463.0999755859375,16.0
2019-11-22 00:00:00+00:00,1468.5999755859375,1468.5999755859375,1463.0999755859375,1463.0999755859375,19.0
2019-11-25 00:00:00+00:00,1457.0999755859375,1457.0999755859375,1455.5,1456.5999755859375,14.0
2019-11-26 00:00:00+00:00,1459.800048828125,1459.800048828125,1459.800048828125,1459.800048828125,346362.0
2019-11-27 00:00:00+00:00,1461.0999755859375,1461.9000244140625,1452.0,1453.4000244140625,88364.0
2019-11-29 00:00:00+00:00,1453.5999755859375,1465.5999755859375,1452.0999755859375,1465.5999755859375,7020.0
2019-12-02 00:00:00+00:00,1462.800048828125,1464.4000244140625,1453.300048828125,1462.300048828125,2172.0
2019-12-03 00:00:00+00:00,1461.5999755859375,1480.4000244140625,1459.5,1478.199951171875,1460.0
2019-12-04 00:00:00+00:00,1477.5,1483.4000244140625,1471.199951171875,1474.0,613.0
2019-12-05 00:00:00+00:00,1474.699951171875,1478.0,1472.300048828125,1476.9000244140625,907.0
2019-12-06 00:00:00+00:00,1475.0,1476.0,1458.199951171875,1459.0999755859375,899.0
2019-12-09 00:00:00+00:00,1458.800048828125,1464.199951171875,1458.5999755859375,1459.300048828125,1461.0
2019-12-10 00:00:00+00:00,1460.699951171875,1467.199951171875,1460.699951171875,1462.5999755859375,367.0
2019-12-11 00:00:00+00:00,1463.0999755859375,1475.4000244140625,1463.0999755859375,1469.4000244140625,393.0
2019-12-12 00:00:00+00:00,1475.0999755859375,1483.9000244140625,1463.699951171875,1466.699951171875,955.0
2019-12-13 00:00:00+00:00,1463.0999755859375,1475.9000244140625,1463.0999755859375,1475.5999755859375,468.0
2019-12-16 00:00:00+00:00,1473.800048828125,1475.300048828125,1473.800048828125,1475.0,99.0
2019-12-17 00:00:00+00:00,1474.0999755859375,1476.9000244140625,1474.0,1474.5999755859375,410.0
2019-12-18 00:00:00+00:00,1472.5999755859375,1472.5999755859375,1472.5999755859375,1472.5999755859375,250.0
2019-12-19 00:00:00+00:00,1475.9000244140625,1478.9000244140625,1473.300048828125,1478.199951171875,319.0
2019-12-20 00:00:00+00:00,1476.699951171875,1478.0999755859375,1474.699951171875,1474.699951171875,118.0
2019-12-23 00:00:00+00:00,1482.300048828125,1482.5,1479.9000244140625,1482.5,391.0
2019-12-24 00:00:00+00:00,1488.699951171875,1499.0999755859375,1488.699951171875,1499.0999755859375,52.0
2019-12-26 00:00:00+00:00,1505.199951171875,1512.300048828125,1505.0,1509.300048828125,126.0
2019-12-27 00:00:00+00:00,1513.800048828125,1513.800048828125,1513.800048828125,1513.800048828125,839.0
2019-12-30 00:00:00+00:00,1512.5999755859375,1515.0999755859375,1510.0,1514.5,446.0
2019-12-31 00:00:00+00:00,1513.800048828125,1523.4000244140625,1513.800048828125,1519.5,301.0
2020-01-02 00:00:00+00:00,1518.0999755859375,1528.699951171875,1518.0,1524.5,214.0
2020-01-03 00:00:00+00:00,1530.0999755859375,1552.699951171875,1530.0999755859375,1549.199951171875,107.0
2020-01-06 00:00:00+00:00,1580.0,1580.0,1560.4000244140625,1566.199951171875,416.0
2020-01-07 00:00:00+00:00,1558.300048828125,1576.300048828125,1558.300048828125,1571.800048828125,47.0
2020-01-08 00:00:00+00:00,1579.699951171875,1604.199951171875,1552.300048828125,1557.4000244140625,236.0
2020-01-09 00:00:00+00:00,1555.699951171875,1555.699951171875,1543.300048828125,1551.699951171875,54.0
2020-01-10 00:00:00+00:00,1551.199951171875,1558.800048828125,1545.4000244140625,1557.5,16.0
2020-01-13 00:00:00+00:00,1557.4000244140625,1558.0,1548.4000244140625,1548.4000244140625,48.0
2020-01-14 00:00:00+00:00,1546.699951171875,1546.699951171875,1534.9000244140625,1542.4000244140625,32.0
2020-01-15 00:00:00+00:00,1548.0,1553.9000244140625,1545.5999755859375,1552.0999755859375,11.0
2020-01-16 00:00:00+00:00,1555.699951171875,1556.0999755859375,1548.5,1549.0,98.0
2020-01-17 00:00:00+00:00,1554.0999755859375,1558.800048828125,1553.5999755859375,1558.800048828125,108.0
2020-01-21 00:00:00+00:00,1559.300048828125,1566.199951171875,1551.0,1556.4000244140625,45.0
2020-01-22 00:00:00+00:00,1549.800048828125,1557.0999755859375,1549.800048828125,1555.300048828125,42.0
2020-01-23 00:00:00+00:00,1553.0999755859375,1564.5999755859375,1552.199951171875,1564.5999755859375,15.0
2020-01-24 00:00:00+00:00,1556.300048828125,1571.0999755859375,1556.300048828125,1571.0999755859375,43.0
2020-01-27 00:00:00+00:00,1584.300048828125,1584.5,1576.800048828125,1576.800048828125,22.0
2020-01-28 00:00:00+00:00,1576.4000244140625,1576.4000244140625,1569.199951171875,1569.199951171875,3.0
2020-01-29 00:00:00+00:00,1569.800048828125,1569.800048828125,1569.800048828125,1569.800048828125,251274.0
2020-01-30 00:00:00+00:00,1576.800048828125,1585.0,1571.4000244140625,1583.5,62336.0
2020-01-31 00:00:00+00:00,1573.4000244140625,1589.0,1570.0,1582.9000244140625,1095.0
2020-02-03 00:00:00+00:00,1592.9000244140625,1593.300048828125,1568.199951171875,1577.199951171875,1062.0
2020-02-04 00:00:00+00:00,1577.699951171875,1577.699951171875,1547.800048828125,1550.4000244140625,978.0
2020-02-05 00:00:00+00:00,1553.199951171875,1560.699951171875,1547.699951171875,1557.800048828125,1305.0
2020-02-06 00:00:00+00:00,1553.5999755859375,1565.5999755859375,1551.5999755859375,1565.0999755859375,110.0
2020-02-07 00:00:00+00:00,1564.9000244140625,1571.9000244140625,1560.5,1568.5999755859375,431.0
2020-02-10 00:00:00+00:00,1569.300048828125,1574.699951171875,1568.5999755859375,1574.699951171875,128.0
2020-02-11 00:00:00+00:00,1570.9000244140625,1571.0999755859375,1561.9000244140625,1565.5999755859375,440.0
2020-02-12 00:00:00+00:00,1565.199951171875,1568.699951171875,1561.0,1567.4000244140625,36.0
2020-02-13 00:00:00+00:00,1570.199951171875,1575.0999755859375,1570.199951171875,1575.0999755859375,74.0
2020-02-14 00:00:00+00:00,1575.800048828125,1582.699951171875,1574.800048828125,1582.699951171875,68.0
2020-02-18 00:00:00+00:00,1579.800048828125,1604.300048828125,1579.800048828125,1600.0,310.0
2020-02-19 00:00:00+00:00,1600.5999755859375,1610.5,1599.699951171875,1607.5,542.0
2020-02-20 00:00:00+00:00,1606.5,1621.0,1603.0,1616.5999755859375,117.0
2020-02-21 00:00:00+00:00,1619.300048828125,1645.0,1619.300048828125,1644.5999755859375,186.0
2020-02-24 00:00:00+00:00,1657.0,1686.5999755859375,1650.0,1672.4000244140625,435.0
2020-02-25 00:00:00+00:00,1645.0999755859375,1653.699951171875,1632.300048828125,1646.9000244140625,409.0
2020-02-26 00:00:00+00:00,1644.0,1648.0999755859375,1636.4000244140625,1640.0,1990.0
2020-02-27 00:00:00+00:00,1641.0999755859375,1658.0,1638.5,1640.0,707.0
2020-02-28 00:00:00+00:00,1640.300048828125,1642.5,1564.0999755859375,1564.0999755859375,289.0
2020-03-02 00:00:00+00:00,1583.9000244140625,1608.300048828125,1574.300048828125,1592.300048828125,537.0
2020-03-03 00:00:00+00:00,1594.5,1645.300048828125,1594.0,1642.0999755859375,610.0
2020-03-04 00:00:00+00:00,1645.4000244140625,1645.9000244140625,1631.300048828125,1641.0999755859375,83.0
2020-03-05 00:00:00+00:00,1637.300048828125,1672.9000244140625,1637.199951171875,1666.4000244140625,154.0
2020-03-06 00:00:00+00:00,1670.800048828125,1686.199951171875,1647.199951171875,1670.800048828125,175.0
2020-03-09 00:00:00+00:00,1696.0999755859375,1701.5999755859375,1657.699951171875,1674.5,161.0
2020-03-10 00:00:00+00:00,1671.5999755859375,1674.5999755859375,1643.0,1659.0999755859375,48.0
2020-03-11 00:00:00+00:00,1656.5999755859375,1666.5,1635.0,1641.4000244140625,47.0
2020-03-12 00:00:00+00:00,1637.0,1647.5,1566.4000244140625,1589.300048828125,256.0
2020-03-13 00:00:00+00:00,1574.9000244140625,1589.800048828125,1513.800048828125,1515.699951171875,89.0
2020-03-16 00:00:00+00:00,1569.0999755859375,1569.0999755859375,1452.0999755859375,1485.9000244140625,193.0
2020-03-17 00:00:00+00:00,1469.300048828125,1537.699951171875,1469.300048828125,1524.9000244140625,122.0
2020-03-18 00:00:00+00:00,1537.5,1542.0,1477.300048828125,1477.300048828125,333.0
2020-03-19 00:00:00+00:00,1481.5,1491.5999755859375,1471.0,1478.5999755859375,262.0
2020-03-20 00:00:00+00:00,1483.5,1484.0,1483.5,1484.0,14.0
2020-03-23 00:00:00+00:00,1505.300048828125,1567.0,1490.199951171875,1567.0,51.0
2020-03-24 00:00:00+00:00,1592.699951171875,1685.5,1592.699951171875,1660.199951171875,442.0
2020-03-25 00:00:00+00:00,1676.5,1676.5,1631.0999755859375,1632.300048828125,476.0
2020-03-26 00:00:00+00:00,1660.5,1660.5,1650.0999755859375,1650.0999755859375,3.0
2020-03-27 00:00:00+00:00,1623.9000244140625,1623.9000244140625,1623.9000244140625,1623.9000244140625,100638.0
2020-03-30 00:00:00+00:00,1641.199951171875,1652.800048828125,1607.199951171875,1622.0,16389.0
2020-03-31 00:00:00+00:00,1618.699951171875,1621.0,1576.0,1583.4000244140625,2874.0
2020-04-01 00:00:00+00:00,1570.0,1600.0,1570.0,1578.199951171875,2158.0
2020-04-02 00:00:00+00:00,1590.9000244140625,1631.199951171875,1586.0,1625.699951171875,1294.0
2020-04-03 00:00:00+00:00,1624.5,1636.0,1619.800048828125,1633.699951171875,643.0
2020-04-06 00:00:00+00:00,1629.0999755859375,1696.699951171875,1625.9000244140625,1677.0,1063.0
2020-04-07 00:00:00+00:00,1695.699951171875,1724.4000244140625,1658.0,1664.800048828125,1144.0
2020-04-08 00:00:00+00:00,1669.699951171875,1677.0,1662.5,1665.4000244140625,747.0
2020-04-09 00:00:00+00:00,1662.699951171875,1736.199951171875,1662.699951171875,1736.199951171875,825.0
2020-04-13 00:00:00+00:00,1722.0,1756.800048828125,1710.699951171875,1744.800048828125,696.0
2020-04-14 00:00:00+00:00,1756.800048828125,1775.0,1739.5,1756.699951171875,675.0
2020-04-15 00:00:00+00:00,1739.4000244140625,1744.9000244140625,1722.699951171875,1727.199951171875,642.0
2020-04-16 00:00:00+00:00,1731.0,1750.5999755859375,1715.0,1720.4000244140625,162.0
2020-04-17 00:00:00+00:00,1715.699951171875,1725.0,1684.9000244140625,1689.199951171875,223.0
2020-04-20 00:00:00+00:00,1686.0,1701.5999755859375,1680.0,1701.5999755859375,106.0
2020-04-21 00:00:00+00:00,1697.0,1707.0999755859375,1659.9000244140625,1678.199951171875,666.0
2020-04-22 00:00:00+00:00,1696.0,1728.699951171875,1684.800048828125,1728.699951171875,453.0
2020-04-23 00:00:00+00:00,1734.0,1745.0999755859375,1733.300048828125,1733.300048828125,482.0
2020-04-24 00:00:00+00:00,1744.0,1744.0,1714.5,1723.5,221.0
2020-04-27 00:00:00+00:00,1731.9000244140625,1731.9000244140625,1711.9000244140625,1711.9000244140625,169.0
2020-04-28 00:00:00+00:00,1716.5999755859375,1716.5999755859375,1707.0999755859375,1710.5,1255.0
2020-04-29 00:00:00+00:00,1710.0,1713.5,1702.0,1703.4000244140625,373.0
2020-04-30 00:00:00+00:00,1719.300048828125,1719.300048828125,1680.800048828125,1684.199951171875,327.0
2020-05-01 00:00:00+00:00,1686.5999755859375,1701.5,1670.5,1694.5,337.0
2020-05-04 00:00:00+00:00,1702.5999755859375,1709.0,1699.5999755859375,1706.9000244140625,320.0
2020-05-05 00:00:00+00:00,1701.5,1704.4000244140625,1697.199951171875,1704.4000244140625,82.0
2020-05-06 00:00:00+00:00,1704.0,1704.0,1684.199951171875,1684.199951171875,469.0
2020-05-07 00:00:00+00:00,1686.199951171875,1721.800048828125,1685.5999755859375,1721.800048828125,853.0
2020-05-08 00:00:00+00:00,1726.199951171875,1728.9000244140625,1703.800048828125,1709.9000244140625,330.0
2020-05-11 00:00:00+00:00,1702.300048828125,1704.5,1690.199951171875,1695.300048828125,749.0
2020-05-12 00:00:00+00:00,1699.300048828125,1713.0999755859375,1699.300048828125,1704.4000244140625,324.0
2020-05-13 00:00:00+00:00,1702.0,1721.300048828125,1701.9000244140625,1713.9000244140625,431.0
2020-05-14 00:00:00+00:00,1724.300048828125,1743.0999755859375,1720.5,1738.0999755859375,672.0
2020-05-15 00:00:00+00:00,1739.699951171875,1753.4000244140625,1739.699951171875,1753.4000244140625,719.0
2020-05-18 00:00:00+00:00,1755.699951171875,1770.5,1731.800048828125,1731.800048828125,229.0
2020-05-19 00:00:00+00:00,1744.199951171875,1749.5,1744.199951171875,1744.199951171875,167.0
2020-05-20 00:00:00+00:00,1751.5999755859375,1752.0999755859375,1745.5999755859375,1750.5999755859375,16.0
2020-05-21 00:00:00+00:00,1746.800048828125,1746.800048828125,1720.5,1720.5,528.0
2020-05-22 00:00:00+00:00,1726.5999755859375,1734.5999755859375,1726.5999755859375,1734.5999755859375,6.0
2020-05-26 00:00:00+00:00,1726.4000244140625,1726.4000244140625,1704.800048828125,1704.800048828125,39.0
2020-05-27 00:00:00+00:00,1685.5999755859375,1710.300048828125,1685.5999755859375,1710.300048828125,137416.0
2020-05-28 00:00:00+00:00,1709.300048828125,1727.800048828125,1705.0,1713.300048828125,23355.0
2020-05-29 00:00:00+00:00,1732.699951171875,1754.5,1725.300048828125,1751.699951171875,150112.0
2020-06-01 00:00:00+00:00,1749.800048828125,1761.0,1737.5999755859375,1750.300048828125,146131.0
2020-06-02 00:00:00+00:00,1750.300048828125,1757.0,1728.0,1734.0,175351.0
2020-06-03 00:00:00+00:00,1733.699951171875,1738.9000244140625,1690.300048828125,1704.800048828125,256523.0
2020-06-04 00:00:00+00:00,1702.800048828125,1729.0,1698.9000244140625,1727.4000244140625,198723.0
2020-06-05 00:00:00+00:00,1720.800048828125,1723.199951171875,1671.699951171875,1683.0,273683.0
2020-06-08 00:00:00+00:00,1686.699951171875,1707.5999755859375,1680.699951171875,1705.0999755859375,154767.0
2020-06-09 00:00:00+00:00,1703.9000244140625,1729.4000244140625,1697.5999755859375,1721.9000244140625,182910.0
2020-06-10 00:00:00+00:00,1718.9000244140625,1749.4000244140625,1714.0999755859375,1720.699951171875,198763.0
2020-06-11 00:00:00+00:00,1746.5999755859375,1754.9000244140625,1727.5,1739.800048828125,205348.0
2020-06-12 00:00:00+00:00,1733.5999755859375,1753.0,1728.199951171875,1737.300048828125,151397.0
2020-06-15 00:00:00+00:00,1740.699951171875,1743.800048828125,1706.199951171875,1727.199951171875,200225.0
2020-06-16 00:00:00+00:00,1732.300048828125,1741.300048828125,1721.800048828125,1736.5,182423.0
2020-06-17 00:00:00+00:00,1735.300048828125,1739.300048828125,1717.300048828125,1735.5999755859375,140069.0
2020-06-18 00:00:00+00:00,1735.5,1749.199951171875,1722.699951171875,1731.0999755859375,155912.0
2020-06-19 00:00:00+00:00,1729.800048828125,1760.9000244140625,1728.300048828125,1753.0,181151.0
2020-06-22 00:00:00+00:00,1765.800048828125,1779.0,1753.5,1766.4000244140625,228682.0
2020-06-23 00:00:00+00:00,1764.9000244140625,1786.800048828125,1758.300048828125,1782.0,194678.0
2020-06-24 00:00:00+00:00,1784.4000244140625,1796.0999755859375,1770.5999755859375,1775.0999755859375,239533.0
2020-06-25 00:00:00+00:00,1772.300048828125,1779.5999755859375,1764.0999755859375,1770.5999755859375,152200.0
2020-06-26 00:00:00+00:00,1774.800048828125,1786.199951171875,1754.0,1780.300048828125,201233.0
2020-06-29 00:00:00+00:00,1789.199951171875,1790.4000244140625,1776.5,1781.199951171875,130505.0
2020-06-30 00:00:00+00:00,1784.199951171875,1804.0,1774.800048828125,1800.5,199417.0
2020-07-01 00:00:00+00:00,1798.9000244140625,1807.699951171875,1767.9000244140625,1779.9000244140625,263254.0
2020-07-02 00:00:00+00:00,1779.0,1791.699951171875,1766.300048828125,1790.0,186306.0
2020-07-06 00:00:00+00:00,1787.9000244140625,1799.0,1779.199951171875,1793.5,184653.0
2020-07-07 00:00:00+00:00,1793.9000244140625,1810.800048828125,1781.199951171875,1809.9000244140625,221733.0
2020-07-08 00:00:00+00:00,1807.9000244140625,1829.800048828125,1803.800048828125,1820.5999755859375,247500.0
2020-07-09 00:00:00+00:00,1818.800048828125,1825.5,1799.5999755859375,1803.800048828125,283371.0
2020-07-10 00:00:00+00:00,1808.4000244140625,1817.0,1796.5,1801.9000244140625,223832.0
2020-07-13 00:00:00+00:00,1803.4000244140625,1818.800048828125,1802.0999755859375,1814.0999755859375,230398.0
2020-07-14 00:00:00+00:00,1805.199951171875,1815.0,1791.0999755859375,1813.4000244140625,253207.0
2020-07-15 00:00:00+00:00,1811.0999755859375,1819.5,1804.0,1813.800048828125,183055.0
2020-07-16 00:00:00+00:00,1813.0999755859375,1816.199951171875,1794.0999755859375,1800.300048828125,196566.0
2020-07-17 00:00:00+00:00,1796.9000244140625,1813.9000244140625,1795.199951171875,1810.0,167012.0
2020-07-20 00:00:00+00:00,1812.300048828125,1823.4000244140625,1806.5999755859375,1817.4000244140625,177739.0
2020-07-21 00:00:00+00:00,1819.5999755859375,1844.9000244140625,1817.199951171875,1843.9000244140625,271085.0
2020-07-22 00:00:00+00:00,1842.800048828125,1871.800048828125,1842.0999755859375,1865.0999755859375,382234.0
2020-07-23 00:00:00+00:00,1871.5999755859375,1897.699951171875,1863.0999755859375,1890.0,418749.0
2020-07-24 00:00:00+00:00,1884.9000244140625,1904.5999755859375,1880.5,1897.5,300174.0
2020-07-27 00:00:00+00:00,1901.199951171875,1941.9000244140625,1899.0,1931.0,428229.0
2020-07-28 00:00:00+00:00,1937.0999755859375,1974.699951171875,1900.199951171875,1944.5999755859375,434445.0
2020-07-29 00:00:00+00:00,1950.5999755859375,1974.9000244140625,1935.199951171875,1953.4000244140625,209835.0
2020-07-30 00:00:00+00:00,1963.4000244140625,1965.0999755859375,1930.0,1942.300048828125,28853.0
2020-07-31 00:00:00+00:00,1948.5999755859375,1981.0999755859375,1948.0,1962.800048828125,2914.0
2020-08-03 00:00:00+00:00,1984.300048828125,1984.300048828125,1955.5,1966.0,178754.0
2020-08-04 00:00:00+00:00,1993.5,2037.699951171875,1982.5999755859375,2021.0,274420.0
2020-08-05 00:00:00+00:00,2037.0,2070.300048828125,2027.5,2049.300048828125,366379.0
2020-08-06 00:00:00+00:00,2055.0,2081.800048828125,2049.0,2069.39990234375,312758.0
2020-08-07 00:00:00+00:00,2076.39990234375,2089.199951171875,2024.800048828125,2028.0,398127.0
2020-08-10 00:00:00+00:00,2044.800048828125,2060.800048828125,2027.800048828125,2039.699951171875,251306.0
2020-08-11 00:00:00+00:00,2038.4000244140625,2040.5,1911.300048828125,1946.300048828125,565001.0
2020-08-12 00:00:00+00:00,1921.5999755859375,1961.0,1874.199951171875,1949.0,459842.0
2020-08-13 00:00:00+00:00,1927.300048828125,1974.800048828125,1923.0,1970.4000244140625,349891.0
2020-08-14 00:00:00+00:00,1963.800048828125,1970.0,1939.0999755859375,1949.800048828125,241798.0
2020-08-17 00:00:00+00:00,1956.4000244140625,2000.800048828125,1939.0999755859375,1998.699951171875,289437.0
2020-08-18 00:00:00+00:00,1993.5999755859375,2024.5999755859375,1985.199951171875,2013.0999755859375,361475.0
2020-08-19 00:00:00+00:00,2010.5,2015.5999755859375,1930.5,1970.300048828125,443256.0
2020-08-20 00:00:00+00:00,1934.4000244140625,1963.0999755859375,1928.9000244140625,1946.5,383338.0
2020-08-21 00:00:00+00:00,1955.5999755859375,1963.0999755859375,1916.5999755859375,1947.0,355065.0
2020-08-24 00:00:00+00:00,1947.9000244140625,1970.300048828125,1930.800048828125,1939.199951171875,286258.0
2020-08-25 00:00:00+00:00,1935.9000244140625,1944.0999755859375,1919.0999755859375,1923.0999755859375,274113.0
2020-08-26 00:00:00+00:00,1939.0,1963.4000244140625,1908.4000244140625,1952.5,342207.0
2020-08-27 00:00:00+00:00,1963.0,1987.0,1914.699951171875,1932.5999755859375,467170.0
2020-08-28 00:00:00+00:00,1937.5,1983.0,1928.199951171875,1974.9000244140625,334102.0
2020-08-31 00:00:00+00:00,1973.9000244140625,1985.800048828125,1962.300048828125,1978.5999755859375,245105.0
2020-09-01 00:00:00+00:00,1973.699951171875,2001.199951171875,1969.199951171875,1978.9000244140625,304894.0
2020-09-02 00:00:00+00:00,1976.800048828125,1980.4000244140625,1938.9000244140625,1944.699951171875,332591.0
2020-09-03 00:00:00+00:00,1948.9000244140625,1956.5999755859375,1927.199951171875,1937.800048828125,303029.0
2020-09-04 00:00:00+00:00,1938.0,1956.5999755859375,1921.5999755859375,1934.300048828125,304742.0
2020-09-08 00:00:00+00:00,1938.0,1948.300048828125,1911.699951171875,1943.199951171875,416013.0
2020-09-09 00:00:00+00:00,1939.4000244140625,1959.699951171875,1926.300048828125,1954.9000244140625,227182.0
2020-09-10 00:00:00+00:00,1955.300048828125,1975.199951171875,1948.5999755859375,1964.300048828125,271478.0
2020-09-11 00:00:00+00:00,1953.800048828125,1963.4000244140625,1944.0,1947.9000244140625,205234.0
2020-09-14 00:00:00+00:00,1948.9000244140625,1972.5,1945.199951171875,1963.699951171875,200091.0
2020-09-15 00:00:00+00:00,1966.199951171875,1982.4000244140625,1955.5999755859375,1966.199951171875,239538.0
2020-09-16 00:00:00+00:00,1961.4000244140625,1983.800048828125,1957.199951171875,1970.5,298385.0
2020-09-17 00:00:00+00:00,1967.5999755859375,1969.300048828125,1938.199951171875,1949.9000244140625,273140.0
2020-09-18 00:00:00+00:00,1951.0999755859375,1968.199951171875,1951.0999755859375,1962.0999755859375,176074.0
2020-09-21 00:00:00+00:00,1957.300048828125,1962.9000244140625,1885.4000244140625,1910.5999755859375,386667.0
2020-09-22 00:00:00+00:00,1918.0999755859375,1925.5,1898.9000244140625,1907.5999755859375,282714.0
2020-09-23 00:00:00+00:00,1905.0999755859375,1909.9000244140625,1856.0,1868.4000244140625,411558.0
2020-09-24 00:00:00+00:00,1866.9000244140625,1880.9000244140625,1851.0,1876.9000244140625,345036.0
2020-09-25 00:00:00+00:00,1872.699951171875,1879.300048828125,1854.0999755859375,1866.300048828125,230857.0
2020-09-28 00:00:00+00:00,1862.699951171875,1888.199951171875,1851.0999755859375,1882.300048828125,235915.0
2020-09-29 00:00:00+00:00,1886.4000244140625,1904.800048828125,1880.800048828125,1903.199951171875,217795.0
2020-09-30 00:00:00+00:00,1903.199951171875,1908.199951171875,1885.800048828125,1895.5,259868.0
2020-10-01 00:00:00+00:00,1891.199951171875,1917.9000244140625,1890.0,1916.300048828125,262086.0
2020-10-02 00:00:00+00:00,1911.0,1923.5999755859375,1895.199951171875,1907.5999755859375,212728.0
2020-10-05 00:00:00+00:00,1910.9000244140625,1924.9000244140625,1891.199951171875,1920.0999755859375,177587.0
2020-10-06 00:00:00+00:00,1917.800048828125,1927.0,1878.199951171875,1908.800048828125,219440.0
2020-10-07 00:00:00+00:00,1882.5999755859375,1902.4000244140625,1877.0999755859375,1890.800048828125,188588.0
2020-10-08 00:00:00+00:00,1890.5999755859375,1905.300048828125,1885.300048828125,1895.0999755859375,185453.0
2020-10-09 00:00:00+00:00,1898.4000244140625,1936.800048828125,1898.0,1926.199951171875,229847.0
2020-10-12 00:00:00+00:00,1935.0,1939.4000244140625,1923.800048828125,1928.9000244140625,157212.0
2020-10-13 00:00:00+00:00,1927.300048828125,1930.5999755859375,1889.300048828125,1894.5999755859375,267538.0
2020-10-14 00:00:00+00:00,1895.4000244140625,1917.5,1885.0,1907.300048828125,188302.0
2020-10-15 00:00:00+00:00,1906.0,1913.199951171875,1892.699951171875,1908.9000244140625,213574.0
2020-10-16 00:00:00+00:00,1912.699951171875,1918.699951171875,1901.0999755859375,1906.4000244140625,146910.0
2020-10-19 00:00:00+00:00,1903.199951171875,1923.4000244140625,1900.199951171875,1911.699951171875,159852.0
2020-10-20 00:00:00+00:00,1906.4000244140625,1917.5999755859375,1896.5999755859375,1915.4000244140625,163912.0
2020-10-21 00:00:00+00:00,1911.5999755859375,1936.0,1911.5999755859375,1929.5,201272.0
2020-10-22 00:00:00+00:00,1927.4000244140625,1929.4000244140625,1894.199951171875,1904.5999755859375,215581.0
2020-10-23 00:00:00+00:00,1906.5,1917.300048828125,1895.199951171875,1905.199951171875,172958.0
2020-10-26 00:00:00+00:00,1906.0,1911.0999755859375,1892.5,1905.699951171875,166313.0
2020-10-27 00:00:00+00:00,1904.4000244140625,1913.800048828125,1898.699951171875,1911.9000244140625,153297.0
2020-10-28 00:00:00+00:00,1909.800048828125,1912.5999755859375,1869.0999755859375,1879.199951171875,297085.0
2020-10-29 00:00:00+00:00,1877.5,1885.0999755859375,1859.199951171875,1868.0,225159.0
2020-10-30 00:00:00+00:00,1867.9000244140625,1890.9000244140625,1863.300048828125,1879.9000244140625,213173.0
2020-11-02 00:00:00+00:00,1877.0,1897.0999755859375,1873.300048828125,1892.5,164943.0
2020-11-03 00:00:00+00:00,1896.4000244140625,1912.199951171875,1887.5999755859375,1910.4000244140625,171368.0
2020-11-04 00:00:00+00:00,1910.300048828125,1917.9000244140625,1881.800048828125,1896.199951171875,293946.0
2020-11-05 00:00:00+00:00,1903.4000244140625,1954.300048828125,1902.199951171875,1946.800048828125,297512.0
2020-11-06 00:00:00+00:00,1950.0,1961.800048828125,1937.199951171875,1951.699951171875,246779.0
2020-11-09 00:00:00+00:00,1956.0,1966.0999755859375,1848.0,1854.4000244140625,496088.0
2020-11-10 00:00:00+00:00,1864.0999755859375,1888.9000244140625,1858.9000244140625,1876.4000244140625,264872.0
2020-11-11 00:00:00+00:00,1876.0999755859375,1882.5,1853.9000244140625,1861.5999755859375,215170.0
2020-11-12 00:00:00+00:00,1863.9000244140625,1883.0,1860.699951171875,1873.300048828125,209934.0
2020-11-13 00:00:00+00:00,1875.5999755859375,1895.800048828125,1872.0999755859375,1886.199951171875,162538.0
2020-11-16 00:00:00+00:00,1886.5999755859375,1898.0,1861.5,1887.800048828125,222937.0
2020-11-17 00:00:00+00:00,1888.199951171875,1892.699951171875,1876.300048828125,1885.0999755859375,160884.0
2020-11-18 00:00:00+00:00,1879.5,1884.199951171875,1860.300048828125,1873.9000244140625,209000.0
2020-11-19 00:00:00+00:00,1872.0,1872.5999755859375,1850.0,1861.5,222347.0
2020-11-20 00:00:00+00:00,1864.800048828125,1879.199951171875,1859.0999755859375,1872.4000244140625,186166.0
2020-11-23 00:00:00+00:00,1869.800048828125,1875.0,1828.0,1837.800048828125,319657.0
2020-11-24 00:00:00+00:00,1835.699951171875,1836.9000244140625,1797.0999755859375,1804.5999755859375,367879.0
2020-11-25 00:00:00+00:00,1805.199951171875,1816.300048828125,1798.5999755859375,1805.5,205754.0
2020-11-27 00:00:00+00:00,1806.0999755859375,1817.0,1770.699951171875,1781.9000244140625,71804.0
2020-11-30 00:00:00+00:00,1785.0,1787.199951171875,1762.300048828125,1775.699951171875,3145.0
2020-12-01 00:00:00+00:00,1775.0,1815.9000244140625,1774.9000244140625,1814.0999755859375,203653.0
2020-12-02 00:00:00+00:00,1819.0999755859375,1835.699951171875,1810.5,1830.199951171875,185323.0
2020-12-03 00:00:00+00:00,1833.9000244140625,1847.4000244140625,1826.699951171875,1841.0999755859375,180357.0
2020-12-04 00:00:00+00:00,1844.699951171875,1852.699951171875,1832.0,1840.0,171259.0
2020-12-07 00:00:00+00:00,1841.0999755859375,1873.0,1824.800048828125,1866.0,209042.0
2020-12-08 00:00:00+00:00,1866.0999755859375,1879.800048828125,1863.9000244140625,1874.9000244140625,151792.0
2020-12-09 00:00:00+00:00,1875.4000244140625,1875.9000244140625,1828.199951171875,1838.5,219587.0
2020-12-10 00:00:00+00:00,1843.0,1854.199951171875,1831.5,1837.4000244140625,164803.0
2020-12-11 00:00:00+00:00,1840.0,1851.800048828125,1826.800048828125,1843.5999755859375,153800.0
2020-12-14 00:00:00+00:00,1845.0,1845.5999755859375,1820.0,1832.0999755859375,168491.0
2020-12-15 00:00:00+00:00,1830.5,1859.300048828125,1828.5,1855.300048828125,173607.0
2020-12-16 00:00:00+00:00,1857.699951171875,1870.0,1848.199951171875,1859.0999755859375,199679.0
2020-12-17 00:00:00+00:00,1868.4000244140625,1902.0,1865.9000244140625,1890.4000244140625,219866.0
2020-12-18 00:00:00+00:00,1891.300048828125,1895.699951171875,1881.9000244140625,1888.9000244140625,153231.0
2020-12-21 00:00:00+00:00,1892.9000244140625,1912.0,1859.0,1882.800048828125,232045.0
2020-12-22 00:00:00+00:00,1883.0,1889.4000244140625,1863.699951171875,1870.300048828125,176016.0
2020-12-23 00:00:00+00:00,1865.5999755859375,1883.699951171875,1860.9000244140625,1878.0999755859375,162537.0
2020-12-24 00:00:00+00:00,1877.300048828125,1887.4000244140625,1873.0999755859375,1883.199951171875,89405.0
2020-12-28 00:00:00+00:00,1887.0,1904.0999755859375,1873.0,1880.4000244140625,196760.0
2020-12-29 00:00:00+00:00,1878.0,1891.300048828125,1875.5999755859375,1882.9000244140625,149267.0
2020-12-30 00:00:00+00:00,1881.800048828125,1899.0,1879.5,1893.4000244140625,133658.0
2020-12-31 00:00:00+00:00,1899.0,1904.9000244140625,1889.0999755859375,1895.0999755859375,130631.0
2021-01-04 00:00:00+00:00,1908.199951171875,1948.699951171875,1906.0999755859375,1946.5999755859375,273370.0
2021-01-05 00:00:00+00:00,1946.0,1957.0,1938.4000244140625,1954.4000244140625,201945.0
2021-01-06 00:00:00+00:00,1952.800048828125,1962.5,1902.5999755859375,1908.5999755859375,366605.0
2021-01-07 00:00:00+00:00,1921.5,1929.5999755859375,1907.5,1913.5999755859375,199982.0
2021-01-08 00:00:00+00:00,1915.199951171875,1918.4000244140625,1827.800048828125,1835.4000244140625,443506.0
2021-01-11 00:00:00+00:00,1849.4000244140625,1856.0,1817.0999755859375,1850.800048828125,268363.0
2021-01-12 00:00:00+00:00,1845.4000244140625,1864.0,1835.800048828125,1844.199951171875,240656.0
2021-01-13 00:00:00+00:00,1855.0,1863.0,1841.5999755859375,1854.9000244140625,225988.0
2021-01-14 00:00:00+00:00,1845.5999755859375,1857.5999755859375,1826.5999755859375,1851.4000244140625,257661.0
2021-01-15 00:00:00+00:00,1847.300048828125,1856.5999755859375,1822.0999755859375,1829.9000244140625,231105.0
2021-01-19 00:00:00+00:00,1828.800048828125,1845.0,1800.800048828125,1840.199951171875,331589.0
2021-01-20 00:00:00+00:00,1839.9000244140625,1872.0,1831.0999755859375,1866.5,274396.0
2021-01-21 00:00:00+00:00,1871.0,1874.5999755859375,1857.5,1865.9000244140625,196937.0
2021-01-22 00:00:00+00:00,1870.0999755859375,1870.800048828125,1836.300048828125,1856.199951171875,249715.0
2021-01-25 00:00:00+00:00,1855.300048828125,1867.4000244140625,1846.199951171875,1855.199951171875,211978.0
2021-01-26 00:00:00+00:00,1854.9000244140625,1860.800048828125,1847.199951171875,1850.9000244140625,170259.0
2021-01-27 00:00:00+00:00,1849.699951171875,1851.5,1828.4000244140625,1844.9000244140625,195540.0
2021-01-28 00:00:00+00:00,1843.4000244140625,1862.9000244140625,1831.5,1837.9000244140625,27283.0
2021-01-29 00:00:00+00:00,1842.0,1876.0,1838.699951171875,1847.300048828125,276173.0
2021-02-01 00:00:00+00:00,1865.0,1876.0,1851.699951171875,1863.9000244140625,242045.0
2021-02-02 00:00:00+00:00,1863.5999755859375,1866.300048828125,1830.4000244140625,1833.4000244140625,235995.0
2021-02-03 00:00:00+00:00,1838.5,1845.9000244140625,1830.0999755859375,1835.0999755859375,137228.0
2021-02-04 00:00:00+00:00,1834.5,1835.699951171875,1784.5999755859375,1791.199951171875,279616.0
2021-02-05 00:00:00+00:00,1794.300048828125,1816.0,1792.199951171875,1813.0,205758.0
2021-02-08 00:00:00+00:00,1818.0999755859375,1840.5999755859375,1807.300048828125,1834.199951171875,177562.0
2021-02-09 00:00:00+00:00,1832.4000244140625,1849.5,1830.300048828125,1837.5,154392.0
2021-02-10 00:00:00+00:00,1838.300048828125,1856.5999755859375,1834.0,1842.699951171875,176443.0
2021-02-11 00:00:00+00:00,1844.300048828125,1848.5999755859375,1821.699951171875,1826.800048828125,147019.0
2021-02-12 00:00:00+00:00,1825.4000244140625,1831.5,1810.0999755859375,1823.199951171875,171902.0
2021-02-16 00:00:00+00:00,1826.0,1827.0999755859375,1788.0999755859375,1799.0,355922.0
2021-02-17 00:00:00+00:00,1793.0999755859375,1794.199951171875,1767.9000244140625,1772.800048828125,257335.0
2021-02-18 00:00:00+00:00,1776.0,1788.800048828125,1766.5999755859375,1775.0,224767.0
2021-02-19 00:00:00+00:00,1774.5999755859375,1790.9000244140625,1759.0,1777.4000244140625,251783.0
2021-02-22 00:00:00+00:00,1782.0,1812.4000244140625,1778.5999755859375,1808.4000244140625,221198.0
2021-02-23 00:00:00+00:00,1809.300048828125,1815.199951171875,1794.5,1805.9000244140625,191147.0
2021-02-24 00:00:00+00:00,1805.0,1813.0,1782.199951171875,1797.9000244140625,224060.0
2021-02-25 00:00:00+00:00,1804.9000244140625,1805.0,1763.9000244140625,1775.4000244140625,316252.0
2021-02-26 00:00:00+00:00,1770.9000244140625,1773.800048828125,1714.9000244140625,1728.800048828125,362549.0
2021-03-01 00:00:00+00:00,1732.800048828125,1757.4000244140625,1717.199951171875,1723.0,241917.0
2021-03-02 00:00:00+00:00,1722.800048828125,1737.800048828125,1704.5999755859375,1733.5999755859375,235964.0
2021-03-03 00:00:00+00:00,1736.5,1739.0999755859375,1699.4000244140625,1715.800048828125,255653.0
2021-03-04 00:00:00+00:00,1708.4000244140625,1721.5999755859375,1687.5999755859375,1700.699951171875,277449.0
2021-03-05 00:00:00+00:00,1695.300048828125,1705.699951171875,1683.0,1698.5,269333.0
2021-03-08 00:00:00+00:00,1701.5999755859375,1712.0,1673.300048828125,1678.0,273905.0
2021-03-09 00:00:00+00:00,1679.300048828125,1718.699951171875,1676.699951171875,1716.9000244140625,248946.0
2021-03-10 00:00:00+00:00,1714.5,1725.300048828125,1705.5999755859375,1721.800048828125,226890.0
2021-03-11 00:00:00+00:00,1725.0,1738.0,1716.800048828125,1722.5999755859375,215341.0
2021-03-12 00:00:00+00:00,1720.5,1728.0,1696.5999755859375,1719.800048828125,232207.0
2021-03-15 00:00:00+00:00,1726.5,1733.199951171875,1719.199951171875,1729.199951171875,163045.0
2021-03-16 00:00:00+00:00,1730.699951171875,1740.5,1724.4000244140625,1730.9000244140625,173891.0
2021-03-17 00:00:00+00:00,1730.0,1750.5999755859375,1722.0,1727.0999755859375,220553.0
2021-03-18 00:00:00+00:00,1744.0,1754.199951171875,1716.5999755859375,1732.5,251758.0
2021-03-19 00:00:00+00:00,1733.699951171875,1746.0999755859375,1727.0999755859375,1741.699951171875,213282.0
2021-03-22 00:00:00+00:00,1745.5999755859375,1747.0,1726.4000244140625,1738.0999755859375,196311.0
2021-03-23 00:00:00+00:00,1738.5,1742.0,1722.699951171875,1725.0999755859375,226204.0
2021-03-24 00:00:00+00:00,1725.9000244140625,1737.699951171875,1722.300048828125,1733.199951171875,186524.0
2021-03-25 00:00:00+00:00,1733.199951171875,1744.800048828125,1720.300048828125,1725.0999755859375,226207.0
2021-03-26 00:00:00+00:00,1725.5,1735.5,1718.800048828125,1732.300048828125,172944.0
2021-03-29 00:00:00+00:00,1731.5,1732.5999755859375,1703.300048828125,1712.199951171875,135457.0
2021-03-30 00:00:00+00:00,1711.0,1712.5999755859375,1676.5,1683.9000244140625,25316.0
2021-03-31 00:00:00+00:00,1683.699951171875,1713.800048828125,1676.5,1713.800048828125,210770.0
2021-04-01 00:00:00+00:00,1709.0,1732.0,1706.4000244140625,1728.4000244140625,170430.0
2021-04-05 00:00:00+00:00,1730.0,1734.4000244140625,1721.5999755859375,1728.800048828125,101746.0
2021-04-06 00:00:00+00:00,1729.199951171875,1746.699951171875,1728.199951171875,1743.0,152598.0
2021-04-07 00:00:00+00:00,1744.4000244140625,1745.4000244140625,1731.199951171875,1741.5999755859375,122802.0
2021-04-08 00:00:00+00:00,1738.5999755859375,1759.4000244140625,1733.5999755859375,1758.199951171875,144574.0
2021-04-09 00:00:00+00:00,1756.5,1758.199951171875,1730.800048828125,1744.800048828125,171395.0
2021-04-12 00:00:00+00:00,1744.5,1746.199951171875,1727.0,1732.699951171875,125360.0
2021-04-13 00:00:00+00:00,1732.199951171875,1749.5,1723.199951171875,1747.5999755859375,175594.0
2021-04-14 00:00:00+00:00,1746.4000244140625,1750.699951171875,1732.300048828125,1736.300048828125,145260.0
2021-04-15 00:00:00+00:00,1736.5999755859375,1770.5999755859375,1734.4000244140625,1766.800048828125,198143.0
2021-04-16 00:00:00+00:00,1764.800048828125,1784.699951171875,1760.300048828125,1780.199951171875,173498.0
2021-04-19 00:00:00+00:00,1778.800048828125,1790.4000244140625,1766.5999755859375,1770.5999755859375,180726.0
2021-04-20 00:00:00+00:00,1770.5,1780.800048828125,1763.5,1778.4000244140625,169041.0
2021-04-21 00:00:00+00:00,1779.0999755859375,1798.4000244140625,1776.5999755859375,1793.0999755859375,173968.0
2021-04-22 00:00:00+00:00,1794.5,1798.0999755859375,1777.0999755859375,1782.0,163753.0
2021-04-23 00:00:00+00:00,1784.0,1796.300048828125,1769.5,1777.800048828125,175847.0
2021-04-26 00:00:00+00:00,1776.0999755859375,1783.0999755859375,1768.199951171875,1780.0999755859375,143358.0
2021-04-27 00:00:00+00:00,1781.0999755859375,1785.9000244140625,1773.9000244140625,1778.800048828125,147945.0
2021-04-28 00:00:00+00:00,1776.4000244140625,1782.699951171875,1761.800048828125,1773.9000244140625,198578.0
2021-04-29 00:00:00+00:00,1781.9000244140625,1789.9000244140625,1754.5999755859375,1768.300048828125,231520.0
2021-04-30 00:00:00+00:00,1772.4000244140625,1773.300048828125,1763.300048828125,1767.699951171875,167292.0
2021-05-03 00:00:00+00:00,1768.0999755859375,1798.9000244140625,1765.5999755859375,1791.800048828125,204543.0
2021-05-04 00:00:00+00:00,1793.199951171875,1799.5,1769.199951171875,1776.0,246585.0
2021-05-05 00:00:00+00:00,1778.4000244140625,1788.0999755859375,1769.300048828125,1784.300048828125,178811.0
2021-05-06 00:00:00+00:00,1787.0,1818.5999755859375,1781.800048828125,1815.699951171875,287629.0
2021-05-07 00:00:00+00:00,1815.4000244140625,1844.5999755859375,1813.4000244140625,1831.300048828125,367695.0
2021-05-10 00:00:00+00:00,1835.4000244140625,1846.300048828125,1830.5,1837.5999755859375,269707.0
2021-05-11 00:00:00+00:00,1836.199951171875,1842.5,1817.800048828125,1836.0999755859375,311104.0
2021-05-12 00:00:00+00:00,1838.199951171875,1844.699951171875,1813.0,1822.800048828125,339207.0
2021-05-13 00:00:00+00:00,1816.199951171875,1829.0999755859375,1808.4000244140625,1824.0,249928.0
2021-05-14 00:00:00+00:00,1826.4000244140625,1847.0999755859375,1819.0,1838.0999755859375,224380.0
2021-05-17 00:00:00+00:00,1845.9000244140625,1869.300048828125,1841.0999755859375,1867.5999755859375,267705.0
2021-05-18 00:00:00+00:00,1867.300048828125,1875.9000244140625,1863.5,1868.0,229016.0
2021-05-19 00:00:00+00:00,1870.199951171875,1891.300048828125,1852.199951171875,1881.5,398212.0
2021-05-20 00:00:00+00:00,1869.9000244140625,1885.300048828125,1864.199951171875,1881.9000244140625,223568.0
2021-05-21 00:00:00+00:00,1878.0999755859375,1890.300048828125,1870.300048828125,1876.699951171875,234291.0
2021-05-24 00:00:00+00:00,1883.5,1887.9000244140625,1875.699951171875,1884.5,183312.0
2021-05-25 00:00:00+00:00,1881.199951171875,1901.199951171875,1873.199951171875,1898.0,316673.0
2021-05-26 00:00:00+00:00,1900.0,1913.300048828125,1890.699951171875,1901.199951171875,170526.0
2021-05-27 00:00:00+00:00,1896.800048828125,1903.9000244140625,1888.199951171875,1895.699951171875,35794.0
2021-05-28 00:00:00+00:00,1897.5,1905.4000244140625,1881.9000244140625,1902.5,198141.0
2021-06-01 00:00:00+00:00,1906.800048828125,1919.199951171875,1894.5,1905.0,290653.0
2021-06-02 00:00:00+00:00,1903.0,1911.800048828125,1896.4000244140625,1909.9000244140625,166036.0
2021-06-03 00:00:00+00:00,1910.5,1912.300048828125,1866.699951171875,1873.300048828125,278578.0
2021-06-04 00:00:00+00:00,1872.699951171875,1899.0,1855.5999755859375,1892.0,228826.0
2021-06-07 00:00:00+00:00,1894.300048828125,1902.9000244140625,1883.699951171875,1898.800048828125,146018.0
2021-06-08 00:00:00+00:00,1901.5999755859375,1906.9000244140625,1885.699951171875,1894.4000244140625,173604.0
2021-06-09 00:00:00+00:00,1894.4000244140625,1901.699951171875,1889.300048828125,1895.5,147332.0
2021-06-10 00:00:00+00:00,1891.4000244140625,1903.0,1871.800048828125,1896.4000244140625,250551.0
2021-06-11 00:00:00+00:00,1901.9000244140625,1906.199951171875,1876.0999755859375,1879.5999755859375,220455.0
2021-06-14 00:00:00+00:00,1879.5999755859375,1879.699951171875,1845.699951171875,1865.9000244140625,242302.0
2021-06-15 00:00:00+00:00,1867.800048828125,1870.9000244140625,1853.0,1856.4000244140625,155343.0
2021-06-16 00:00:00+00:00,1861.0,1866.0,1804.4000244140625,1861.4000244140625,234104.0
2021-06-17 00:00:00+00:00,1812.300048828125,1826.4000244140625,1767.9000244140625,1774.800048828125,385888.0
2021-06-18 00:00:00+00:00,1773.9000244140625,1797.9000244140625,1761.199951171875,1769.0,264605.0
2021-06-21 00:00:00+00:00,1764.300048828125,1786.9000244140625,1764.0999755859375,1782.9000244140625,195523.0
2021-06-22 00:00:00+00:00,1783.199951171875,1790.0999755859375,1771.199951171875,1777.4000244140625,172745.0
2021-06-23 00:00:00+00:00,1779.0999755859375,1795.5999755859375,1773.0999755859375,1783.4000244140625,179273.0
2021-06-24 00:00:00+00:00,1778.199951171875,1788.5999755859375,1772.699951171875,1776.699951171875,152232.0
2021-06-25 00:00:00+00:00,1775.699951171875,1791.0,1773.5999755859375,1777.800048828125,161203.0
2021-06-28 00:00:00+00:00,1782.0,1786.0999755859375,1770.4000244140625,1780.699951171875,160788.0
2021-06-29 00:00:00+00:00,1778.800048828125,1779.199951171875,1750.0999755859375,1763.5999755859375,239910.0
2021-06-30 00:00:00+00:00,1761.9000244140625,1774.699951171875,1753.199951171875,1771.5999755859375,177887.0
2021-07-01 00:00:00+00:00,1770.800048828125,1783.4000244140625,1765.9000244140625,1776.800048828125,171443.0
2021-07-02 00:00:00+00:00,1777.5,1795.9000244140625,1774.4000244140625,1783.300048828125,205858.0
2021-07-06 00:00:00+00:00,1787.5,1815.699951171875,1784.699951171875,1794.199951171875,276597.0
2021-07-07 00:00:00+00:00,1797.0,1810.199951171875,1794.0999755859375,1802.0999755859375,171075.0
2021-07-08 00:00:00+00:00,1803.800048828125,1819.5,1793.5,1800.199951171875,249340.0
2021-07-09 00:00:00+00:00,1803.199951171875,1813.0,1796.5999755859375,1810.5999755859375,185581.0
2021-07-12 00:00:00+00:00,1808.5,1811.0,1791.0,1805.9000244140625,201416.0
2021-07-13 00:00:00+00:00,1806.699951171875,1818.0,1798.699951171875,1809.9000244140625,242177.0
2021-07-14 00:00:00+00:00,1808.300048828125,1831.0999755859375,1804.9000244140625,1825.0,229879.0
2021-07-15 00:00:00+00:00,1828.699951171875,1835.0,1820.5999755859375,1829.0,175611.0
2021-07-16 00:00:00+00:00,1830.699951171875,1832.699951171875,1809.5,1815.0,184655.0
2021-07-19 00:00:00+00:00,1811.5999755859375,1818.0,1795.0,1809.199951171875,249675.0
2021-07-20 00:00:00+00:00,1813.5,1825.9000244140625,1805.199951171875,1811.4000244140625,221136.0
2021-07-21 00:00:00+00:00,1810.5999755859375,1814.4000244140625,1794.300048828125,1803.4000244140625,218636.0
2021-07-22 00:00:00+00:00,1803.9000244140625,1808.4000244140625,1791.9000244140625,1805.4000244140625,193318.0
2021-07-23 00:00:00+00:00,1807.699951171875,1810.699951171875,1789.0999755859375,1801.800048828125,236764.0
2021-07-26 00:00:00+00:00,1802.300048828125,1812.0,1796.0,1799.199951171875,204547.0
2021-07-27 00:00:00+00:00,1797.0999755859375,1805.4000244140625,1792.800048828125,1799.800048828125,177043.0
2021-07-28 00:00:00+00:00,1798.5999755859375,1809.0,1790.699951171875,1799.699951171875,209783.0
2021-07-29 00:00:00+00:00,1806.5999755859375,1832.5999755859375,1806.0999755859375,1831.199951171875,30496.0
2021-07-30 00:00:00+00:00,1828.0,1830.5,1808.9000244140625,1812.5999755859375,157136.0
2021-08-02 00:00:00+00:00,1817.0,1823.199951171875,1808.199951171875,1822.199951171875,159755.0
2021-08-03 00:00:00+00:00,1816.800048828125,1818.199951171875,1809.5,1814.0999755859375,103450.0
2021-08-04 00:00:00+00:00,1813.699951171875,1835.9000244140625,1808.300048828125,1814.5,244683.0
2021-08-05 00:00:00+00:00,1814.9000244140625,1817.9000244140625,1799.699951171875,1808.9000244140625,169840.0
2021-08-06 00:00:00+00:00,1806.699951171875,1807.0,1759.5,1763.0999755859375,323149.0
2021-08-09 00:00:00+00:00,1765.0,1765.699951171875,1677.9000244140625,1726.5,289543.0
2021-08-10 00:00:00+00:00,1732.0,1739.4000244140625,1718.5,1731.699951171875,182561.0
2021-08-11 00:00:00+00:00,1730.4000244140625,1756.699951171875,1724.5999755859375,1753.300048828125,185442.0
2021-08-12 00:00:00+00:00,1752.9000244140625,1759.5999755859375,1742.5999755859375,1751.800048828125,137119.0
2021-08-13 00:00:00+00:00,1754.4000244140625,1781.9000244140625,1753.0,1778.199951171875,144809.0
2021-08-16 00:00:00+00:00,1780.699951171875,1791.300048828125,1772.0,1789.800048828125,137698.0
2021-08-17 00:00:00+00:00,1789.0999755859375,1797.5999755859375,1782.0999755859375,1787.800048828125,144815.0
2021-08-18 00:00:00+00:00,1787.800048828125,1795.699951171875,1778.800048828125,1784.4000244140625,132725.0
2021-08-19 00:00:00+00:00,1789.5,1795.0,1774.5999755859375,1783.0999755859375,151245.0
2021-08-20 00:00:00+00:00,1782.800048828125,1791.0,1780.0,1784.0,107966.0
2021-08-23 00:00:00+00:00,1781.199951171875,1809.0999755859375,1778.0,1806.300048828125,156318.0
2021-08-24 00:00:00+00:00,1807.5999755859375,1812.199951171875,1802.5999755859375,1808.5,114785.0
2021-08-25 00:00:00+00:00,1805.0999755859375,1805.300048828125,1784.0,1791.0,163463.0
2021-08-26 00:00:00+00:00,1793.0,1800.4000244140625,1781.300048828125,1795.199951171875,134534.0
2021-08-27 00:00:00+00:00,1795.199951171875,1821.9000244140625,1785.199951171875,1819.5,203642.0
2021-08-30 00:00:00+00:00,1821.5999755859375,1826.5,1810.0,1812.199951171875,104875.0
2021-08-31 00:00:00+00:00,1812.199951171875,1821.9000244140625,1803.4000244140625,1818.0999755859375,170387.0
2021-09-01 00:00:00+00:00,1816.699951171875,1822.699951171875,1810.5999755859375,1816.0,140116.0
2021-09-02 00:00:00+00:00,1816.199951171875,1819.5999755859375,1806.5,1811.5,113025.0
2021-09-03 00:00:00+00:00,1811.5,1836.9000244140625,1810.9000244140625,1833.699951171875,184984.0
2021-09-07 00:00:00+00:00,1833.5,1833.5,1793.699951171875,1798.5,252475.0
2021-09-08 00:00:00+00:00,1796.0999755859375,1804.4000244140625,1783.0999755859375,1793.5,161258.0
2021-09-09 00:00:00+00:00,1790.9000244140625,1803.4000244140625,1785.0999755859375,1800.0,154126.0
2021-09-10 00:00:00+00:00,1796.199951171875,1806.0,1788.199951171875,1792.0999755859375,136246.0
2021-09-13 00:00:00+00:00,1789.800048828125,1800.199951171875,1784.4000244140625,1794.4000244140625,114310.0
2021-09-14 00:00:00+00:00,1794.800048828125,1810.5999755859375,1780.5999755859375,1807.0999755859375,197954.0
2021-09-15 00:00:00+00:00,1806.5999755859375,1808.5,1791.699951171875,1794.800048828125,139297.0
2021-09-16 00:00:00+00:00,1795.5,1797.300048828125,1745.5,1756.699951171875,255267.0
2021-09-17 00:00:00+00:00,1754.5999755859375,1767.800048828125,1747.0999755859375,1751.4000244140625,183254.0
2021-09-20 00:00:00+00:00,1754.199951171875,1768.4000244140625,1742.300048828125,1763.800048828125,152451.0
2021-09-21 00:00:00+00:00,1765.5,1782.800048828125,1758.300048828125,1778.199951171875,141622.0
2021-09-22 00:00:00+00:00,1775.0,1788.4000244140625,1764.5999755859375,1778.800048828125,172348.0
2021-09-23 00:00:00+00:00,1769.199951171875,1777.0999755859375,1737.5,1749.800048828125,225456.0
2021-09-24 00:00:00+00:00,1743.699951171875,1758.0,1740.199951171875,1751.699951171875,151552.0
2021-09-27 00:00:00+00:00,1751.800048828125,1760.9000244140625,1744.699951171875,1752.0,137574.0
2021-09-28 00:00:00+00:00,1750.0,1754.300048828125,1727.800048828125,1737.5,215840.0
2021-09-29 00:00:00+00:00,1734.0,1746.0,1721.0999755859375,1722.9000244140625,177389.0
2021-09-30 00:00:00+00:00,1726.0,1765.0,1721.800048828125,1757.0,246365.0
2021-10-01 00:00:00+00:00,1757.199951171875,1765.199951171875,1749.9000244140625,1758.4000244140625,151195.0
2021-10-04 00:00:00+00:00,1762.5999755859375,1771.5,1747.699951171875,1767.5999755859375,166180.0
2021-10-05 00:00:00+00:00,1770.800048828125,1771.0999755859375,1748.5999755859375,1760.9000244140625,151424.0
2021-10-06 00:00:00+00:00,1760.5,1765.9000244140625,1745.4000244140625,1761.800048828125,159218.0
2021-10-07 00:00:00+00:00,1763.800048828125,1767.699951171875,1752.0,1759.199951171875,146406.0
2021-10-08 00:00:00+00:00,1757.0,1782.4000244140625,1753.5999755859375,1757.4000244140625,240371.0
2021-10-11 00:00:00+00:00,1757.4000244140625,1761.0999755859375,1749.9000244140625,1755.699951171875,114771.0
2021-10-12 00:00:00+00:00,1753.5999755859375,1770.0,1750.5,1759.300048828125,168110.0
2021-10-13 00:00:00+00:00,1760.4000244140625,1797.4000244140625,1757.9000244140625,1794.699951171875,299041.0
2021-10-14 00:00:00+00:00,1793.5999755859375,1801.9000244140625,1787.5999755859375,1797.9000244140625,164651.0
2021-10-15 00:00:00+00:00,1797.300048828125,1797.699951171875,1765.0999755859375,1768.300048828125,202631.0
2021-10-18 00:00:00+00:00,1767.5,1772.5,1760.300048828125,1765.699951171875,152741.0
2021-10-19 00:00:00+00:00,1764.800048828125,1786.0,1763.4000244140625,1770.5,166972.0
2021-10-20 00:00:00+00:00,1769.4000244140625,1789.5999755859375,1767.0999755859375,1784.9000244140625,174076.0
2021-10-21 00:00:00+00:00,1782.5,1790.300048828125,1776.800048828125,1781.9000244140625,138729.0
2021-10-22 00:00:00+00:00,1783.699951171875,1815.5,1783.4000244140625,1796.300048828125,312812.0
2021-10-25 00:00:00+00:00,1794.199951171875,1811.5,1793.0,1806.800048828125,153589.0
2021-10-26 00:00:00+00:00,1808.699951171875,1809.800048828125,1783.0,1793.4000244140625,197929.0
2021-10-27 00:00:00+00:00,1795.0,1801.0,1784.300048828125,1798.800048828125,182801.0
2021-10-28 00:00:00+00:00,1798.699951171875,1812.699951171875,1793.0999755859375,1802.5999755859375,220876.0
2021-10-29 00:00:00+00:00,1801.5,1802.9000244140625,1772.4000244140625,1783.9000244140625,254513.0
2021-11-01 00:00:00+00:00,1785.300048828125,1797.5,1780.199951171875,1795.800048828125,143332.0
2021-11-02 00:00:00+00:00,1794.800048828125,1797.800048828125,1787.4000244140625,1789.4000244140625,145786.0
2021-11-03 00:00:00+00:00,1789.199951171875,1789.300048828125,1758.5,1763.9000244140625,257427.0
2021-11-04 00:00:00+00:00,1769.9000244140625,1800.300048828125,1769.300048828125,1793.5,222609.0
2021-11-05 00:00:00+00:00,1792.5999755859375,1820.0999755859375,1785.300048828125,1816.800048828125,299618.0
2021-11-08 00:00:00+00:00,1820.5999755859375,1828.300048828125,1813.800048828125,1828.0,200412.0
2021-11-09 00:00:00+00:00,1826.9000244140625,1834.800048828125,1821.0,1830.800048828125,224407.0
2021-11-10 00:00:00+00:00,1834.5,1870.5999755859375,1823.0,1848.300048828125,352787.0
2021-11-11 00:00:00+00:00,1851.5,1868.699951171875,1845.0999755859375,1863.9000244140625,205312.0
2021-11-12 00:00:00+00:00,1864.300048828125,1871.4000244140625,1847.5,1868.5,201358.0
2021-11-15 00:00:00+00:00,1872.5999755859375,1873.0,1858.5,1866.5999755859375,221208.0
2021-11-16 00:00:00+00:00,1864.9000244140625,1879.5,1851.0,1854.0999755859375,220431.0
2021-11-17 00:00:00+00:00,1851.5999755859375,1870.5999755859375,1851.0999755859375,1870.199951171875,172417.0
2021-11-18 00:00:00+00:00,1869.5,1873.300048828125,1856.5999755859375,1861.4000244140625,186062.0
2021-11-19 00:00:00+00:00,1860.800048828125,1868.0999755859375,1844.199951171875,1851.5999755859375,234083.0
2021-11-22 00:00:00+00:00,1848.300048828125,1850.4000244140625,1802.4000244140625,1806.300048828125,352857.0
2021-11-23 00:00:00+00:00,1807.0999755859375,1812.5,1781.699951171875,1783.800048828125,311348.0
2021-11-24 00:00:00+00:00,1789.800048828125,1796.199951171875,1777.4000244140625,1784.300048828125,203236.0
2021-11-26 00:00:00+00:00,1789.5999755859375,1816.300048828125,1778.5999755859375,1785.5,186800.0
2021-11-29 00:00:00+00:00,1791.699951171875,1798.9000244140625,1779.0999755859375,1782.300048828125,26926.0
2021-11-30 00:00:00+00:00,1783.9000244140625,1808.0999755859375,1768.699951171875,1773.5999755859375,242861.0
2021-12-01 00:00:00+00:00,1777.4000244140625,1795.699951171875,1773.699951171875,1784.300048828125,180336.0
2021-12-02 00:00:00+00:00,1783.800048828125,1785.199951171875,1762.199951171875,1762.699951171875,172719.0
2021-12-03 00:00:00+00:00,1769.4000244140625,1788.0,1766.0,1783.9000244140625,175176.0
2021-12-06 00:00:00+00:00,1787.699951171875,1789.0,1776.4000244140625,1779.5,104477.0
2021-12-07 00:00:00+00:00,1779.5,1789.300048828125,1772.4000244140625,1784.699951171875,129894.0
2021-12-08 00:00:00+00:00,1785.0999755859375,1794.300048828125,1780.0999755859375,1785.5,109692.0
2021-12-09 00:00:00+00:00,1784.300048828125,1788.4000244140625,1773.300048828125,1776.699951171875,123974.0
2021-12-10 00:00:00+00:00,1776.300048828125,1791.0,1770.4000244140625,1784.800048828125,141995.0
2021-12-13 00:00:00+00:00,1784.199951171875,1792.800048828125,1782.199951171875,1788.300048828125,106057.0
2021-12-14 00:00:00+00:00,1787.5999755859375,1789.800048828125,1766.0999755859375,1772.300048828125,153249.0
2021-12-15 00:00:00+00:00,1771.9000244140625,1781.300048828125,1753.0,1764.5,161101.0
2021-12-16 00:00:00+00:00,1777.9000244140625,1800.699951171875,1775.699951171875,1798.199951171875,167777.0
2021-12-17 00:00:00+00:00,1801.5,1815.699951171875,1796.5,1804.9000244140625,156607.0
2021-12-20 00:00:00+00:00,1800.199951171875,1804.5999755859375,1789.0,1794.5999755859375,105386.0
2021-12-21 00:00:00+00:00,1791.4000244140625,1801.699951171875,1785.0,1788.699951171875,134154.0
2021-12-22 00:00:00+00:00,1789.4000244140625,1806.300048828125,1785.800048828125,1802.199951171875,110408.0
2021-12-23 00:00:00+00:00,1805.5999755859375,1812.0,1799.0,1811.699951171875,104844.0
2021-12-27 00:00:00+00:00,1810.199951171875,1814.5999755859375,1803.5999755859375,1808.800048828125,84225.0
2021-12-28 00:00:00+00:00,1812.0999755859375,1821.5999755859375,1805.5,1810.9000244140625,100542.0
2021-12-29 00:00:00+00:00,1806.5999755859375,1808.0,1789.0999755859375,1805.800048828125,138685.0
2021-12-30 00:00:00+00:00,1805.5999755859375,1818.0999755859375,1796.199951171875,1814.0999755859375,113430.0
2021-12-31 00:00:00+00:00,1817.0,1831.4000244140625,1815.4000244140625,1828.5999755859375,106604.0
2022-01-03 00:00:00+00:00,1830.0999755859375,1833.0,1798.199951171875,1800.0999755859375,168305.0
2022-01-04 00:00:00+00:00,1801.0999755859375,1817.199951171875,1798.0999755859375,1814.5999755859375,167708.0
2022-01-05 00:00:00+00:00,1815.199951171875,1830.699951171875,1808.199951171875,1825.0999755859375,173344.0
2022-01-06 00:00:00+00:00,1810.5999755859375,1811.5999755859375,1785.4000244140625,1789.199951171875,238644.0
2022-01-07 00:00:00+00:00,1791.0,1798.4000244140625,1781.300048828125,1797.4000244140625,238931.0
2022-01-10 00:00:00+00:00,1796.4000244140625,1802.0,1789.300048828125,1798.800048828125,173043.0
2022-01-11 00:00:00+00:00,1801.300048828125,1823.0999755859375,1799.699951171875,1818.5,184152.0
2022-01-12 00:00:00+00:00,1821.300048828125,1828.199951171875,1814.4000244140625,1827.300048828125,192979.0
2022-01-13 00:00:00+00:00,1825.699951171875,1828.300048828125,1811.800048828125,1821.4000244140625,215522.0
2022-01-14 00:00:00+00:00,1822.0999755859375,1829.300048828125,1814.199951171875,1816.5,174944.0
2022-01-18 00:00:00+00:00,1818.699951171875,1822.9000244140625,1804.699951171875,1812.4000244140625,362944.0
2022-01-19 00:00:00+00:00,1812.9000244140625,1843.9000244140625,1809.0,1843.199951171875,318489.0
2022-01-20 00:00:00+00:00,1840.0999755859375,1848.5,1836.199951171875,1842.5999755859375,233862.0
2022-01-21 00:00:00+00:00,1840.5999755859375,1843.699951171875,1828.4000244140625,1831.800048828125,225249.0
2022-01-24 00:00:00+00:00,1835.199951171875,1844.9000244140625,1829.300048828125,1841.699951171875,244325.0
2022-01-25 00:00:00+00:00,1843.5999755859375,1854.199951171875,1834.4000244140625,1852.5,197804.0
2022-01-26 00:00:00+00:00,1848.0,1850.199951171875,1814.0999755859375,1829.699951171875,270028.0
2022-01-27 00:00:00+00:00,1819.0,1821.4000244140625,1790.5999755859375,1793.0999755859375,196036.0
2022-01-28 00:00:00+00:00,1797.5,1798.4000244140625,1778.800048828125,1784.9000244140625,28521.0
2022-01-31 00:00:00+00:00,1788.5,1798.5,1785.0999755859375,1795.0,139421.0
2022-02-01 00:00:00+00:00,1798.9000244140625,1809.699951171875,1796.199951171875,1801.5,128880.0
2022-02-02 00:00:00+00:00,1800.800048828125,1812.0,1794.5999755859375,1810.300048828125,123021.0
2022-02-03 00:00:00+00:00,1807.4000244140625,1809.5,1788.5,1804.0999755859375,173722.0
2022-02-04 00:00:00+00:00,1805.4000244140625,1815.800048828125,1792.0999755859375,1807.800048828125,177709.0
2022-02-07 00:00:00+00:00,1808.0,1824.5999755859375,1807.5,1821.800048828125,139808.0
2022-02-08 00:00:00+00:00,1821.5,1829.9000244140625,1816.0,1827.9000244140625,142408.0
2022-02-09 00:00:00+00:00,1827.0,1837.0999755859375,1825.5,1836.5999755859375,136722.0
2022-02-10 00:00:00+00:00,1834.0,1843.300048828125,1821.800048828125,1837.4000244140625,227458.0
2022-02-11 00:00:00+00:00,1827.0,1867.4000244140625,1821.0999755859375,1842.0999755859375,239093.0
2022-02-14 00:00:00+00:00,1862.199951171875,1876.5,1851.9000244140625,1869.4000244140625,231016.0
2022-02-15 00:00:00+00:00,1873.800048828125,1881.5999755859375,1845.4000244140625,1856.199951171875,214880.0
2022-02-16 00:00:00+00:00,1855.5,1874.5999755859375,1851.800048828125,1871.5,141486.0
2022-02-17 00:00:00+00:00,1872.0,1904.0,1869.699951171875,1902.0,268547.0
2022-02-18 00:00:00+00:00,1901.4000244140625,1905.0,1888.0,1899.800048828125,161745.0
2022-02-22 00:00:00+00:00,1903.5,1918.300048828125,1889.699951171875,1907.4000244140625,334589.0
2022-02-23 00:00:00+00:00,1901.199951171875,1912.9000244140625,1891.0999755859375,1910.4000244140625,154843.0
2022-02-24 00:00:00+00:00,1911.9000244140625,1976.5,1878.5999755859375,1926.300048828125,423048.0
2022-02-25 00:00:00+00:00,1906.5,1925.0,1884.4000244140625,1887.5999755859375,229780.0
2022-02-28 00:00:00+00:00,1921.0,1935.199951171875,1892.199951171875,1900.699951171875,249273.0
2022-03-01 00:00:00+00:00,1908.4000244140625,1952.5999755859375,1903.0,1943.800048828125,223998.0
2022-03-02 00:00:00+00:00,1945.300048828125,1951.4000244140625,1916.0,1922.300048828125,227975.0
2022-03-03 00:00:00+00:00,1931.699951171875,1944.5999755859375,1923.0999755859375,1935.9000244140625,180207.0
2022-03-04 00:00:00+00:00,1938.5,1974.9000244140625,1931.5,1966.5999755859375,241533.0
2022-03-07 00:00:00+00:00,1978.5,2007.5,1964.199951171875,1995.9000244140625,372185.0
2022-03-08 00:00:00+00:00,2001.0,2078.800048828125,1985.800048828125,2043.300048828125,447651.0
2022-03-09 00:00:00+00:00,2060.199951171875,2068.5,1981.0,1988.199951171875,360345.0
2022-03-10 00:00:00+00:00,1992.800048828125,2015.0999755859375,1975.0,2000.4000244140625,303267.0
2022-03-11 00:00:00+00:00,2000.300048828125,2004.0,1960.5999755859375,1985.0,262088.0
2022-03-14 00:00:00+00:00,1988.699951171875,1994.800048828125,1952.0,1960.800048828125,162203.0
2022-03-15 00:00:00+00:00,1953.699951171875,1956.9000244140625,1908.0999755859375,1929.699951171875,220374.0
2022-03-16 00:00:00+00:00,1920.0999755859375,1930.0999755859375,1895.199951171875,1909.199951171875,195460.0
2022-03-17 00:00:00+00:00,1928.4000244140625,1951.0,1924.0,1943.199951171875,149829.0
2022-03-18 00:00:00+00:00,1943.9000244140625,1946.199951171875,1918.0,1929.300048828125,150882.0
2022-03-21 00:00:00+00:00,1922.4000244140625,1941.800048828125,1917.199951171875,1929.5,146411.0
2022-03-22 00:00:00+00:00,1936.0999755859375,1939.5,1909.800048828125,1921.5,153282.0
2022-03-23 00:00:00+00:00,1920.9000244140625,1948.800048828125,1915.5999755859375,1937.300048828125,153306.0
2022-03-24 00:00:00+00:00,1944.0999755859375,1967.199951171875,1937.4000244140625,1962.199951171875,181204.0
2022-03-25 00:00:00+00:00,1957.800048828125,1965.0999755859375,1942.5999755859375,1954.199951171875,147904.0
2022-03-28 00:00:00+00:00,1958.699951171875,1959.800048828125,1915.699951171875,1939.800048828125,181367.0
2022-03-29 00:00:00+00:00,1922.4000244140625,1929.4000244140625,1888.300048828125,1912.199951171875,128051.0
2022-03-30 00:00:00+00:00,1918.4000244140625,1937.0,1914.5,1933.5,17765.0
2022-03-31 00:00:00+00:00,1933.5,1949.9000244140625,1919.0999755859375,1949.199951171875,155299.0
2022-04-01 00:00:00+00:00,1942.4000244140625,1944.5,1921.4000244140625,1923.699951171875,135154.0
2022-04-04 00:00:00+00:00,1927.0999755859375,1941.5999755859375,1918.199951171875,1934.0,108435.0
2022-04-05 00:00:00+00:00,1937.300048828125,1948.9000244140625,1920.9000244140625,1927.5,147256.0
2022-04-06 00:00:00+00:00,1927.5999755859375,1937.5999755859375,1916.199951171875,1923.0999755859375,153971.0
2022-04-07 00:00:00+00:00,1928.0999755859375,1941.699951171875,1923.300048828125,1937.800048828125,122809.0
2022-04-08 00:00:00+00:00,1934.300048828125,1952.199951171875,1930.4000244140625,1945.5999755859375,142498.0
2022-04-11 00:00:00+00:00,1949.5999755859375,1974.5999755859375,1942.9000244140625,1948.199951171875,184385.0
2022-04-12 00:00:00+00:00,1957.4000244140625,1982.699951171875,1953.0,1976.0999755859375,172386.0
2022-04-13 00:00:00+00:00,1970.5,1985.800048828125,1966.300048828125,1984.699951171875,132029.0
2022-04-14 00:00:00+00:00,1981.5999755859375,1984.0,1962.699951171875,1974.9000244140625,139424.0
2022-04-18 00:00:00+00:00,1978.5,2003.0,1974.4000244140625,1986.4000244140625,138130.0
2022-04-19 00:00:00+00:00,1981.199951171875,1985.0999755859375,1945.5,1959.0,181440.0
2022-04-20 00:00:00+00:00,1952.699951171875,1960.9000244140625,1941.0,1955.5999755859375,139507.0
2022-04-21 00:00:00+00:00,1960.0,1960.0999755859375,1938.0,1948.199951171875,154919.0
2022-04-22 00:00:00+00:00,1953.0999755859375,1957.800048828125,1928.0,1934.300048828125,176681.0
2022-04-25 00:00:00+00:00,1931.9000244140625,1935.5,1891.800048828125,1896.0,231494.0
2022-04-26 00:00:00+00:00,1899.800048828125,1912.199951171875,1896.300048828125,1904.0999755859375,166199.0
2022-04-27 00:00:00+00:00,1907.4000244140625,1908.0999755859375,1881.5999755859375,1888.699951171875,178197.0
2022-04-28 00:00:00+00:00,1886.800048828125,1897.800048828125,1870.9000244140625,1891.300048828125,170910.0
2022-04-29 00:00:00+00:00,1895.800048828125,1921.300048828125,1893.5,1911.699951171875,177136.0
2022-05-02 00:00:00+00:00,1896.199951171875,1900.4000244140625,1853.4000244140625,1863.5999755859375,193825.0
2022-05-03 00:00:00+00:00,1863.5999755859375,1878.4000244140625,1849.699951171875,1870.5999755859375,167434.0
2022-05-04 00:00:00+00:00,1868.300048828125,1892.0,1861.0999755859375,1868.800048828125,161479.0
2022-05-05 00:00:00+00:00,1884.0999755859375,1910.699951171875,1872.300048828125,1875.699951171875,218392.0
2022-05-06 00:00:00+00:00,1877.5,1894.0,1865.0,1882.800048828125,194279.0
2022-05-09 00:00:00+00:00,1883.699951171875,1885.5999755859375,1851.0,1858.5999755859375,218821.0
2022-05-10 00:00:00+00:00,1853.9000244140625,1864.699951171875,1834.5,1841.0,260811.0
2022-05-11 00:00:00+00:00,1836.5999755859375,1857.800048828125,1830.5999755859375,1853.699951171875,243561.0
2022-05-12 00:00:00+00:00,1852.300048828125,1858.800048828125,1820.0999755859375,1824.5999755859375,255608.0
2022-05-13 00:00:00+00:00,1821.4000244140625,1827.5999755859375,1797.199951171875,1808.199951171875,179483.0
2022-05-16 00:00:00+00:00,1809.4000244140625,1826.0,1785.0,1814.0,159493.0
2022-05-17 00:00:00+00:00,1823.9000244140625,1834.800048828125,1811.0,1818.9000244140625,137288.0
2022-05-18 00:00:00+00:00,1813.199951171875,1822.9000244140625,1805.0,1815.9000244140625,150353.0
2022-05-19 00:00:00+00:00,1815.0999755859375,1848.199951171875,1808.4000244140625,1841.199951171875,175242.0
2022-05-20 00:00:00+00:00,1839.5999755859375,1847.800048828125,1830.5999755859375,1842.0999755859375,143045.0
2022-05-23 00:00:00+00:00,1844.4000244140625,1864.300048828125,1843.300048828125,1847.800048828125,163266.0
2022-05-24 00:00:00+00:00,1852.300048828125,1869.0999755859375,1847.5999755859375,1865.4000244140625,174762.0
2022-05-25 00:00:00+00:00,1865.4000244140625,1866.699951171875,1838.699951171875,1846.300048828125,182823.0
2022-05-26 00:00:00+00:00,1851.800048828125,1852.800048828125,1836.300048828125,1847.5999755859375,123355.0
2022-05-27 00:00:00+00:00,1848.300048828125,1860.699951171875,1845.9000244140625,1851.300048828125,30091.0
2022-05-31 00:00:00+00:00,1850.300048828125,1862.0999755859375,1832.800048828125,1842.699951171875,201803.0
2022-06-01 00:00:00+00:00,1840.0,1853.0,1830.199951171875,1848.699951171875,158036.0
2022-06-02 00:00:00+00:00,1849.9000244140625,1874.4000244140625,1846.5,1871.4000244140625,127471.0
2022-06-03 00:00:00+00:00,1872.5999755859375,1878.5999755859375,1849.699951171875,1850.199951171875,115343.0
2022-06-06 00:00:00+00:00,1853.699951171875,1861.199951171875,1843.0,1843.699951171875,103179.0
2022-06-07 00:00:00+00:00,1843.5,1858.199951171875,1838.5,1852.0999755859375,119211.0
2022-06-08 00:00:00+00:00,1855.0,1862.4000244140625,1846.5999755859375,1856.5,114141.0
2022-06-09 00:00:00+00:00,1855.0999755859375,1857.800048828125,1841.9000244140625,1852.800048828125,131293.0
2022-06-10 00:00:00+00:00,1850.4000244140625,1879.5999755859375,1826.5,1875.5,267204.0
2022-06-13 00:00:00+00:00,1879.0,1882.5,1819.0,1831.800048828125,252543.0
2022-06-14 00:00:00+00:00,1820.9000244140625,1833.300048828125,1806.0999755859375,1813.5,165146.0
2022-06-15 00:00:00+00:00,1809.699951171875,1845.4000244140625,1808.4000244140625,1819.5999755859375,203421.0
2022-06-16 00:00:00+00:00,1835.800048828125,1860.199951171875,1816.300048828125,1849.9000244140625,180893.0
2022-06-17 00:00:00+00:00,1859.300048828125,1861.5,1836.0999755859375,1840.5999755859375,141718.0
2022-06-21 00:00:00+00:00,1840.5999755859375,1848.4000244140625,1830.699951171875,1838.800048828125,176299.0
2022-06-22 00:00:00+00:00,1834.9000244140625,1850.300048828125,1824.5,1838.4000244140625,149553.0
2022-06-23 00:00:00+00:00,1839.699951171875,1848.9000244140625,1823.5,1829.800048828125,167071.0
2022-06-24 00:00:00+00:00,1824.199951171875,1833.699951171875,1817.699951171875,1830.300048828125,139723.0
2022-06-27 00:00:00+00:00,1839.5999755859375,1842.800048828125,1821.800048828125,1824.800048828125,143820.0
2022-06-28 00:00:00+00:00,1823.5999755859375,1830.9000244140625,1819.0999755859375,1821.199951171875,111397.0
2022-06-29 00:00:00+00:00,1821.4000244140625,1834.9000244140625,1810.699951171875,1817.5,155542.0
2022-06-30 00:00:00+00:00,1819.199951171875,1826.800048828125,1802.5,1807.300048828125,208898.0
2022-07-01 00:00:00+00:00,1808.0999755859375,1813.5999755859375,1783.4000244140625,1801.5,249489.0
2022-07-05 00:00:00+00:00,1814.4000244140625,1815.199951171875,1763.0,1763.9000244140625,310369.0
2022-07-06 00:00:00+00:00,1764.199951171875,1771.5,1730.699951171875,1736.5,258824.0
2022-07-07 00:00:00+00:00,1737.199951171875,1748.199951171875,1734.699951171875,1739.699951171875,151256.0
2022-07-08 00:00:00+00:00,1738.699951171875,1751.699951171875,1726.0,1742.300048828125,189178.0
2022-07-11 00:00:00+00:00,1741.5,1743.0,1729.0,1731.699951171875,171902.0
2022-07-12 00:00:00+00:00,1731.300048828125,1742.199951171875,1721.5999755859375,1724.800048828125,255170.0
2022-07-13 00:00:00+00:00,1723.5999755859375,1744.300048828125,1704.5,1735.5,300550.0
2022-07-14 00:00:00+00:00,1733.5999755859375,1734.800048828125,1695.0,1705.800048828125,266354.0
2022-07-15 00:00:00+00:00,1708.199951171875,1714.199951171875,1696.5999755859375,1703.5999755859375,176797.0
2022-07-18 00:00:00+00:00,1706.4000244140625,1722.0,1704.4000244140625,1710.199951171875,157535.0
2022-07-19 00:00:00+00:00,1707.199951171875,1716.5,1702.5999755859375,1710.699951171875,131771.0
2022-07-20 00:00:00+00:00,1709.5,1712.699951171875,1690.0999755859375,1700.199951171875,174466.0
2022-07-21 00:00:00+00:00,1693.699951171875,1719.5,1678.4000244140625,1713.4000244140625,248875.0
2022-07-22 00:00:00+00:00,1717.199951171875,1738.300048828125,1711.699951171875,1727.4000244140625,200622.0
2022-07-25 00:00:00+00:00,1726.300048828125,1734.5999755859375,1712.9000244140625,1719.0999755859375,160719.0
2022-07-26 00:00:00+00:00,1717.9000244140625,1726.4000244140625,1711.5,1717.699951171875,147367.0
2022-07-27 00:00:00+00:00,1715.199951171875,1739.5999755859375,1709.0999755859375,1719.0999755859375,144865.0
2022-07-28 00:00:00+00:00,1732.300048828125,1755.0,1732.0,1750.300048828125,37236.0
2022-07-29 00:00:00+00:00,1754.0,1765.699951171875,1750.0,1762.9000244140625,140666.0
2022-08-01 00:00:00+00:00,1782.5,1792.5,1774.300048828125,1787.699951171875,133742.0
2022-08-02 00:00:00+00:00,1789.199951171875,1805.0,1776.0,1789.699951171875,174165.0
2022-08-03 00:00:00+00:00,1777.300048828125,1789.4000244140625,1770.0,1776.4000244140625,151734.0
2022-08-04 00:00:00+00:00,1782.0999755859375,1812.0,1779.4000244140625,1806.9000244140625,153292.0
2022-08-05 00:00:00+00:00,1807.699951171875,1811.5999755859375,1780.199951171875,1791.199951171875,168901.0
2022-08-08 00:00:00+00:00,1790.300048828125,1806.4000244140625,1786.9000244140625,1805.199951171875,103683.0
2022-08-09 00:00:00+00:00,1805.5,1817.0,1799.4000244140625,1812.300048828125,120510.0
2022-08-10 00:00:00+00:00,1811.5,1824.5999755859375,1803.300048828125,1813.699951171875,154592.0
2022-08-11 00:00:00+00:00,1807.9000244140625,1814.9000244140625,1798.5999755859375,1807.199951171875,121259.0
2022-08-12 00:00:00+00:00,1805.199951171875,1819.0999755859375,1799.5999755859375,1815.5,118649.0
2022-08-15 00:00:00+00:00,1818.9000244140625,1818.9000244140625,1787.5999755859375,1798.0999755859375,137765.0
2022-08-16 00:00:00+00:00,1795.5,1798.0,1785.4000244140625,1789.699951171875,94403.0
2022-08-17 00:00:00+00:00,1790.800048828125,1796.5999755859375,1773.9000244140625,1776.699951171875,137832.0
2022-08-18 00:00:00+00:00,1777.0999755859375,1786.300048828125,1768.800048828125,1771.199951171875,124319.0
2022-08-19 00:00:00+00:00,1773.0999755859375,1773.300048828125,1759.0999755859375,1762.9000244140625,138699.0
2022-08-22 00:00:00+00:00,1760.5999755859375,1762.0999755859375,1740.199951171875,1748.4000244140625,142857.0
2022-08-23 00:00:00+00:00,1750.0,1767.5,1743.0999755859375,1761.199951171875,145260.0
2022-08-24 00:00:00+00:00,1761.300048828125,1769.5,1754.800048828125,1761.5,112645.0
2022-08-25 00:00:00+00:00,1764.4000244140625,1778.800048828125,1763.0,1771.4000244140625,117570.0
2022-08-26 00:00:00+00:00,1771.800048828125,1772.300048828125,1746.199951171875,1749.800048828125,176904.0
2022-08-29 00:00:00+00:00,1748.4000244140625,1757.9000244140625,1731.4000244140625,1749.699951171875,156220.0
2022-08-30 00:00:00+00:00,1749.800048828125,1752.800048828125,1732.9000244140625,1736.300048828125,130664.0
2022-08-31 00:00:00+00:00,1735.5,1738.0,1720.5999755859375,1726.199951171875,176731.0
2022-09-01 00:00:00+00:00,1723.0,1723.0,1699.0999755859375,1709.300048828125,198618.0
2022-09-02 00:00:00+00:00,1707.800048828125,1729.5,1705.9000244140625,1722.5999755859375,174684.0
2022-09-06 00:00:00+00:00,1724.199951171875,1737.4000244140625,1710.5999755859375,1712.9000244140625,206268.0
2022-09-07 00:00:00+00:00,1712.9000244140625,1731.199951171875,1701.699951171875,1727.800048828125,173624.0
2022-09-08 00:00:00+00:00,1729.5,1739.4000244140625,1713.699951171875,1720.199951171875,184176.0
2022-09-09 00:00:00+00:00,1719.5999755859375,1740.5,1719.4000244140625,1728.5999755859375,154706.0
2022-09-12 00:00:00+00:00,1728.4000244140625,1746.4000244140625,1722.300048828125,1740.5999755859375,154374.0
2022-09-13 00:00:00+00:00,1736.0,1742.9000244140625,1706.699951171875,1717.4000244140625,232696.0
2022-09-14 00:00:00+00:00,1711.5999755859375,1717.300048828125,1703.300048828125,1709.0999755859375,163288.0
2022-09-15 00:00:00+00:00,1707.199951171875,1707.800048828125,1668.9000244140625,1677.300048828125,268094.0
2022-09-16 00:00:00+00:00,1673.699951171875,1689.9000244140625,1661.9000244140625,1683.5,217226.0
2022-09-19 00:00:00+00:00,1685.4000244140625,1688.800048828125,1667.5999755859375,1678.199951171875,141171.0
2022-09-20 00:00:00+00:00,1684.9000244140625,1688.800048828125,1668.0999755859375,1671.0999755859375,143933.0
2022-09-21 00:00:00+00:00,1673.199951171875,1696.9000244140625,1661.300048828125,1675.699951171875,227938.0
2022-09-22 00:00:00+00:00,1682.800048828125,1693.5,1663.300048828125,1681.0999755859375,241279.0
2022-09-23 00:00:00+00:00,1680.0999755859375,1685.0,1646.5999755859375,1655.5999755859375,243045.0
2022-09-26 00:00:00+00:00,1651.0,1657.199951171875,1627.699951171875,1633.4000244140625,219861.0
2022-09-27 00:00:00+00:00,1629.199951171875,1650.0999755859375,1628.699951171875,1636.199951171875,197058.0
2022-09-28 00:00:00+00:00,1636.5,1671.5999755859375,1622.199951171875,1670.0,279817.0
2022-09-29 00:00:00+00:00,1669.0,1673.0999755859375,1649.300048828125,1668.5999755859375,201961.0
2022-09-30 00:00:00+00:00,1669.5,1684.4000244140625,1667.5,1672.0,179989.0
2022-10-03 00:00:00+00:00,1670.5,1710.4000244140625,1666.5,1702.0,215493.0
2022-10-04 00:00:00+00:00,1708.4000244140625,1738.699951171875,1704.0,1730.5,205084.0
2022-10-05 00:00:00+00:00,1734.4000244140625,1736.5999755859375,1708.800048828125,1720.800048828125,173222.0
2022-10-06 00:00:00+00:00,1725.5,1734.199951171875,1714.800048828125,1720.800048828125,139443.0
2022-10-07 00:00:00+00:00,1721.0,1722.800048828125,1698.4000244140625,1709.300048828125,157445.0
2022-10-10 00:00:00+00:00,1703.4000244140625,1707.4000244140625,1672.5,1675.199951171875,157149.0
2022-10-11 00:00:00+00:00,1675.5999755859375,1691.300048828125,1667.5,1686.0,171814.0
2022-10-12 00:00:00+00:00,1673.4000244140625,1685.0999755859375,1668.0,1677.5,131769.0
2022-10-13 00:00:00+00:00,1680.199951171875,1688.9000244140625,1648.300048828125,1677.0,237007.0
2022-10-14 00:00:00+00:00,1672.800048828125,1677.800048828125,1645.5999755859375,1648.9000244140625,183170.0
2022-10-17 00:00:00+00:00,1649.9000244140625,1674.300048828125,1649.0999755859375,1664.0,148889.0
2022-10-18 00:00:00+00:00,1655.9000244140625,1666.0,1650.5999755859375,1655.800048828125,163168.0
2022-10-19 00:00:00+00:00,1657.199951171875,1659.800048828125,1632.199951171875,1634.199951171875,179246.0
2022-10-20 00:00:00+00:00,1634.5999755859375,1650.300048828125,1626.300048828125,1636.800048828125,163734.0
2022-10-21 00:00:00+00:00,1632.4000244140625,1663.0999755859375,1621.0999755859375,1656.300048828125,271095.0
2022-10-24 00:00:00+00:00,1662.9000244140625,1675.5,1648.0,1654.0999755859375,171022.0
2022-10-25 00:00:00+00:00,1654.5,1666.800048828125,1641.199951171875,1658.0,182795.0
2022-10-26 00:00:00+00:00,1657.699951171875,1679.4000244140625,1653.800048828125,1669.199951171875,186926.0
2022-10-27 00:00:00+00:00,1668.800048828125,1674.800048828125,1658.5,1665.5999755859375,189287.0
2022-10-28 00:00:00+00:00,1667.199951171875,1670.9000244140625,1640.699951171875,1644.800048828125,196363.0
2022-10-31 00:00:00+00:00,1647.199951171875,1648.5,1634.5,1640.699951171875,128413.0
2022-11-01 00:00:00+00:00,1636.0999755859375,1660.300048828125,1633.5999755859375,1649.699951171875,197976.0
2022-11-02 00:00:00+00:00,1651.4000244140625,1673.0999755859375,1637.4000244140625,1650.0,220926.0
2022-11-03 00:00:00+00:00,1639.0999755859375,1643.199951171875,1618.300048828125,1630.9000244140625,254699.0
2022-11-04 00:00:00+00:00,1631.699951171875,1686.4000244140625,1631.0999755859375,1676.5999755859375,293521.0
2022-11-07 00:00:00+00:00,1678.5999755859375,1685.5999755859375,1670.0,1680.5,187589.0
2022-11-08 00:00:00+00:00,1678.0,1720.4000244140625,1667.0999755859375,1716.0,297618.0
2022-11-09 00:00:00+00:00,1715.199951171875,1725.800048828125,1705.0999755859375,1713.699951171875,239645.0
2022-11-10 00:00:00+00:00,1709.699951171875,1760.5999755859375,1705.5,1753.699951171875,305717.0
2022-11-11 00:00:00+00:00,1758.300048828125,1775.5999755859375,1750.300048828125,1769.4000244140625,227044.0
2022-11-14 00:00:00+00:00,1769.4000244140625,1778.4000244140625,1755.800048828125,1776.9000244140625,191347.0
2022-11-15 00:00:00+00:00,1774.0,1791.800048828125,1770.199951171875,1776.800048828125,283019.0
2022-11-16 00:00:00+00:00,1782.0,1788.199951171875,1773.4000244140625,1775.800048828125,200755.0
2022-11-17 00:00:00+00:00,1777.0,1777.5999755859375,1756.5999755859375,1763.0,169097.0
2022-11-18 00:00:00+00:00,1763.0999755859375,1769.9000244140625,1749.199951171875,1754.4000244140625,137327.0
2022-11-21 00:00:00+00:00,1752.0,1755.0,1733.9000244140625,1739.5999755859375,166082.0
2022-11-22 00:00:00+00:00,1739.699951171875,1751.0,1737.5999755859375,1739.9000244140625,153092.0
2022-11-23 00:00:00+00:00,1740.800048828125,1754.9000244140625,1719.0,1745.5999755859375,167770.0
2022-11-25 00:00:00+00:00,1751.0,1761.199951171875,1745.9000244140625,1754.0,134299.0
2022-11-28 00:00:00+00:00,1755.0,1763.5,1738.199951171875,1740.300048828125,132767.0
2022-11-29 00:00:00+00:00,1739.5,1758.199951171875,1737.9000244140625,1748.4000244140625,19416.0
2022-11-30 00:00:00+00:00,1748.0999755859375,1769.4000244140625,1745.0999755859375,1746.0,192239.0
2022-12-01 00:00:00+00:00,1783.0999755859375,1818.4000244140625,1782.9000244140625,1815.199951171875,226148.0
2022-12-02 00:00:00+00:00,1817.0,1818.699951171875,1791.800048828125,1809.5999755859375,183724.0
2022-12-05 00:00:00+00:00,1810.5,1822.9000244140625,1778.0999755859375,1781.300048828125,179818.0
2022-12-06 00:00:00+00:00,1780.800048828125,1793.199951171875,1779.0999755859375,1782.4000244140625,127856.0
2022-12-07 00:00:00+00:00,1783.300048828125,1803.199951171875,1780.5,1798.0,155568.0
2022-12-08 00:00:00+00:00,1799.5,1806.9000244140625,1793.199951171875,1801.5,116274.0
2022-12-09 00:00:00+00:00,1801.9000244140625,1819.0,1800.0999755859375,1810.699951171875,150938.0
2022-12-12 00:00:00+00:00,1808.0,1809.300048828125,1789.0,1792.300048828125,107782.0
2022-12-13 00:00:00+00:00,1792.300048828125,1836.9000244140625,1791.800048828125,1825.5,230911.0
2022-12-14 00:00:00+00:00,1822.5999755859375,1825.4000244140625,1806.199951171875,1818.699951171875,143804.0
2022-12-15 00:00:00+00:00,1818.699951171875,1819.699951171875,1782.0,1787.800048828125,185317.0
2022-12-16 00:00:00+00:00,1786.9000244140625,1804.199951171875,1783.9000244140625,1800.199951171875,128751.0
2022-12-19 00:00:00+00:00,1801.5999755859375,1808.5999755859375,1793.199951171875,1797.699951171875,86090.0
2022-12-20 00:00:00+00:00,1796.800048828125,1832.4000244140625,1793.699951171875,1825.4000244140625,197496.0
2022-12-21 00:00:00+00:00,1827.9000244140625,1833.800048828125,1821.300048828125,1825.4000244140625,110177.0
2022-12-22 00:00:00+00:00,1823.800048828125,1829.300048828125,1792.699951171875,1795.300048828125,175774.0
2022-12-23 00:00:00+00:00,1801.0,1812.199951171875,1798.9000244140625,1804.199951171875,105457.0
2022-12-27 00:00:00+00:00,1808.199951171875,1841.9000244140625,1808.0,1823.0999755859375,159616.0
2022-12-28 00:00:00+00:00,1822.4000244140625,1822.800048828125,1804.199951171875,1815.800048828125,118076.0
2022-12-29 00:00:00+00:00,1812.300048828125,1827.300048828125,1811.199951171875,1826.0,105992.0
2022-12-30 00:00:00+00:00,1821.800048828125,1832.4000244140625,1819.800048828125,1826.199951171875,107496.0
2023-01-03 00:00:00+00:00,1831.800048828125,1856.5999755859375,1831.300048828125,1846.0999755859375,212272.0
2023-01-04 00:00:00+00:00,1845.199951171875,1871.300048828125,1842.0,1859.0,198354.0
2023-01-05 00:00:00+00:00,1861.199951171875,1864.300048828125,1829.9000244140625,1840.5999755859375,188603.0
2023-01-06 00:00:00+00:00,1835.9000244140625,1875.199951171875,1835.199951171875,1869.699951171875,215367.0
2023-01-09 00:00:00+00:00,1872.800048828125,1886.4000244140625,1869.300048828125,1877.800048828125,204550.0
2023-01-10 00:00:00+00:00,1875.699951171875,1885.199951171875,1872.0,1876.5,170514.0
2023-01-11 00:00:00+00:00,1881.300048828125,1890.9000244140625,1870.9000244140625,1878.9000244140625,222250.0
2023-01-12 00:00:00+00:00,1879.699951171875,1906.5,1872.4000244140625,1898.800048828125,265174.0
2023-01-13 00:00:00+00:00,1898.800048828125,1925.300048828125,1895.0999755859375,1921.699951171875,247878.0
2023-01-17 00:00:00+00:00,1923.800048828125,1931.800048828125,1906.199951171875,1909.9000244140625,268368.0
2023-01-18 00:00:00+00:00,1911.0999755859375,1929.800048828125,1898.5999755859375,1907.0,218967.0
2023-01-19 00:00:00+00:00,1907.0,1936.9000244140625,1902.0,1923.9000244140625,214246.0
2023-01-20 00:00:00+00:00,1933.699951171875,1939.0,1922.0,1928.199951171875,165272.0
2023-01-23 00:00:00+00:00,1928.4000244140625,1936.699951171875,1912.5,1928.5999755859375,190094.0
2023-01-24 00:00:00+00:00,1932.0,1943.800048828125,1918.199951171875,1935.4000244140625,201713.0
2023-01-25 00:00:00+00:00,1938.699951171875,1949.5,1920.5999755859375,1942.5999755859375,190302.0
2023-01-26 00:00:00+00:00,1948.0,1949.800048828125,1918.4000244140625,1930.0,223255.0
2023-01-27 00:00:00+00:00,1929.300048828125,1935.4000244140625,1916.5,1929.4000244140625,150902.0
2023-01-30 00:00:00+00:00,1928.300048828125,1933.5999755859375,1920.300048828125,1922.9000244140625,27220.0
2023-01-31 00:00:00+00:00,1923.0,1930.4000244140625,1900.5999755859375,1929.5,194077.0
2023-02-01 00:00:00+00:00,1944.0,1970.800048828125,1936.0999755859375,1942.800048828125,210613.0
2023-02-02 00:00:00+00:00,1967.0999755859375,1975.199951171875,1925.5999755859375,1930.800048828125,259844.0
2023-02-03 00:00:00+00:00,1926.300048828125,1932.4000244140625,1874.5,1876.5999755859375,310612.0
2023-02-06 00:00:00+00:00,1878.0,1894.0,1873.199951171875,1879.5,164540.0
2023-02-07 00:00:00+00:00,1880.300048828125,1897.199951171875,1877.5,1884.800048828125,179673.0
2023-02-08 00:00:00+00:00,1885.0999755859375,1898.9000244140625,1881.4000244140625,1890.699951171875,131904.0
2023-02-09 00:00:00+00:00,1888.300048828125,1902.300048828125,1870.199951171875,1878.5,183551.0
2023-02-10 00:00:00+00:00,1873.5,1883.5,1863.5,1874.5,155270.0
2023-02-13 00:00:00+00:00,1876.699951171875,1877.199951171875,1860.800048828125,1863.5,131217.0
2023-02-14 00:00:00+00:00,1864.0999755859375,1881.5999755859375,1852.5,1865.4000244140625,217012.0
2023-02-15 00:00:00+00:00,1865.0999755859375,1870.9000244140625,1839.300048828125,1845.300048828125,169531.0
2023-02-16 00:00:00+00:00,1846.5,1854.9000244140625,1836.5999755859375,1851.800048828125,168509.0
2023-02-17 00:00:00+00:00,1845.699951171875,1853.0999755859375,1827.699951171875,1850.199951171875,165081.0
2023-02-21 00:00:00+00:00,1850.5,1856.4000244140625,1839.0,1842.5,210165.0
2023-02-22 00:00:00+00:00,1843.699951171875,1855.0,1831.9000244140625,1841.5,141500.0
2023-02-23 00:00:00+00:00,1834.699951171875,1841.199951171875,1824.800048828125,1826.800048828125,179972.0
2023-02-24 00:00:00+00:00,1829.699951171875,1835.0999755859375,1815.5,1817.0999755859375,169473.0
2023-02-27 00:00:00+00:00,1818.0,1827.300048828125,1812.0,1824.9000244140625,130427.0
2023-02-28 00:00:00+00:00,1823.9000244140625,1838.5999755859375,1810.800048828125,1836.699951171875,184507.0
2023-03-01 00:00:00+00:00,1834.0,1852.5,1829.5999755859375,1845.4000244140625,182583.0
2023-03-02 00:00:00+00:00,1843.800048828125,1845.300048828125,1835.9000244140625,1840.5,139755.0
2023-03-03 00:00:00+00:00,1842.0999755859375,1864.4000244140625,1842.0,1854.5999755859375,158961.0
2023-03-06 00:00:00+00:00,1861.0,1864.300048828125,1850.5999755859375,1854.5999755859375,136224.0
2023-03-07 00:00:00+00:00,1852.5999755859375,1856.9000244140625,1817.0999755859375,1820.0,248226.0
2023-03-08 00:00:00+00:00,1818.0,1828.699951171875,1813.4000244140625,1818.5999755859375,208292.0
2023-03-09 00:00:00+00:00,1818.0,1839.4000244140625,1815.4000244140625,1834.5999755859375,228473.0
2023-03-10 00:00:00+00:00,1835.0999755859375,1874.300048828125,1830.0,1867.199951171875,345814.0
2023-03-13 00:00:00+00:00,1877.0999755859375,1919.5,1875.699951171875,1916.5,452332.0
2023-03-14 00:00:00+00:00,1919.4000244140625,1919.4000244140625,1899.800048828125,1910.9000244140625,261275.0
2023-03-15 00:00:00+00:00,1908.199951171875,1942.5,1889.5,1931.300048828125,385454.0
2023-03-16 00:00:00+00:00,1922.800048828125,1938.0,1911.5,1923.0,248084.0
2023-03-17 00:00:00+00:00,1925.9000244140625,1993.699951171875,1922.300048828125,1973.5,351092.0
2023-03-20 00:00:00+00:00,1989.699951171875,2014.9000244140625,1970.0,1982.800048828125,338016.0
2023-03-21 00:00:00+00:00,1983.0999755859375,1988.699951171875,1938.5999755859375,1941.0999755859375,248934.0
2023-03-22 00:00:00+00:00,1943.5,1982.300048828125,1936.5,1949.5999755859375,245031.0
2023-03-23 00:00:00+00:00,1974.0,2006.0999755859375,1967.300048828125,1995.9000244140625,262247.0
2023-03-24 00:00:00+00:00,1996.0999755859375,2006.5,1977.699951171875,1983.800048828125,285442.0
2023-03-27 00:00:00+00:00,1982.5999755859375,1984.0,1945.0,1953.800048828125,206630.0
2023-03-28 00:00:00+00:00,1957.800048828125,1977.0999755859375,1949.9000244140625,1973.5,183582.0
2023-03-29 00:00:00+00:00,1975.4000244140625,1976.0,1959.5,1966.9000244140625,88563.0
2023-03-30 00:00:00+00:00,1965.9000244140625,1984.4000244140625,1954.9000244140625,1980.300048828125,10119.0
2023-03-31 00:00:00+00:00,1981.300048828125,1986.800048828125,1968.0,1969.0,162212.0
2023-04-03 00:00:00+00:00,1990.0,2008.0,1965.9000244140625,2000.4000244140625,187986.0
2023-04-04 00:00:00+00:00,2001.300048828125,2043.4000244140625,1994.0,2038.199951171875,233301.0
2023-04-05 00:00:00+00:00,2038.199951171875,2049.199951171875,2026.0999755859375,2035.5999755859375,197371.0
2023-04-06 00:00:00+00:00,2037.0999755859375,2037.699951171875,2016.5,2026.4000244140625,0.0
2023-04-10 00:00:00+00:00,2008.5999755859375,2021.5,1996.5,2003.800048828125,136231.0
2023-04-11 00:00:00+00:00,2007.0,2022.5,2003.699951171875,2019.0,126376.0
2023-04-12 00:00:00+00:00,2019.0999755859375,2043.9000244140625,2015.699951171875,2024.9000244140625,228494.0
2023-04-13 00:00:00+00:00,2029.5,2063.39990234375,2028.300048828125,2055.300048828125,198461.0
2023-04-14 00:00:00+00:00,2054.699951171875,2061.60009765625,2006.0,2015.800048828125,262825.0
2023-04-17 00:00:00+00:00,2014.0999755859375,2028.0,1993.4000244140625,2007.0,183425.0
2023-04-18 00:00:00+00:00,2007.9000244140625,2024.5999755859375,2003.300048828125,2019.699951171875,164975.0
2023-04-19 00:00:00+00:00,2017.9000244140625,2020.300048828125,1980.9000244140625,2007.300048828125,218808.0
2023-04-20 00:00:00+00:00,2007.699951171875,2024.199951171875,2002.199951171875,2019.0999755859375,162840.0
2023-04-21 00:00:00+00:00,2016.0999755859375,2016.800048828125,1982.300048828125,1990.5,210502.0
2023-04-24 00:00:00+00:00,1992.0,2001.5,1984.4000244140625,1999.800048828125,139878.0
2023-04-25 00:00:00+00:00,1999.4000244140625,2014.5,1986.199951171875,2004.5,222551.0
2023-04-26 00:00:00+00:00,2007.699951171875,2020.199951171875,1993.699951171875,1996.0,241399.0
2023-04-27 00:00:00+00:00,1999.800048828125,2013.300048828125,1982.0,1999.0,203898.0
2023-04-28 00:00:00+00:00,1997.199951171875,2004.0999755859375,1984.4000244140625,1999.0999755859375,172445.0
2023-05-01 00:00:00+00:00,2000.199951171875,2015.4000244140625,1985.699951171875,1992.199951171875,173016.0
2023-05-02 00:00:00+00:00,1990.5,2028.800048828125,1986.9000244140625,2023.300048828125,245637.0
2023-05-03 00:00:00+00:00,2026.4000244140625,2050.0,2016.0,2037.0,229674.0
2023-05-04 00:00:00+00:00,2054.699951171875,2085.39990234375,2038.5,2055.699951171875,311003.0
2023-05-05 00:00:00+00:00,2058.0,2061.300048828125,2007.0,2024.800048828125,283299.0
2023-05-08 00:00:00+00:00,2024.5999755859375,2037.0999755859375,2022.0,2033.199951171875,182213.0
2023-05-09 00:00:00+00:00,2028.4000244140625,2045.0999755859375,2026.4000244140625,2042.9000244140625,199701.0
2023-05-10 00:00:00+00:00,2041.5999755859375,2056.0,2028.300048828125,2037.0999755859375,260807.0
2023-05-11 00:00:00+00:00,2036.800048828125,2047.5999755859375,2016.699951171875,2020.5,296976.0
2023-05-12 00:00:00+00:00,2020.5,2027.800048828125,2005.699951171875,2019.800048828125,220500.0
2023-05-15 00:00:00+00:00,2013.4000244140625,2027.5,2011.199951171875,2022.699951171875,163251.0
2023-05-16 00:00:00+00:00,2021.300048828125,2022.699951171875,1989.0999755859375,1993.0,229938.0
2023-05-17 00:00:00+00:00,1993.0,1997.0,1978.0999755859375,1984.9000244140625,206552.0
2023-05-18 00:00:00+00:00,1985.5999755859375,1988.800048828125,1954.4000244140625,1959.800048828125,227733.0
2023-05-19 00:00:00+00:00,1960.5,1987.4000244140625,1956.300048828125,1981.5999755859375,234604.0
2023-05-22 00:00:00+00:00,1979.4000244140625,1984.800048828125,1970.699951171875,1977.199951171875,165768.0
2023-05-23 00:00:00+00:00,1973.9000244140625,1980.0,1955.800048828125,1974.5,214358.0
2023-05-24 00:00:00+00:00,1977.300048828125,1987.9000244140625,1958.4000244140625,1964.5999755859375,229885.0
2023-05-25 00:00:00+00:00,1959.5,1965.4000244140625,1939.0,1943.699951171875,253875.0
2023-05-26 00:00:00+00:00,1941.699951171875,1957.0999755859375,1936.0,1944.300048828125,166036.0
2023-05-30 00:00:00+00:00,1942.699951171875,1962.5999755859375,1931.0,1958.0,37838.0
2023-05-31 00:00:00+00:00,1958.199951171875,1973.0,1953.0,1963.9000244140625,207753.0
2023-06-01 00:00:00+00:00,1981.300048828125,2000.699951171875,1970.0999755859375,1995.5,176911.0
2023-06-02 00:00:00+00:00,1994.5999755859375,2000.5,1963.699951171875,1969.5999755859375,209694.0
2023-06-05 00:00:00+00:00,1962.300048828125,1980.4000244140625,1953.800048828125,1974.300048828125,179985.0
2023-06-06 00:00:00+00:00,1978.0,1982.9000244140625,1970.300048828125,1981.5,135995.0
2023-06-07 00:00:00+00:00,1980.0,1986.5,1955.4000244140625,1958.4000244140625,189529.0
2023-06-08 00:00:00+00:00,1956.199951171875,1985.699951171875,1955.199951171875,1978.5999755859375,191843.0
2023-06-09 00:00:00+00:00,1980.5,1987.800048828125,1971.0,1977.199951171875,130408.0
2023-06-12 00:00:00+00:00,1975.5999755859375,1981.4000244140625,1963.0999755859375,1969.699951171875,122542.0
2023-06-13 00:00:00+00:00,1971.4000244140625,1985.9000244140625,1953.0,1958.5999755859375,198397.0
2023-06-14 00:00:00+00:00,1957.199951171875,1973.9000244140625,1952.5,1968.9000244140625,199710.0
2023-06-15 00:00:00+00:00,1955.699951171875,1972.800048828125,1936.0999755859375,1970.699951171875,266353.0
2023-06-16 00:00:00+00:00,1970.300048828125,1980.4000244140625,1965.4000244140625,1971.199951171875,160514.0
2023-06-20 00:00:00+00:00,1970.699951171875,1971.800048828125,1940.800048828125,1947.699951171875,250140.0
2023-06-21 00:00:00+00:00,1948.0,1950.4000244140625,1929.300048828125,1944.9000244140625,182021.0
2023-06-22 00:00:00+00:00,1943.300048828125,1945.0999755859375,1922.0,1923.699951171875,171779.0
2023-06-23 00:00:00+00:00,1923.5,1949.0,1919.5,1929.5999755859375,186861.0
2023-06-26 00:00:00+00:00,1936.300048828125,1943.4000244140625,1931.0999755859375,1933.800048828125,147769.0
2023-06-27 00:00:00+00:00,1932.699951171875,1940.300048828125,1919.800048828125,1923.800048828125,180436.0
2023-06-28 00:00:00+00:00,1923.0999755859375,1926.0999755859375,1911.4000244140625,1922.199951171875,162493.0
2023-06-29 00:00:00+00:00,1916.5,1921.300048828125,1900.5999755859375,1917.9000244140625,205252.0
2023-06-30 00:00:00+00:00,1916.4000244140625,1930.800048828125,1908.0999755859375,1929.4000244140625,180688.0
2023-07-03 00:00:00+00:00,1927.800048828125,1939.9000244140625,1917.699951171875,1929.5,152959.0
2023-07-05 00:00:00+00:00,1929.0999755859375,1942.9000244140625,1922.0999755859375,1927.0999755859375,245932.0
2023-07-06 00:00:00+00:00,1922.4000244140625,1934.0,1908.5,1915.4000244140625,231513.0
2023-07-07 00:00:00+00:00,1916.5999755859375,1941.0999755859375,1915.4000244140625,1932.5,214272.0
2023-07-10 00:00:00+00:00,1930.699951171875,1933.699951171875,1918.0,1931.0,208085.0
2023-07-11 00:00:00+00:00,1930.800048828125,1944.5,1929.800048828125,1937.0999755859375,189372.0
2023-07-12 00:00:00+00:00,1938.0,1965.0999755859375,1937.5,1961.699951171875,270869.0
2023-07-13 00:00:00+00:00,1962.699951171875,1968.5,1956.5999755859375,1963.800048828125,241215.0
2023-07-14 00:00:00+00:00,1965.199951171875,1967.800048828125,1954.699951171875,1964.4000244140625,209306.0
2023-07-17 00:00:00+00:00,1958.5999755859375,1963.5999755859375,1949.0,1956.4000244140625,165833.0
2023-07-18 00:00:00+00:00,1958.300048828125,1988.300048828125,1958.0999755859375,1980.800048828125,264086.0
2023-07-19 00:00:00+00:00,1982.5,1984.5999755859375,1973.300048828125,1980.800048828125,159409.0
2023-07-20 00:00:00+00:00,1980.0,1989.800048828125,1967.699951171875,1970.9000244140625,189926.0
2023-07-21 00:00:00+00:00,1972.0999755859375,1975.9000244140625,1958.800048828125,1966.5999755859375,156540.0
2023-07-24 00:00:00+00:00,1963.5999755859375,1969.800048828125,1955.300048828125,1962.199951171875,197213.0
2023-07-25 00:00:00+00:00,1957.0,1967.0999755859375,1951.5999755859375,1963.699951171875,188848.0
2023-07-26 00:00:00+00:00,1966.300048828125,1979.9000244140625,1963.199951171875,1970.0999755859375,208106.0
2023-07-27 00:00:00+00:00,1973.300048828125,1982.5999755859375,1941.699951171875,1945.699951171875,194253.0
2023-07-28 00:00:00+00:00,1945.5,1962.199951171875,1944.199951171875,1960.4000244140625,23155.0
2023-07-31 00:00:00+00:00,1959.199951171875,1971.5999755859375,1950.0,1970.5,139955.0
2023-08-01 00:00:00+00:00,2004.199951171875,2004.4000244140625,1978.300048828125,1978.800048828125,167756.0
2023-08-02 00:00:00+00:00,1988.9000244140625,1992.199951171875,1969.0999755859375,1975.0,169658.0
2023-08-03 00:00:00+00:00,1970.800048828125,1974.5,1964.5,1968.800048828125,141345.0
2023-08-04 00:00:00+00:00,1969.5999755859375,1984.199951171875,1954.5,1976.0999755859375,156416.0
2023-08-07 00:00:00+00:00,1977.5999755859375,1981.699951171875,1966.0999755859375,1970.0,104407.0
2023-08-08 00:00:00+00:00,1971.5,1972.800048828125,1956.5,1959.9000244140625,142336.0
2023-08-09 00:00:00+00:00,1959.300048828125,1966.0999755859375,1947.199951171875,1950.5999755859375,139259.0
2023-08-10 00:00:00+00:00,1947.699951171875,1963.5,1944.4000244140625,1948.9000244140625,168264.0
2023-08-11 00:00:00+00:00,1944.9000244140625,1953.5999755859375,1942.699951171875,1946.5999755859375,122320.0
2023-08-14 00:00:00+00:00,1945.5999755859375,1948.199951171875,1934.199951171875,1944.0,120983.0
2023-08-15 00:00:00+00:00,1939.4000244140625,1944.300048828125,1927.5,1935.199951171875,167153.0
2023-08-16 00:00:00+00:00,1933.0999755859375,1938.199951171875,1922.0,1928.300048828125,128612.0
2023-08-17 00:00:00+00:00,1922.4000244140625,1933.5,1914.199951171875,1915.199951171875,152329.0
2023-08-18 00:00:00+00:00,1919.199951171875,1926.0,1915.9000244140625,1916.5,114737.0
2023-08-21 00:00:00+00:00,1918.4000244140625,1927.9000244140625,1913.5999755859375,1923.0,138109.0
2023-08-22 00:00:00+00:00,1924.0,1933.199951171875,1917.5,1926.0,131088.0
2023-08-23 00:00:00+00:00,1926.800048828125,1949.699951171875,1926.199951171875,1948.0999755859375,170040.0
2023-08-24 00:00:00+00:00,1944.9000244140625,1951.300048828125,1939.199951171875,1947.0999755859375,137393.0
2023-08-25 00:00:00+00:00,1944.9000244140625,1950.4000244140625,1931.0,1939.9000244140625,166988.0
2023-08-28 00:00:00+00:00,1944.0,1954.199951171875,1940.0999755859375,1946.800048828125,115553.0
2023-08-29 00:00:00+00:00,1948.0999755859375,1966.5,1941.699951171875,1965.0999755859375,174220.0
2023-08-30 00:00:00+00:00,1966.0,1977.0999755859375,1962.800048828125,1973.0,142380.0
2023-08-31 00:00:00+00:00,1970.199951171875,1974.9000244140625,1965.5,1965.9000244140625,133712.0
2023-09-01 00:00:00+00:00,1966.4000244140625,1980.199951171875,1960.699951171875,1967.0999755859375,160725.0
2023-09-05 00:00:00+00:00,1966.699951171875,1972.5999755859375,1950.5999755859375,1952.5999755859375,192789.0
2023-09-06 00:00:00+00:00,1951.5,1954.5,1940.0,1944.199951171875,148775.0
2023-09-07 00:00:00+00:00,1942.199951171875,1947.9000244140625,1940.300048828125,1942.5,117168.0
2023-09-08 00:00:00+00:00,1943.800048828125,1954.0,1940.800048828125,1942.699951171875,138694.0
2023-09-11 00:00:00+00:00,1943.300048828125,1954.5999755859375,1939.5,1947.199951171875,131076.0
2023-09-12 00:00:00+00:00,1945.5999755859375,1947.5,1929.9000244140625,1935.0999755859375,161993.0
2023-09-13 00:00:00+00:00,1935.199951171875,1938.4000244140625,1927.199951171875,1932.5,161003.0
2023-09-14 00:00:00+00:00,1930.699951171875,1934.5,1921.699951171875,1932.800048828125,201744.0
2023-09-15 00:00:00+00:00,1932.5,1952.4000244140625,1931.199951171875,1946.199951171875,199773.0
2023-09-18 00:00:00+00:00,1945.699951171875,1955.699951171875,1943.800048828125,1953.4000244140625,138031.0
2023-09-19 00:00:00+00:00,1955.300048828125,1958.9000244140625,1950.9000244140625,1953.699951171875,131097.0
2023-09-20 00:00:00+00:00,1953.0,1968.9000244140625,1948.5999755859375,1967.0999755859375,220980.0
2023-09-21 00:00:00+00:00,1952.0,1952.199951171875,1933.0999755859375,1939.5999755859375,225908.0
2023-09-22 00:00:00+00:00,1939.5999755859375,1949.0999755859375,1939.5999755859375,1945.5999755859375,139926.0
2023-09-25 00:00:00+00:00,1944.699951171875,1946.800048828125,1933.800048828125,1936.5999755859375,164259.0
2023-09-26 00:00:00+00:00,1935.0999755859375,1935.5,1917.199951171875,1919.800048828125,212263.0
2023-09-27 00:00:00+00:00,1918.800048828125,1921.699951171875,1890.300048828125,1890.9000244140625,238525.0
2023-09-28 00:00:00+00:00,1893.300048828125,1896.800048828125,1874.5,1878.5999755859375,231419.0
2023-09-29 00:00:00+00:00,1882.300048828125,1896.699951171875,1862.300048828125,1866.0999755859375,245131.0
2023-10-02 00:00:00+00:00,1864.4000244140625,1864.699951171875,1842.699951171875,1847.199951171875,202147.0
2023-10-03 00:00:00+00:00,1844.9000244140625,1849.300048828125,1830.9000244140625,1841.5,216784.0
2023-10-04 00:00:00+00:00,1838.699951171875,1846.800048828125,1831.5999755859375,1834.800048828125,195048.0
2023-10-05 00:00:00+00:00,1837.5999755859375,1843.5,1826.199951171875,1831.800048828125,172464.0
2023-10-06 00:00:00+00:00,1834.300048828125,1849.0,1823.5,1845.199951171875,231024.0
2023-10-09 00:00:00+00:00,1861.0,1877.300048828125,1857.5,1864.300048828125,187802.0
2023-10-10 00:00:00+00:00,1875.4000244140625,1879.0999755859375,1866.0999755859375,1875.300048828125,157340.0
2023-10-11 00:00:00+00:00,1873.699951171875,1890.9000244140625,1871.699951171875,1887.300048828125,169964.0
2023-10-12 00:00:00+00:00,1888.0999755859375,1898.300048828125,1880.5999755859375,1883.0,163475.0
2023-10-13 00:00:00+00:00,1881.699951171875,1946.199951171875,1881.5,1941.5,312994.0
2023-10-16 00:00:00+00:00,1941.300048828125,1943.0,1921.199951171875,1934.300048828125,182823.0
2023-10-17 00:00:00+00:00,1933.300048828125,1944.5,1924.5999755859375,1935.699951171875,165063.0
2023-10-18 00:00:00+00:00,1936.699951171875,1975.800048828125,1935.9000244140625,1968.300048828125,270045.0
2023-10-19 00:00:00+00:00,1960.0999755859375,1990.199951171875,1957.0,1980.5,264821.0
2023-10-20 00:00:00+00:00,1988.0,2009.199951171875,1983.699951171875,1994.4000244140625,289109.0
2023-10-23 00:00:00+00:00,1987.699951171875,1994.300048828125,1971.0,1987.800048828125,212290.0
2023-10-24 00:00:00+00:00,1984.0999755859375,1992.0,1964.5999755859375,1986.0999755859375,200943.0
2023-10-25 00:00:00+00:00,1982.699951171875,1998.5999755859375,1973.5999755859375,1994.9000244140625,240655.0
2023-10-26 00:00:00+00:00,1991.199951171875,2003.699951171875,1981.5999755859375,1997.4000244140625,214053.0
2023-10-27 00:00:00+00:00,1995.0,2019.699951171875,1986.4000244140625,1998.5,213757.0
2023-10-30 00:00:00+00:00,2013.5,2016.800048828125,1999.699951171875,2005.5999755859375,181339.0
2023-10-31 00:00:00+00:00,2005.5999755859375,2017.699951171875,1987.4000244140625,1994.300048828125,214776.0
2023-11-01 00:00:00+00:00,1993.300048828125,2005.9000244140625,1978.199951171875,1987.5,197629.0
2023-11-02 00:00:00+00:00,1992.0,1999.199951171875,1986.300048828125,1993.5,158650.0
2023-11-03 00:00:00+00:00,1993.5,2011.9000244140625,1989.300048828125,1999.199951171875,222189.0
2023-11-06 00:00:00+00:00,1999.4000244140625,2000.0999755859375,1984.199951171875,1988.5999755859375,146279.0
2023-11-07 00:00:00+00:00,1984.800048828125,1985.199951171875,1962.800048828125,1973.5,218948.0
2023-11-08 00:00:00+00:00,1975.300048828125,1977.5,1953.199951171875,1957.800048828125,189359.0
2023-11-09 00:00:00+00:00,1955.5,1971.5,1948.300048828125,1969.800048828125,214077.0
2023-11-10 00:00:00+00:00,1964.0999755859375,1965.5999755859375,1936.9000244140625,1937.699951171875,229637.0
2023-11-13 00:00:00+00:00,1943.4000244140625,1953.5,1935.5999755859375,1950.199951171875,183702.0
2023-11-14 00:00:00+00:00,1950.300048828125,1975.300048828125,1938.800048828125,1966.5,180741.0
2023-11-15 00:00:00+00:00,1966.9000244140625,1979.199951171875,1958.800048828125,1964.300048828125,142924.0
2023-11-16 00:00:00+00:00,1963.0,1991.0999755859375,1959.0,1987.300048828125,186810.0
2023-11-17 00:00:00+00:00,1984.199951171875,1996.4000244140625,1981.0999755859375,1984.699951171875,133120.0
2023-11-20 00:00:00+00:00,1980.9000244140625,1987.800048828125,1967.199951171875,1980.300048828125,177887.0
2023-11-21 00:00:00+00:00,1980.0,2009.800048828125,1979.9000244140625,2001.5999755859375,230024.0
2023-11-22 00:00:00+00:00,2000.300048828125,2008.300048828125,1988.5999755859375,1992.800048828125,199370.0
2023-11-23 00:00:00+00:00,1991.199951171875,1999.5,1990.9000244140625,1993.300048828125,199370.0
2023-11-24 00:00:00+00:00,1991.199951171875,2004.5,1990.9000244140625,2003.0,214880.0
2023-11-27 00:00:00+00:00,2002.5,2018.9000244140625,2001.4000244140625,2012.4000244140625,251250.0
2023-11-28 00:00:00+00:00,2014.300048828125,2044.0999755859375,2011.5,2040.0,174665.0
2023-11-29 00:00:00+00:00,2041.699951171875,2052.10009765625,2036.0,2047.0999755859375,15290.0
2023-11-30 00:00:00+00:00,2046.0999755859375,2047.0999755859375,2033.0999755859375,2038.0999755859375,151918.0
2023-12-01 00:00:00+00:00,2056.5,2095.699951171875,2052.60009765625,2089.699951171875,241615.0
2023-12-04 00:00:00+00:00,2094.39990234375,2152.300048828125,2038.4000244140625,2042.199951171875,378224.0
2023-12-05 00:00:00+00:00,2049.0,2059.60009765625,2027.5999755859375,2036.300048828125,209549.0
2023-12-06 00:00:00+00:00,2037.800048828125,2053.39990234375,2035.300048828125,2047.9000244140625,154219.0
2023-12-07 00:00:00+00:00,2043.4000244140625,2057.199951171875,2036.5999755859375,2046.4000244140625,173977.0
2023-12-08 00:00:00+00:00,2045.699951171875,2050.39990234375,2010.5999755859375,2014.5,237289.0
2023-12-11 00:00:00+00:00,2020.0,2023.699951171875,1991.199951171875,1993.699951171875,160072.0
2023-12-12 00:00:00+00:00,1997.800048828125,2012.5,1992.300048828125,1993.199951171875,148532.0
2023-12-13 00:00:00+00:00,1995.0999755859375,2043.300048828125,1987.9000244140625,1997.300048828125,192679.0
2023-12-14 00:00:00+00:00,2043.199951171875,2062.89990234375,2039.0999755859375,2044.9000244140625,231095.0
2023-12-15 00:00:00+00:00,2051.300048828125,2059.60009765625,2029.199951171875,2035.699951171875,172147.0
2023-12-18 00:00:00+00:00,2033.300048828125,2048.0,2029.5,2040.5,141406.0
2023-12-19 00:00:00+00:00,2041.0999755859375,2061.0,2034.800048828125,2052.10009765625,134781.0
2023-12-20 00:00:00+00:00,2053.800048828125,2056.89990234375,2040.5999755859375,2047.699951171875,122567.0
2023-12-21 00:00:00+00:00,2044.4000244140625,2058.0,2043.300048828125,2051.300048828125,119952.0
2023-12-22 00:00:00+00:00,2061.199951171875,2083.0,2058.199951171875,2069.10009765625,170150.0
2023-12-26 00:00:00+00:00,2066.0,2080.5,2065.10009765625,2069.800048828125,79573.0
2023-12-27 00:00:00+00:00,2079.300048828125,2095.800048828125,2072.800048828125,2093.10009765625,128179.0
2023-12-28 00:00:00+00:00,2089.5,2098.199951171875,2074.60009765625,2083.5,129544.0
2023-12-29 00:00:00+00:00,2076.10009765625,2084.10009765625,2067.60009765625,2071.800048828125,105724.0
2024-01-02 00:00:00+00:00,2072.699951171875,2088.10009765625,2064.300048828125,2073.39990234375,157555.0
2024-01-03 00:00:00+00:00,2067.89990234375,2074.300048828125,2038.300048828125,2042.800048828125,221680.0
2024-01-04 00:00:00+00:00,2049.300048828125,2058.10009765625,2043.300048828125,2050.0,130263.0
2024-01-05 00:00:00+00:00,2051.39990234375,2071.10009765625,2030.800048828125,2049.800048828125,214684.0
2024-01-08 00:00:00+00:00,2052.60009765625,2053.300048828125,2022.699951171875,2033.5,220988.0
2024-01-09 00:00:00+00:00,2034.5,2048.60009765625,2031.9000244140625,2033.0,218745.0
2024-01-10 00:00:00+00:00,2036.0,2046.199951171875,2025.9000244140625,2027.800048828125,205007.0
2024-01-11 00:00:00+00:00,2029.4000244140625,2056.10009765625,2017.300048828125,2019.199951171875,301337.0
2024-01-12 00:00:00+00:00,2033.199951171875,2067.300048828125,2033.0999755859375,2051.60009765625,272352.0
2024-01-16 00:00:00+00:00,2053.39990234375,2062.800048828125,2027.5999755859375,2030.199951171875,285254.0
2024-01-17 00:00:00+00:00,2031.699951171875,2036.0999755859375,2004.5999755859375,2006.5,254292.0
2024-01-18 00:00:00+00:00,2009.0999755859375,2025.5999755859375,2007.699951171875,2021.5999755859375,171928.0
2024-01-19 00:00:00+00:00,2027.4000244140625,2041.9000244140625,2022.199951171875,2029.300048828125,172805.0
2024-01-22 00:00:00+00:00,2031.800048828125,2034.0999755859375,2017.4000244140625,2022.199951171875,152756.0
2024-01-23 00:00:00+00:00,2023.199951171875,2039.300048828125,2020.800048828125,2025.800048828125,156699.0
2024-01-24 00:00:00+00:00,2030.699951171875,2037.9000244140625,2011.699951171875,2016.0,234459.0
2024-01-25 00:00:00+00:00,2014.800048828125,2025.5999755859375,2004.0,2017.800048828125,196670.0
2024-01-26 00:00:00+00:00,2021.0,2028.0999755859375,2015.5999755859375,2017.300048828125,119588.0
2024-01-29 00:00:00+00:00,2024.4000244140625,2037.199951171875,2018.800048828125,2025.4000244140625,150708.0
2024-01-30 00:00:00+00:00,2032.5,2048.5,2028.0999755859375,2031.5,26907.0
2024-01-31 00:00:00+00:00,2035.4000244140625,2055.0,2030.0,2048.39990234375,238373.0
2024-02-01 00:00:00+00:00,2057.89990234375,2083.199951171875,2046.4000244140625,2071.10009765625,260921.0
2024-02-02 00:00:00+00:00,2072.0,2074.699951171875,2044.199951171875,2053.699951171875,219800.0
2024-02-05 00:00:00+00:00,2057.89990234375,2059.10009765625,2030.800048828125,2042.9000244140625,170431.0
2024-02-06 00:00:00+00:00,2041.4000244140625,2055.300048828125,2038.800048828125,2051.39990234375,126384.0
2024-02-07 00:00:00+00:00,2052.60009765625,2061.300048828125,2046.4000244140625,2051.699951171875,125631.0
2024-02-08 00:00:00+00:00,2051.0,2053.800048828125,2034.5999755859375,2047.9000244140625,137076.0
2024-02-09 00:00:00+00:00,2049.699951171875,2051.89990234375,2034.300048828125,2038.699951171875,116031.0
2024-02-12 00:00:00+00:00,2038.199951171875,2041.800048828125,2025.4000244140625,2033.0,116025.0
2024-02-13 00:00:00+00:00,2033.699951171875,2047.300048828125,2002.800048828125,2007.199951171875,217571.0
2024-02-14 00:00:00+00:00,2006.300048828125,2008.800048828125,1996.4000244140625,2004.300048828125,193607.0
2024-02-15 00:00:00+00:00,2004.800048828125,2020.199951171875,2001.800048828125,2014.9000244140625,204249.0
2024-02-16 00:00:00+00:00,2016.0999755859375,2027.199951171875,2006.5999755859375,2024.0999755859375,162356.0
2024-02-20 00:00:00+00:00,2027.699951171875,2042.699951171875,2023.9000244140625,2039.800048828125,202432.0
2024-02-21 00:00:00+00:00,2036.199951171875,2043.5,2030.9000244140625,2034.300048828125,120599.0
2024-02-22 00:00:00+00:00,2036.5,2045.5,2029.300048828125,2030.699951171875,147947.0
2024-02-23 00:00:00+00:00,2034.0999755859375,2053.199951171875,2025.4000244140625,2049.39990234375,212029.0
2024-02-26 00:00:00+00:00,2044.199951171875,2046.800048828125,2034.0999755859375,2038.9000244140625,129021.0
2024-02-27 00:00:00+00:00,2041.199951171875,2049.10009765625,2038.0999755859375,2044.0999755859375,148780.0
2024-02-28 00:00:00+00:00,2039.699951171875,2047.4000244140625,2033.4000244140625,2042.699951171875,137077.0
2024-02-29 00:00:00+00:00,2043.800048828125,2059.39990234375,2036.0,2054.699951171875,227074.0
2024-03-01 00:00:00+00:00,2052.800048828125,2097.10009765625,2047.0,2095.699951171875,330592.0
2024-03-04 00:00:00+00:00,2091.60009765625,2128.39990234375,2088.10009765625,2126.300048828125,328253.0
2024-03-05 00:00:00+00:00,2123.300048828125,2150.5,2118.5,2141.89990234375,283148.0
2024-03-06 00:00:00+00:00,2136.39990234375,2160.699951171875,2131.89990234375,2158.199951171875,319763.0
2024-03-07 00:00:00+00:00,2156.699951171875,2172.199951171875,2151.699951171875,2165.199951171875,267795.0
2024-03-08 00:00:00+00:00,2166.60009765625,2203.0,2161.199951171875,2185.5,389682.0
2024-03-11 00:00:00+00:00,2187.60009765625,2195.5,2180.89990234375,2188.60009765625,242418.0
2024-03-12 00:00:00+00:00,2189.10009765625,2190.800048828125,2156.199951171875,2166.10009765625,316254.0
2024-03-13 00:00:00+00:00,2163.60009765625,2185.60009765625,2161.300048828125,2180.800048828125,232273.0
2024-03-14 00:00:00+00:00,2179.5,2181.300048828125,2157.0,2167.5,207225.0
2024-03-15 00:00:00+00:00,2166.199951171875,2176.89990234375,2158.699951171875,2161.5,187847.0
2024-03-18 00:00:00+00:00,2159.89990234375,2167.199951171875,2149.199951171875,2164.300048828125,211858.0
2024-03-19 00:00:00+00:00,2164.0,2166.300048828125,2150.199951171875,2159.699951171875,178162.0
2024-03-20 00:00:00+00:00,2161.39990234375,2192.199951171875,2152.300048828125,2161.0,233572.0
2024-03-21 00:00:00+00:00,2190.199951171875,2225.300048828125,2168.199951171875,2184.699951171875,391750.0
2024-03-22 00:00:00+00:00,2183.39990234375,2188.0,2158.39990234375,2160.0,205808.0
2024-03-25 00:00:00+00:00,2166.60009765625,2182.5,2164.39990234375,2176.39990234375,211610.0
2024-03-26 00:00:00+00:00,2173.0,2200.60009765625,2168.300048828125,2177.199951171875,202373.0
2024-03-27 00:00:00+00:00,2179.39990234375,2196.199951171875,2172.10009765625,2190.60009765625,31200.0
2024-03-28 00:00:00+00:00,2193.60009765625,2234.10009765625,2187.10009765625,2217.39990234375,250248.0
2024-04-01 00:00:00+00:00,2259.199951171875,2286.39990234375,2249.10009765625,2257.10009765625,220767.0
2024-04-02 00:00:00+00:00,2272.699951171875,2301.89990234375,2267.10009765625,2281.800048828125,277228.0
2024-04-03 00:00:00+00:00,2301.699951171875,2321.800048828125,2285.699951171875,2315.0,254574.0
2024-04-04 00:00:00+00:00,2321.0,2325.300048828125,2298.699951171875,2308.5,236227.0
2024-04-05 00:00:00+00:00,2309.5,2350.0,2286.199951171875,2345.39990234375,293212.0
2024-04-08 00:00:00+00:00,2343.60009765625,2372.5,2321.699951171875,2351.0,285570.0
2024-04-09 00:00:00+00:00,2358.10009765625,2384.5,2355.699951171875,2362.39990234375,279608.0
2024-04-10 00:00:00+00:00,2372.39990234375,2378.10009765625,2337.10009765625,2348.39990234375,353847.0
2024-04-11 00:00:00+00:00,2351.699951171875,2395.60009765625,2343.10009765625,2372.699951171875,260415.0
2024-04-12 00:00:00+00:00,2389.39990234375,2448.800048828125,2350.60009765625,2374.10009765625,479894.0
2024-04-15 00:00:00+00:00,2369.39990234375,2404.300048828125,2340.199951171875,2383.0,343730.0
2024-04-16 00:00:00+00:00,2399.10009765625,2414.800048828125,2379.199951171875,2407.800048828125,297592.0
2024-04-17 00:00:00+00:00,2398.0,2412.0,2370.699951171875,2388.39990234375,284352.0
2024-04-18 00:00:00+00:00,2377.89990234375,2408.0,2377.199951171875,2398.0,200546.0
2024-04-19 00:00:00+00:00,2394.0,2433.300048828125,2386.800048828125,2413.800048828125,275405.0
2024-04-22 00:00:00+00:00,2403.699951171875,2404.300048828125,2338.199951171875,2346.39990234375,262673.0
2024-04-23 00:00:00+00:00,2342.300048828125,2347.89990234375,2304.60009765625,2342.10009765625,270225.0
2024-04-24 00:00:00+00:00,2335.699951171875,2350.89990234375,2324.800048828125,2338.39990234375,187699.0
2024-04-25 00:00:00+00:00,2327.39990234375,2357.60009765625,2316.39990234375,2342.5,224471.0
2024-04-26 00:00:00+00:00,2344.199951171875,2364.39990234375,2338.0,2347.199951171875,171011.0
2024-04-29 00:00:00+00:00,2347.60009765625,2358.89990234375,2331.0,2357.699951171875,187309.0
2024-04-30 00:00:00+00:00,2347.0,2347.60009765625,2296.199951171875,2302.89990234375,229064.0
2024-05-01 00:00:00+00:00,2298.199951171875,2339.5,2291.699951171875,2311.0,227384.0
2024-05-02 00:00:00+00:00,2329.89990234375,2336.10009765625,2294.300048828125,2309.60009765625,193658.0
2024-05-03 00:00:00+00:00,2313.5,2330.699951171875,2285.199951171875,2308.60009765625,231400.0
2024-05-06 00:00:00+00:00,2312.800048828125,2341.89990234375,2300.60009765625,2331.199951171875,191895.0
2024-05-07 00:00:00+00:00,2334.800048828125,2338.699951171875,2318.199951171875,2324.199951171875,204623.0
2024-05-08 00:00:00+00:00,2322.0,2329.60009765625,2311.39990234375,2322.300048828125,214693.0
2024-05-09 00:00:00+00:00,2316.5,2354.199951171875,2312.89990234375,2340.300048828125,249092.0
2024-05-10 00:00:00+00:00,2353.5,2385.300048828125,2352.0,2375.0,275241.0
2024-05-13 00:00:00+00:00,2369.10009765625,2370.800048828125,2337.60009765625,2343.0,243075.0
2024-05-14 00:00:00+00:00,2342.300048828125,2365.199951171875,2340.5,2359.89990234375,192076.0
2024-05-15 00:00:00+00:00,2362.89990234375,2396.10009765625,2357.10009765625,2394.89990234375,249843.0
2024-05-16 00:00:00+00:00,2391.5,2402.699951171875,2375.199951171875,2385.5,191026.0
2024-05-17 00:00:00+00:00,2381.39990234375,2427.39990234375,2377.800048828125,2417.39990234375,218553.0
2024-05-20 00:00:00+00:00,2422.199951171875,2454.199951171875,2411.10009765625,2438.5,281430.0
2024-05-21 00:00:00+00:00,2431.5,2438.199951171875,2408.5,2425.89990234375,229421.0
2024-05-22 00:00:00+00:00,2425.39990234375,2430.5,2378.0,2392.89990234375,253852.0
2024-05-23 00:00:00+00:00,2383.0,2385.699951171875,2328.10009765625,2337.199951171875,273658.0
2024-05-24 00:00:00+00:00,2330.39990234375,2349.0,2326.300048828125,2334.5,178343.0
2024-05-28 00:00:00+00:00,2338.0,2365.5,2333.800048828125,2356.5,316223.0
2024-05-29 00:00:00+00:00,2362.5,2363.699951171875,2334.199951171875,2341.199951171875,119317.0
2024-05-30 00:00:00+00:00,2336.89990234375,2349.5,2320.800048828125,2342.89990234375,32587.0
2024-05-31 00:00:00+00:00,2344.10009765625,2354.0,2319.0,2322.89990234375,183406.0
2024-06-03 00:00:00+00:00,2348.0,2375.5,2334.800048828125,2369.300048828125,173149.0
2024-06-04 00:00:00+00:00,2371.300048828125,2373.10009765625,2335.10009765625,2347.39990234375,171547.0
2024-06-05 00:00:00+00:00,2347.10009765625,2377.60009765625,2345.300048828125,2375.5,171862.0
2024-06-06 00:00:00+00:00,2375.300048828125,2397.800048828125,2372.199951171875,2390.89990234375,172202.0
2024-06-07 00:00:00+00:00,2395.699951171875,2406.699951171875,2304.199951171875,2325.0,314551.0
2024-06-10 00:00:00+00:00,2311.0,2331.300048828125,2304.5,2327.0,142888.0
2024-06-11 00:00:00+00:00,2329.5,2337.300048828125,2314.5,2326.60009765625,145501.0
2024-06-12 00:00:00+00:00,2334.0,2358.800048828125,2327.199951171875,2354.800048828125,241670.0
2024-06-13 00:00:00+00:00,2340.89990234375,2342.39990234375,2310.89990234375,2318.0,182657.0
2024-06-14 00:00:00+00:00,2319.60009765625,2352.300048828125,2316.699951171875,2349.10009765625,163367.0
2024-06-17 00:00:00+00:00,2348.5,2348.699951171875,2324.300048828125,2329.0,122702.0
2024-06-18 00:00:00+00:00,2333.699951171875,2348.199951171875,2320.199951171875,2346.89990234375,154251.0
2024-06-20 00:00:00+00:00,2344.199951171875,2379.5,2338.5,2369.0,252687.0
2024-06-21 00:00:00+00:00,2373.800048828125,2382.60009765625,2329.199951171875,2331.199951171875,194824.0
2024-06-24 00:00:00+00:00,2333.5,2347.5,2329.5,2344.39990234375,117625.0
2024-06-25 00:00:00+00:00,2346.800048828125,2349.699951171875,2327.10009765625,2330.800048828125,144271.0
2024-06-26 00:00:00+00:00,2331.800048828125,2335.800048828125,2304.699951171875,2313.199951171875,191628.0
2024-06-27 00:00:00+00:00,2309.39990234375,2342.0,2306.800048828125,2336.60009765625,140228.0
2024-06-28 00:00:00+00:00,2338.60009765625,2350.60009765625,2329.699951171875,2339.60009765625,135383.0
2024-07-01 00:00:00+00:00,2336.199951171875,2348.800048828125,2328.199951171875,2338.89990234375,142601.0
2024-07-02 00:00:00+00:00,2341.60009765625,2346.10009765625,2327.39990234375,2333.39990234375,153709.0
2024-07-03 00:00:00+00:00,2338.60009765625,2374.5,2335.699951171875,2369.39990234375,193642.0
2024-07-05 00:00:00+00:00,2365.800048828125,2401.5,2356.0,2397.699951171875,293254.0
2024-07-08 00:00:00+00:00,2396.199951171875,2399.300048828125,2358.300048828125,2363.5,240781.0
2024-07-09 00:00:00+00:00,2366.5,2378.300048828125,2356.0,2367.89990234375,252489.0
2024-07-10 00:00:00+00:00,2371.0,2393.39990234375,2369.699951171875,2379.699951171875,163900.0
2024-07-11 00:00:00+00:00,2377.39990234375,2430.39990234375,2376.800048828125,2421.89990234375,303520.0
2024-07-12 00:00:00+00:00,2421.0,2423.199951171875,2396.10009765625,2420.699951171875,220933.0
2024-07-15 00:00:00+00:00,2419.300048828125,2445.0,2406.10009765625,2428.89990234375,193535.0
2024-07-16 00:00:00+00:00,2427.10009765625,2474.5,2424.5,2467.800048828125,246085.0
2024-07-17 00:00:00+00:00,2473.199951171875,2488.39990234375,2455.5,2459.89990234375,259540.0
2024-07-18 00:00:00+00:00,2462.5,2478.5,2442.89990234375,2456.39990234375,192770.0
2024-07-19 00:00:00+00:00,2448.0,2448.39990234375,2395.699951171875,2399.10009765625,254408.0
2024-07-22 00:00:00+00:00,2403.699951171875,2414.39990234375,2385.199951171875,2394.699951171875,197562.0
2024-07-23 00:00:00+00:00,2398.0,2413.5,2389.199951171875,2407.300048828125,171191.0
2024-07-24 00:00:00+00:00,2410.699951171875,2433.0,2397.0,2415.699951171875,245884.0
2024-07-25 00:00:00+00:00,2398.10009765625,2400.800048828125,2351.89990234375,2353.5,294897.0
2024-07-26 00:00:00+00:00,2363.800048828125,2389.699951171875,2354.60009765625,2381.0,154523.0
2024-07-29 00:00:00+00:00,2386.89990234375,2402.10009765625,2367.300048828125,2377.800048828125,126409.0
2024-07-30 00:00:00+00:00,2380.89990234375,2409.300048828125,2373.800048828125,2405.0,25944.0
2024-07-31 00:00:00+00:00,2407.10009765625,2447.60009765625,2402.800048828125,2426.5,176268.0
2024-08-01 00:00:00+00:00,2493.39990234375,2506.60009765625,2474.0,2480.800048828125,219834.0
2024-08-02 00:00:00+00:00,2490.800048828125,2522.5,2453.10009765625,2469.800048828125,309937.0
2024-08-05 00:00:00+00:00,2490.300048828125,2500.800048828125,2403.800048828125,2444.39990234375,352229.0
2024-08-06 00:00:00+00:00,2451.699951171875,2459.5,2421.800048828125,2431.60009765625,186107.0
2024-08-07 00:00:00+00:00,2432.60009765625,2447.300048828125,2418.800048828125,2432.39990234375,166078.0
2024-08-08 00:00:00+00:00,2422.800048828125,2467.89990234375,2420.199951171875,2463.300048828125,178509.0
2024-08-09 00:00:00+00:00,2467.300048828125,2476.5,2456.10009765625,2473.39990234375,152173.0
2024-08-12 00:00:00+00:00,2470.10009765625,2513.39990234375,2462.699951171875,2504.0,171204.0
2024-08-13 00:00:00+00:00,2512.60009765625,2517.300048828125,2498.199951171875,2507.800048828125,155078.0
2024-08-14 00:00:00+00:00,2506.300048828125,2519.699951171875,2476.199951171875,2479.699951171875,187384.0
2024-08-15 00:00:00+00:00,2486.199951171875,2508.0,2469.199951171875,2492.39990234375,169322.0
2024-08-16 00:00:00+00:00,2494.39990234375,2548.300048828125,2488.199951171875,2537.800048828125,223934.0
2024-08-19 00:00:00+00:00,2549.699951171875,2549.89990234375,2523.699951171875,2541.300048828125,155994.0
2024-08-20 00:00:00+00:00,2542.39990234375,2570.39990234375,2535.10009765625,2550.60009765625,191196.0
2024-08-21 00:00:00+00:00,2552.199951171875,2558.0,2528.199951171875,2547.5,148894.0
2024-08-22 00:00:00+00:00,2549.89990234375,2551.39990234375,2506.39990234375,2516.699951171875,177369.0
2024-08-23 00:00:00+00:00,2521.10009765625,2554.5,2519.800048828125,2546.300048828125,164613.0
2024-08-26 00:00:00+00:00,2545.10009765625,2563.199951171875,2544.0,2555.199951171875,127485.0
2024-08-27 00:00:00+00:00,2553.800048828125,2561.39990234375,2538.5,2552.89990234375,146222.0
2024-08-28 00:00:00+00:00,2559.800048828125,2564.300048828125,2527.800048828125,2537.800048828125,165123.0
2024-08-29 00:00:00+00:00,2539.199951171875,2562.199951171875,2536.5,2560.300048828125,159965.0
2024-08-30 00:00:00+00:00,2553.60009765625,2560.10009765625,2526.60009765625,2527.60009765625,175644.0
2024-09-03 00:00:00+00:00,2536.0,2539.5,2504.39990234375,2523.0,273539.0
2024-09-04 00:00:00+00:00,2524.60009765625,2531.5,2502.699951171875,2526.0,167957.0
2024-09-05 00:00:00+00:00,2526.39990234375,2554.0,2523.699951171875,2543.10009765625,152709.0
2024-09-06 00:00:00+00:00,2547.10009765625,2559.800048828125,2513.89990234375,2524.60009765625,228117.0
2024-09-09 00:00:00+00:00,2526.5,2536.5,2514.199951171875,2532.699951171875,140583.0
2024-09-10 00:00:00+00:00,2536.0,2547.5,2528.89990234375,2543.10009765625,156108.0
2024-09-11 00:00:00+00:00,2545.699951171875,2558.0,2529.0,2542.39990234375,194085.0
2024-09-12 00:00:00+00:00,2540.60009765625,2588.5,2538.699951171875,2580.60009765625,233679.0
2024-09-13 00:00:00+00:00,2587.5,2614.60009765625,2585.0,2610.699951171875,174674.0
2024-09-16 00:00:00+00:00,2608.0,2617.39990234375,2602.5,2608.89990234375,127576.0
2024-09-17 00:00:00+00:00,2609.800048828125,2613.699951171875,2587.300048828125,2592.39990234375,159525.0
2024-09-18 00:00:00+00:00,2596.0,2627.199951171875,2572.5,2598.60009765625,233128.0
2024-09-19 00:00:00+00:00,2585.10009765625,2620.5,2575.300048828125,2614.60009765625,204475.0
2024-09-20 00:00:00+00:00,2611.199951171875,2651.0,2608.699951171875,2646.199951171875,207209.0
2024-09-23 00:00:00+00:00,2646.199951171875,2659.800048828125,2638.60009765625,2652.5,170494.0
2024-09-24 00:00:00+00:00,2653.300048828125,2689.39990234375,2647.10009765625,2677.0,216553.0
2024-09-25 00:00:00+00:00,2682.800048828125,2694.89990234375,2673.39990234375,2684.699951171875,189943.0
2024-09-26 00:00:00+00:00,2681.199951171875,2708.699951171875,2677.5,2694.89990234375,217643.0
2024-09-27 00:00:00+00:00,2695.10009765625,2696.89990234375,2665.300048828125,2668.10009765625,196732.0
2024-09-30 00:00:00+00:00,2680.5,2687.699951171875,2646.199951171875,2659.39990234375,173252.0
2024-10-01 00:00:00+00:00,2656.10009765625,2694.699951171875,2653.800048828125,2690.300048828125,202756.0
2024-10-02 00:00:00+00:00,2684.60009765625,2684.800048828125,2662.10009765625,2669.699951171875,128680.0
2024-10-03 00:00:00+00:00,2679.89990234375,2683.39990234375,2657.800048828125,2679.199951171875,138551.0
2024-10-04 00:00:00+00:00,2675.699951171875,2690.60009765625,2651.60009765625,2667.800048828125,192656.0
2024-10-07 00:00:00+00:00,2671.699951171875,2679.199951171875,2657.300048828125,2666.0,130705.0
2024-10-08 00:00:00+00:00,2662.800048828125,2672.39990234375,2623.39990234375,2635.39990234375,233849.0
2024-10-09 00:00:00+00:00,2640.699951171875,2642.89990234375,2622.800048828125,2626.0,143000.0
2024-10-10 00:00:00+00:00,2625.800048828125,2648.89990234375,2618.800048828125,2639.300048828125,195581.0
2024-10-11 00:00:00+00:00,2647.39990234375,2679.0,2645.300048828125,2676.300048828125,168597.0
2024-10-14 00:00:00+00:00,2673.10009765625,2684.199951171875,2660.0,2665.60009765625,123361.0
2024-10-15 00:00:00+00:00,2663.5,2685.89990234375,2654.39990234375,2678.89990234375,160564.0
2024-10-16 00:00:00+00:00,2679.5,2702.5,2674.89990234375,2691.300048828125,156877.0
2024-10-17 00:00:00+00:00,2690.39990234375,2712.699951171875,2688.199951171875,2707.5,181816.0
2024-10-18 00:00:00+00:00,2707.800048828125,2737.800048828125,2707.300048828125,2730.0,178959.0
2024-10-21 00:00:00+00:00,2736.300048828125,2755.39990234375,2728.5,2738.89990234375,210450.0
2024-10-22 00:00:00+00:00,2734.699951171875,2763.300048828125,2733.5,2759.800048828125,173695.0
2024-10-23 00:00:00+00:00,2762.60009765625,2772.60009765625,2722.10009765625,2729.39990234375,214515.0
2024-10-24 00:00:00+00:00,2729.199951171875,2756.300048828125,2728.699951171875,2748.89990234375,175872.0
2024-10-25 00:00:00+00:00,2748.60009765625,2760.89990234375,2729.10009765625,2754.60009765625,153487.0
2024-10-28 00:00:00+00:00,2749.199951171875,2758.300048828125,2736.89990234375,2755.89990234375,161907.0
2024-10-29 00:00:00+00:00,2754.300048828125,2787.699951171875,2752.0,2781.10009765625,207424.0
2024-10-30 00:00:00+00:00,2786.89990234375,2801.800048828125,2782.39990234375,2800.800048828125,191549.0
2024-10-31 00:00:00+00:00,2799.10009765625,2801.199951171875,2741.800048828125,2749.300048828125,242571.0
2024-11-01 00:00:00+00:00,2754.0,2772.39990234375,2742.60009765625,2749.199951171875,180660.0
2024-11-04 00:00:00+00:00,2743.5,2757.5,2739.39990234375,2746.199951171875,145248.0
2024-11-05 00:00:00+00:00,2746.0,2759.5,2733.39990234375,2749.699951171875,151434.0
